CPU Reset (CPU 0)
EAX=00000000 EBX=00000000 ECX=00000000 EDX=00000000
ESI=00000000 EDI=00000000 EBP=00000000 ESP=00000000
EIP=00000000 EFL=00000000 [-------] CPL=0 II=0 A20=0 SMM=0 HLT=0
ES =0000 00000000 00000000 00000000
CS =0000 00000000 00000000 00000000
SS =0000 00000000 00000000 00000000
DS =0000 00000000 00000000 00000000
FS =0000 00000000 00000000 00000000
GS =0000 00000000 00000000 00000000
LDT=0000 00000000 00000000 00000000
TR =0000 00000000 00000000 00000000
GDT=     00000000 00000000
IDT=     00000000 00000000
CR0=00000000 CR2=00000000 CR3=00000000 CR4=00000000
DR0=0000000000000000 DR1=0000000000000000 DR2=0000000000000000 DR3=0000000000000000 
DR6=0000000000000000 DR7=0000000000000000
CCS=00000000 CCD=00000000 CCO=DYNAMIC
EFER=0000000000000000
FCW=0000 FSW=0000 [ST=0] FTW=ff MXCSR=00000000
FPR0=0000000000000000 0000 FPR1=0000000000000000 0000
FPR2=0000000000000000 0000 FPR3=0000000000000000 0000
FPR4=0000000000000000 0000 FPR5=0000000000000000 0000
FPR6=0000000000000000 0000 FPR7=0000000000000000 0000
XMM00=0000000000000000 0000000000000000 XMM01=0000000000000000 0000000000000000
XMM02=0000000000000000 0000000000000000 XMM03=0000000000000000 0000000000000000
XMM04=0000000000000000 0000000000000000 XMM05=0000000000000000 0000000000000000
XMM06=0000000000000000 0000000000000000 XMM07=0000000000000000 0000000000000000
CPU Reset (CPU 0)
EAX=00000000 EBX=00000000 ECX=00000000 EDX=00060fb1
ESI=00000000 EDI=00000000 EBP=00000000 ESP=00000000
EIP=0000fff0 EFL=00000002 [-------] CPL=0 II=0 A20=1 SMM=0 HLT=0
ES =0000 00000000 0000ffff 00009300
CS =f000 ffff0000 0000ffff 00009b00
SS =0000 00000000 0000ffff 00009300
DS =0000 00000000 0000ffff 00009300
FS =0000 00000000 0000ffff 00009300
GS =0000 00000000 0000ffff 00009300
LDT=0000 00000000 0000ffff 00008200
TR =0000 00000000 0000ffff 00008b00
GDT=     00000000 0000ffff
IDT=     00000000 0000ffff
CR0=60000010 CR2=00000000 CR3=00000000 CR4=00000000
DR0=0000000000000000 DR1=0000000000000000 DR2=0000000000000000 DR3=0000000000000000 
DR6=00000000ffff0ff0 DR7=0000000000000400
CCS=00000000 CCD=00000000 CCO=DYNAMIC
EFER=0000000000000000
FCW=037f FSW=0000 [ST=0] FTW=00 MXCSR=00001f80
FPR0=0000000000000000 0000 FPR1=0000000000000000 0000
FPR2=0000000000000000 0000 FPR3=0000000000000000 0000
FPR4=0000000000000000 0000 FPR5=0000000000000000 0000
FPR6=0000000000000000 0000 FPR7=0000000000000000 0000
XMM00=0000000000000000 0000000000000000 XMM01=0000000000000000 0000000000000000
XMM02=0000000000000000 0000000000000000 XMM03=0000000000000000 0000000000000000
XMM04=0000000000000000 0000000000000000 XMM05=0000000000000000 0000000000000000
XMM06=0000000000000000 0000000000000000 XMM07=0000000000000000 0000000000000000
SMM: enter
EAX=00000001 EBX=00000000 ECX=02000000 EDX=02000628
ESI=0000000b EDI=02000000 EBP=00014900 ESP=00006c5c
EIP=000e9bb1 EFL=00000002 [-------] CPL=0 II=0 A20=1 SMM=0 HLT=0
ES =0010 00000000 ffffffff 00cf9300 DPL=0 DS   [-WA]
CS =0008 00000000 ffffffff 00cf9b00 DPL=0 CS32 [-RA]
SS =0010 00000000 ffffffff 00cf9300 DPL=0 DS   [-WA]
DS =0010 00000000 ffffffff 00cf9300 DPL=0 DS   [-WA]
FS =0010 00000000 ffffffff 00cf9300 DPL=0 DS   [-WA]
GS =0010 00000000 ffffffff 00cf9300 DPL=0 DS   [-WA]
LDT=0000 00000000 0000ffff 00008200 DPL=0 LDT
TR =0000 00000000 0000ffff 00008b00 DPL=0 TSS32-busy
GDT=     000f6180 00000037
IDT=     000f61be 00000000
CR0=00000011 CR2=00000000 CR3=00000000 CR4=00000000
DR0=0000000000000000 DR1=0000000000000000 DR2=0000000000000000 DR3=0000000000000000 
DR6=00000000ffff0ff0 DR7=0000000000000400
CCS=00000080 CCD=00000001 CCO=LOGICB
EFER=0000000000000000
SMM: after RSM
EAX=00000001 EBX=00000000 ECX=02000000 EDX=02000628
ESI=0000000b EDI=02000000 EBP=00014900 ESP=00006c5c
EIP=000e9bb1 EFL=00000002 [-------] CPL=0 II=0 A20=1 SMM=0 HLT=0
ES =0010 00000000 ffffffff 00c09300 DPL=0 DS   [-WA]
CS =0008 00000000 ffffffff 00c09b00 DPL=0 CS32 [-RA]
SS =0010 00000000 ffffffff 00c09300 DPL=0 DS   [-WA]
DS =0010 00000000 ffffffff 00c09300 DPL=0 DS   [-WA]
FS =0010 00000000 ffffffff 00c09300 DPL=0 DS   [-WA]
GS =0010 00000000 ffffffff 00c09300 DPL=0 DS   [-WA]
LDT=0000 00000000 0000ffff 00008200 DPL=0 LDT
TR =0000 00000000 0000ffff 00008b00 DPL=0 TSS32-busy
GDT=     000f6180 00000037
IDT=     000f61be 00000000
CR0=00000011 CR2=00000000 CR3=00000000 CR4=00000000
DR0=0000000000000000 DR1=0000000000000000 DR2=0000000000000000 DR3=0000000000000000 
DR6=00000000ffff0ff0 DR7=0000000000000400
CCS=00000000 CCD=00000000 CCO=EFLAGS
EFER=0000000000000000
SMM: enter
EAX=000000b5 EBX=000f7d2a ECX=00001234 EDX=00006cff
ESI=00006cb8 EDI=07fbec71 EBP=00006c78 ESP=00006c78
EIP=00007d29 EFL=00000006 [-----P-] CPL=0 II=0 A20=1 SMM=0 HLT=0
ES =d980 000d9800 ffffffff 008f9300
CS =f000 000f0000 ffffffff 008f9b00
SS =0000 00000000 ffffffff 008f9300
DS =0000 00000000 ffffffff 008f9300
FS =0000 00000000 ffffffff 008f9300
GS =0000 00000000 ffffffff 008f9300
LDT=0000 00000000 0000ffff 00008200
TR =0000 00000000 0000ffff 00008b00
GDT=     00000000 00000000
IDT=     00000000 000003ff
CR0=00000010 CR2=00000000 CR3=00000000 CR4=00000000
DR0=0000000000000000 DR1=0000000000000000 DR2=0000000000000000 DR3=0000000000000000 
DR6=00000000ffff0ff0 DR7=0000000000000400
CCS=00000004 CCD=00006c78 CCO=EFLAGS
EFER=0000000000000000
SMM: after RSM
EAX=000000b5 EBX=000f7d2a ECX=00001234 EDX=00006cff
ESI=00006cb8 EDI=07fbec71 EBP=00006c78 ESP=00006c78
EIP=000f7d2a EFL=00000002 [-------] CPL=0 II=0 A20=1 SMM=0 HLT=0
ES =0010 00000000 ffffffff 00c09300 DPL=0 DS   [-WA]
CS =0008 00000000 ffffffff 00c09b00 DPL=0 CS32 [-RA]
SS =0010 00000000 ffffffff 00c09300 DPL=0 DS   [-WA]
DS =0010 00000000 ffffffff 00c09300 DPL=0 DS   [-WA]
FS =0010 00000000 ffffffff 00c09300 DPL=0 DS   [-WA]
GS =0010 00000000 ffffffff 00c09300 DPL=0 DS   [-WA]
LDT=0000 00000000 0000ffff 00008200 DPL=0 LDT
TR =0000 00000000 0000ffff 00008b00 DPL=0 TSS32-busy
GDT=     000f6180 00000037
IDT=     000f61be 00000000
CR0=00000011 CR2=00000000 CR3=00000000 CR4=00000000
DR0=0000000000000000 DR1=0000000000000000 DR2=0000000000000000 DR3=0000000000000000 
DR6=00000000ffff0ff0 DR7=0000000000000400
CCS=00000000 CCD=00000000 CCO=EFLAGS
EFER=0000000000000000
SMM: enter
EAX=000000b5 EBX=00007d44 ECX=00005678 EDX=07fa91c0
ESI=000e8d00 EDI=07fbec71 EBP=00006c78 ESP=00006c78
EIP=000f7d43 EFL=00000012 [----A--] CPL=0 II=0 A20=1 SMM=0 HLT=0
ES =0010 00000000 ffffffff 00c09300 DPL=0 DS   [-WA]
CS =0008 00000000 ffffffff 00c09b00 DPL=0 CS32 [-RA]
SS =0010 00000000 ffffffff 00c09300 DPL=0 DS   [-WA]
DS =0010 00000000 ffffffff 00c09300 DPL=0 DS   [-WA]
FS =0010 00000000 ffffffff 00c09300 DPL=0 DS   [-WA]
GS =0010 00000000 ffffffff 00c09300 DPL=0 DS   [-WA]
LDT=0000 00000000 0000ffff 00008200 DPL=0 LDT
TR =0000 00000000 0000ffff 00008b00 DPL=0 TSS32-busy
GDT=     000f6180 00000037
IDT=     000f61be 00000000
CR0=00000011 CR2=00000000 CR3=00000000 CR4=00000000
DR0=0000000000000000 DR1=0000000000000000 DR2=0000000000000000 DR3=0000000000000000 
DR6=00000000ffff0ff0 DR7=0000000000000400
CCS=00000010 CCD=00006c64 CCO=EFLAGS
EFER=0000000000000000
SMM: after RSM
EAX=000000b5 EBX=00007d44 ECX=00005678 EDX=07fa91c0
ESI=000e8d00 EDI=07fbec71 EBP=00006c78 ESP=00006c78
EIP=00007d44 EFL=00000006 [-----P-] CPL=0 II=0 A20=1 SMM=0 HLT=0
ES =d980 000d9800 ffffffff 00809300
CS =f000 000f0000 ffffffff 00809b00
SS =0000 00000000 ffffffff 00809300
DS =0000 00000000 ffffffff 00809300
FS =0000 00000000 ffffffff 00809300
GS =0000 00000000 ffffffff 00809300
LDT=0000 00000000 0000ffff 00008200
TR =0000 00000000 0000ffff 00008b00
GDT=     00000000 00000000
IDT=     00000000 000003ff
CR0=00000010 CR2=00000000 CR3=00000000 CR4=00000000
DR0=0000000000000000 DR1=0000000000000000 DR2=0000000000000000 DR3=0000000000000000 
DR6=00000000ffff0ff0 DR7=0000000000000400
CCS=00000004 CCD=00000001 CCO=EFLAGS
EFER=0000000000000000
SMM: enter
EAX=000000b5 EBX=000f7d2a ECX=00001234 EDX=000069ff
ESI=0000699e EDI=07fbec71 EBP=0000695e ESP=0000695e
EIP=00007d29 EFL=00000002 [-------] CPL=0 II=0 A20=1 SMM=0 HLT=0
ES =d980 000d9800 ffffffff 008f9300
CS =f000 000f0000 ffffffff 008f9b00
SS =0000 00000000 ffffffff 008f9300
DS =0000 00000000 ffffffff 008f9300
FS =0000 00000000 ffffffff 008f9300
GS =ca00 000ca000 ffffffff 008f9300
LDT=0000 00000000 0000ffff 00008200
TR =0000 00000000 0000ffff 00008b00
GDT=     00000000 00000000
IDT=     00000000 000003ff
CR0=00000010 CR2=00000000 CR3=00000000 CR4=00000000
DR0=0000000000000000 DR1=0000000000000000 DR2=0000000000000000 DR3=0000000000000000 
DR6=00000000ffff0ff0 DR7=0000000000000400
CCS=00000000 CCD=0000695e CCO=EFLAGS
EFER=0000000000000000
SMM: after RSM
EAX=000000b5 EBX=000f7d2a ECX=00001234 EDX=000069ff
ESI=0000699e EDI=07fbec71 EBP=0000695e ESP=0000695e
EIP=000f7d2a EFL=00000002 [-------] CPL=0 II=0 A20=1 SMM=0 HLT=0
ES =0010 00000000 ffffffff 00c09300 DPL=0 DS   [-WA]
CS =0008 00000000 ffffffff 00c09b00 DPL=0 CS32 [-RA]
SS =0010 00000000 ffffffff 00c09300 DPL=0 DS   [-WA]
DS =0010 00000000 ffffffff 00c09300 DPL=0 DS   [-WA]
FS =0010 00000000 ffffffff 00c09300 DPL=0 DS   [-WA]
GS =0010 00000000 ffffffff 00c09300 DPL=0 DS   [-WA]
LDT=0000 00000000 0000ffff 00008200 DPL=0 LDT
TR =0000 00000000 0000ffff 00008b00 DPL=0 TSS32-busy
GDT=     000f6180 00000037
IDT=     000f61be 00000000
CR0=00000011 CR2=00000000 CR3=00000000 CR4=00000000
DR0=0000000000000000 DR1=0000000000000000 DR2=0000000000000000 DR3=0000000000000000 
DR6=00000000ffff0ff0 DR7=0000000000000400
CCS=00000000 CCD=00000000 CCO=EFLAGS
EFER=0000000000000000
SMM: enter
EAX=000000b5 EBX=00007d44 ECX=00005678 EDX=00000005
ESI=00000000 EDI=07fbec71 EBP=0000695e ESP=0000695e
EIP=000f7d43 EFL=00000012 [----A--] CPL=0 II=0 A20=1 SMM=0 HLT=0
ES =0010 00000000 ffffffff 00c09300 DPL=0 DS   [-WA]
CS =0008 00000000 ffffffff 00c09b00 DPL=0 CS32 [-RA]
SS =0010 00000000 ffffffff 00c09300 DPL=0 DS   [-WA]
DS =0010 00000000 ffffffff 00c09300 DPL=0 DS   [-WA]
FS =0010 00000000 ffffffff 00c09300 DPL=0 DS   [-WA]
GS =0010 00000000 ffffffff 00c09300 DPL=0 DS   [-WA]
LDT=0000 00000000 0000ffff 00008200 DPL=0 LDT
TR =0000 00000000 0000ffff 00008b00 DPL=0 TSS32-busy
GDT=     000f6180 00000037
IDT=     000f61be 00000000
CR0=00000011 CR2=00000000 CR3=00000000 CR4=00000000
DR0=0000000000000000 DR1=0000000000000000 DR2=0000000000000000 DR3=0000000000000000 
DR6=00000000ffff0ff0 DR7=0000000000000400
CCS=00000010 CCD=0000694a CCO=EFLAGS
EFER=0000000000000000
SMM: after RSM
EAX=000000b5 EBX=00007d44 ECX=00005678 EDX=00000005
ESI=00000000 EDI=07fbec71 EBP=0000695e ESP=0000695e
EIP=00007d44 EFL=00000002 [-------] CPL=0 II=0 A20=1 SMM=0 HLT=0
ES =d980 000d9800 ffffffff 00809300
CS =f000 000f0000 ffffffff 00809b00
SS =0000 00000000 ffffffff 00809300
DS =0000 00000000 ffffffff 00809300
FS =0000 00000000 ffffffff 00809300
GS =ca00 000ca000 ffffffff 00809300
LDT=0000 00000000 0000ffff 00008200
TR =0000 00000000 0000ffff 00008b00
GDT=     00000000 00000000
IDT=     00000000 000003ff
CR0=00000010 CR2=00000000 CR3=00000000 CR4=00000000
DR0=0000000000000000 DR1=0000000000000000 DR2=0000000000000000 DR3=0000000000000000 
DR6=00000000ffff0ff0 DR7=0000000000000400
CCS=00000000 CCD=00000001 CCO=EFLAGS
EFER=0000000000000000
SMM: enter
EAX=000000b5 EBX=000f7d2a ECX=00001234 EDX=000069ff
ESI=00006998 EDI=07fbec71 EBP=00006958 ESP=00006958
EIP=00007d29 EFL=00000002 [-------] CPL=0 II=0 A20=1 SMM=0 HLT=0
ES =d980 000d9800 ffffffff 00809300
CS =f000 000f0000 ffffffff 00809b00
SS =0000 00000000 ffffffff 00809300
DS =0000 00000000 ffffffff 00809300
FS =0000 00000000 ffffffff 00809300
GS =ca00 000ca000 ffffffff 00809300
LDT=0000 00000000 0000ffff 00008200
TR =0000 00000000 0000ffff 00008b00
GDT=     00000000 00000000
IDT=     00000000 000003ff
CR0=00000010 CR2=00000000 CR3=00000000 CR4=00000000
DR0=0000000000000000 DR1=0000000000000000 DR2=0000000000000000 DR3=0000000000000000 
DR6=00000000ffff0ff0 DR7=0000000000000400
CCS=00000000 CCD=00006958 CCO=EFLAGS
EFER=0000000000000000
SMM: after RSM
EAX=000000b5 EBX=000f7d2a ECX=00001234 EDX=000069ff
ESI=00006998 EDI=07fbec71 EBP=00006958 ESP=00006958
EIP=000f7d2a EFL=00000002 [-------] CPL=0 II=0 A20=1 SMM=0 HLT=0
ES =0010 00000000 ffffffff 00c09300 DPL=0 DS   [-WA]
CS =0008 00000000 ffffffff 00c09b00 DPL=0 CS32 [-RA]
SS =0010 00000000 ffffffff 00c09300 DPL=0 DS   [-WA]
DS =0010 00000000 ffffffff 00c09300 DPL=0 DS   [-WA]
FS =0010 00000000 ffffffff 00c09300 DPL=0 DS   [-WA]
GS =0010 00000000 ffffffff 00c09300 DPL=0 DS   [-WA]
LDT=0000 00000000 0000ffff 00008200 DPL=0 LDT
TR =0000 00000000 0000ffff 00008b00 DPL=0 TSS32-busy
GDT=     000f6180 00000037
IDT=     000f61be 00000000
CR0=00000011 CR2=00000000 CR3=00000000 CR4=00000000
DR0=0000000000000000 DR1=0000000000000000 DR2=0000000000000000 DR3=0000000000000000 
DR6=00000000ffff0ff0 DR7=0000000000000400
CCS=00000000 CCD=00000000 CCO=EFLAGS
EFER=0000000000000000
SMM: enter
EAX=000000b5 EBX=00007d44 ECX=00005678 EDX=00000003
ESI=07f8b590 EDI=07fbec71 EBP=00006958 ESP=00006958
EIP=000f7d43 EFL=00000016 [----AP-] CPL=0 II=0 A20=1 SMM=0 HLT=0
ES =0010 00000000 ffffffff 00c09300 DPL=0 DS   [-WA]
CS =0008 00000000 ffffffff 00c09b00 DPL=0 CS32 [-RA]
SS =0010 00000000 ffffffff 00c09300 DPL=0 DS   [-WA]
DS =0010 00000000 ffffffff 00c09300 DPL=0 DS   [-WA]
FS =0010 00000000 ffffffff 00c09300 DPL=0 DS   [-WA]
GS =0010 00000000 ffffffff 00c09300 DPL=0 DS   [-WA]
LDT=0000 00000000 0000ffff 00008200 DPL=0 LDT
TR =0000 00000000 0000ffff 00008b00 DPL=0 TSS32-busy
GDT=     000f6180 00000037
IDT=     000f61be 00000000
CR0=00000011 CR2=00000000 CR3=00000000 CR4=00000000
DR0=0000000000000000 DR1=0000000000000000 DR2=0000000000000000 DR3=0000000000000000 
DR6=00000000ffff0ff0 DR7=0000000000000400
CCS=00000014 CCD=00006944 CCO=EFLAGS
EFER=0000000000000000
SMM: after RSM
EAX=000000b5 EBX=00007d44 ECX=00005678 EDX=00000003
ESI=07f8b590 EDI=07fbec71 EBP=00006958 ESP=00006958
EIP=00007d44 EFL=00000002 [-------] CPL=0 II=0 A20=1 SMM=0 HLT=0
ES =d980 000d9800 ffffffff 00809300
CS =f000 000f0000 ffffffff 00809b00
SS =0000 00000000 ffffffff 00809300
DS =0000 00000000 ffffffff 00809300
FS =0000 00000000 ffffffff 00809300
GS =ca00 000ca000 ffffffff 00809300
LDT=0000 00000000 0000ffff 00008200
TR =0000 00000000 0000ffff 00008b00
GDT=     00000000 00000000
IDT=     00000000 000003ff
CR0=00000010 CR2=00000000 CR3=00000000 CR4=00000000
DR0=0000000000000000 DR1=0000000000000000 DR2=0000000000000000 DR3=0000000000000000 
DR6=00000000ffff0ff0 DR7=0000000000000400
CCS=00000000 CCD=00000001 CCO=EFLAGS
EFER=0000000000000000
SMM: enter
EAX=000000b5 EBX=000f7d2a ECX=00001234 EDX=000069ff
ESI=0000699e EDI=07fbec71 EBP=0000695e ESP=0000695e
EIP=00007d29 EFL=00000002 [-------] CPL=0 II=0 A20=1 SMM=0 HLT=0
ES =d980 000d9800 ffffffff 00809300
CS =f000 000f0000 ffffffff 00809b00
SS =0000 00000000 ffffffff 00809300
DS =0000 00000000 ffffffff 00809300
FS =0000 00000000 ffffffff 00809300
GS =ca00 000ca000 ffffffff 00809300
LDT=0000 00000000 0000ffff 00008200
TR =0000 00000000 0000ffff 00008b00
GDT=     00000000 00000000
IDT=     00000000 000003ff
CR0=00000010 CR2=00000000 CR3=00000000 CR4=00000000
DR0=0000000000000000 DR1=0000000000000000 DR2=0000000000000000 DR3=0000000000000000 
DR6=00000000ffff0ff0 DR7=0000000000000400
CCS=00000000 CCD=0000695e CCO=EFLAGS
EFER=0000000000000000
SMM: after RSM
EAX=000000b5 EBX=000f7d2a ECX=00001234 EDX=000069ff
ESI=0000699e EDI=07fbec71 EBP=0000695e ESP=0000695e
EIP=000f7d2a EFL=00000002 [-------] CPL=0 II=0 A20=1 SMM=0 HLT=0
ES =0010 00000000 ffffffff 00c09300 DPL=0 DS   [-WA]
CS =0008 00000000 ffffffff 00c09b00 DPL=0 CS32 [-RA]
SS =0010 00000000 ffffffff 00c09300 DPL=0 DS   [-WA]
DS =0010 00000000 ffffffff 00c09300 DPL=0 DS   [-WA]
FS =0010 00000000 ffffffff 00c09300 DPL=0 DS   [-WA]
GS =0010 00000000 ffffffff 00c09300 DPL=0 DS   [-WA]
LDT=0000 00000000 0000ffff 00008200 DPL=0 LDT
TR =0000 00000000 0000ffff 00008b00 DPL=0 TSS32-busy
GDT=     000f6180 00000037
IDT=     000f61be 00000000
CR0=00000011 CR2=00000000 CR3=00000000 CR4=00000000
DR0=0000000000000000 DR1=0000000000000000 DR2=0000000000000000 DR3=0000000000000000 
DR6=00000000ffff0ff0 DR7=0000000000000400
CCS=00000000 CCD=00000000 CCO=EFLAGS
EFER=0000000000000000
SMM: enter
EAX=000000b5 EBX=00007d44 ECX=00005678 EDX=00000005
ESI=00000000 EDI=07fbec71 EBP=0000695e ESP=0000695e
EIP=000f7d43 EFL=00000012 [----A--] CPL=0 II=0 A20=1 SMM=0 HLT=0
ES =0010 00000000 ffffffff 00c09300 DPL=0 DS   [-WA]
CS =0008 00000000 ffffffff 00c09b00 DPL=0 CS32 [-RA]
SS =0010 00000000 ffffffff 00c09300 DPL=0 DS   [-WA]
DS =0010 00000000 ffffffff 00c09300 DPL=0 DS   [-WA]
FS =0010 00000000 ffffffff 00c09300 DPL=0 DS   [-WA]
GS =0010 00000000 ffffffff 00c09300 DPL=0 DS   [-WA]
LDT=0000 00000000 0000ffff 00008200 DPL=0 LDT
TR =0000 00000000 0000ffff 00008b00 DPL=0 TSS32-busy
GDT=     000f6180 00000037
IDT=     000f61be 00000000
CR0=00000011 CR2=00000000 CR3=00000000 CR4=00000000
DR0=0000000000000000 DR1=0000000000000000 DR2=0000000000000000 DR3=0000000000000000 
DR6=00000000ffff0ff0 DR7=0000000000000400
CCS=00000010 CCD=0000694a CCO=EFLAGS
EFER=0000000000000000
SMM: after RSM
EAX=000000b5 EBX=00007d44 ECX=00005678 EDX=00000005
ESI=00000000 EDI=07fbec71 EBP=0000695e ESP=0000695e
EIP=00007d44 EFL=00000002 [-------] CPL=0 II=0 A20=1 SMM=0 HLT=0
ES =d980 000d9800 ffffffff 00809300
CS =f000 000f0000 ffffffff 00809b00
SS =0000 00000000 ffffffff 00809300
DS =0000 00000000 ffffffff 00809300
FS =0000 00000000 ffffffff 00809300
GS =ca00 000ca000 ffffffff 00809300
LDT=0000 00000000 0000ffff 00008200
TR =0000 00000000 0000ffff 00008b00
GDT=     00000000 00000000
IDT=     00000000 000003ff
CR0=00000010 CR2=00000000 CR3=00000000 CR4=00000000
DR0=0000000000000000 DR1=0000000000000000 DR2=0000000000000000 DR3=0000000000000000 
DR6=00000000ffff0ff0 DR7=0000000000000400
CCS=00000000 CCD=00000001 CCO=EFLAGS
EFER=0000000000000000
SMM: enter
EAX=000000b5 EBX=000f7d2a ECX=00001234 EDX=000069ff
ESI=00006998 EDI=07fbec71 EBP=00006958 ESP=00006958
EIP=00007d29 EFL=00000002 [-------] CPL=0 II=0 A20=1 SMM=0 HLT=0
ES =d980 000d9800 ffffffff 00809300
CS =f000 000f0000 ffffffff 00809b00
SS =0000 00000000 ffffffff 00809300
DS =0000 00000000 ffffffff 00809300
FS =0000 00000000 ffffffff 00809300
GS =ca00 000ca000 ffffffff 00809300
LDT=0000 00000000 0000ffff 00008200
TR =0000 00000000 0000ffff 00008b00
GDT=     00000000 00000000
IDT=     00000000 000003ff
CR0=00000010 CR2=00000000 CR3=00000000 CR4=00000000
DR0=0000000000000000 DR1=0000000000000000 DR2=0000000000000000 DR3=0000000000000000 
DR6=00000000ffff0ff0 DR7=0000000000000400
CCS=00000000 CCD=00006958 CCO=EFLAGS
EFER=0000000000000000
SMM: after RSM
EAX=000000b5 EBX=000f7d2a ECX=00001234 EDX=000069ff
ESI=00006998 EDI=07fbec71 EBP=00006958 ESP=00006958
EIP=000f7d2a EFL=00000002 [-------] CPL=0 II=0 A20=1 SMM=0 HLT=0
ES =0010 00000000 ffffffff 00c09300 DPL=0 DS   [-WA]
CS =0008 00000000 ffffffff 00c09b00 DPL=0 CS32 [-RA]
SS =0010 00000000 ffffffff 00c09300 DPL=0 DS   [-WA]
DS =0010 00000000 ffffffff 00c09300 DPL=0 DS   [-WA]
FS =0010 00000000 ffffffff 00c09300 DPL=0 DS   [-WA]
GS =0010 00000000 ffffffff 00c09300 DPL=0 DS   [-WA]
LDT=0000 00000000 0000ffff 00008200 DPL=0 LDT
TR =0000 00000000 0000ffff 00008b00 DPL=0 TSS32-busy
GDT=     000f6180 00000037
IDT=     000f61be 00000000
CR0=00000011 CR2=00000000 CR3=00000000 CR4=00000000
DR0=0000000000000000 DR1=0000000000000000 DR2=0000000000000000 DR3=0000000000000000 
DR6=00000000ffff0ff0 DR7=0000000000000400
CCS=00000000 CCD=00000000 CCO=EFLAGS
EFER=0000000000000000
SMM: enter
EAX=000000b5 EBX=00007d44 ECX=00005678 EDX=00000003
ESI=07ecb590 EDI=07fbec71 EBP=00006958 ESP=00006958
EIP=000f7d43 EFL=00000016 [----AP-] CPL=0 II=0 A20=1 SMM=0 HLT=0
ES =0010 00000000 ffffffff 00c09300 DPL=0 DS   [-WA]
CS =0008 00000000 ffffffff 00c09b00 DPL=0 CS32 [-RA]
SS =0010 00000000 ffffffff 00c09300 DPL=0 DS   [-WA]
DS =0010 00000000 ffffffff 00c09300 DPL=0 DS   [-WA]
FS =0010 00000000 ffffffff 00c09300 DPL=0 DS   [-WA]
GS =0010 00000000 ffffffff 00c09300 DPL=0 DS   [-WA]
LDT=0000 00000000 0000ffff 00008200 DPL=0 LDT
TR =0000 00000000 0000ffff 00008b00 DPL=0 TSS32-busy
GDT=     000f6180 00000037
IDT=     000f61be 00000000
CR0=00000011 CR2=00000000 CR3=00000000 CR4=00000000
DR0=0000000000000000 DR1=0000000000000000 DR2=0000000000000000 DR3=0000000000000000 
DR6=00000000ffff0ff0 DR7=0000000000000400
CCS=00000014 CCD=00006944 CCO=EFLAGS
EFER=0000000000000000
SMM: after RSM
EAX=000000b5 EBX=00007d44 ECX=00005678 EDX=00000003
ESI=07ecb590 EDI=07fbec71 EBP=00006958 ESP=00006958
EIP=00007d44 EFL=00000002 [-------] CPL=0 II=0 A20=1 SMM=0 HLT=0
ES =d980 000d9800 ffffffff 00809300
CS =f000 000f0000 ffffffff 00809b00
SS =0000 00000000 ffffffff 00809300
DS =0000 00000000 ffffffff 00809300
FS =0000 00000000 ffffffff 00809300
GS =ca00 000ca000 ffffffff 00809300
LDT=0000 00000000 0000ffff 00008200
TR =0000 00000000 0000ffff 00008b00
GDT=     00000000 00000000
IDT=     00000000 000003ff
CR0=00000010 CR2=00000000 CR3=00000000 CR4=00000000
DR0=0000000000000000 DR1=0000000000000000 DR2=0000000000000000 DR3=0000000000000000 
DR6=00000000ffff0ff0 DR7=0000000000000400
CCS=00000000 CCD=00000001 CCO=EFLAGS
EFER=0000000000000000
     0: v=20 e=0000 i=0 cpl=0 IP=0008:ffffffff80201919 pc=ffffffff80201919 SP=0010:ffffffff80213fc0 env->regs[R_EAX]=00000000000000ff
RAX=00000000000000ff RBX=0000000000000000 RCX=00000000000000ff RDX=0000000000000040
RSI=00000000000000ff RDI=0000000000000040 RBP=ffffffff80213fd0 RSP=ffffffff80213fc0
R8 =0000000000000000 R9 =0000000000000000 R10=0000000000000000 R11=0000000000000000
R12=0000000000000000 R13=0000000000000000 R14=0000000000000000 R15=0000000000000000
RIP=ffffffff80201919 RFL=00000292 [--S-A--] CPL=0 II=0 A20=1 SMM=0 HLT=0
ES =0010 0000000000000000 00000000 00209300 DPL=0 DS   [-WA]
CS =0008 0000000000000000 00000000 00209800 DPL=0 CS64 [---]
SS =0010 0000000000000000 00000000 00209300 DPL=0 DS   [-WA]
DS =0010 0000000000000000 00000000 00209300 DPL=0 DS   [-WA]
FS =0010 0000000000000000 00000000 00209300 DPL=0 DS   [-WA]
GS =0010 0000000000000000 00000000 00209300 DPL=0 DS   [-WA]
LDT=0000 0000000000000000 0000ffff 00008200 DPL=0 LDT
TR =0028 ffffffff80215100 00000068 00008900 DPL=0 TSS64-avl
GDT=     ffffffff802043d0 00000037
IDT=     ffffffff802151e0 00000fff
CR0=80000011 CR2=0000000000000000 CR3=0000000000206000 CR4=00000020
DR0=0000000000000000 DR1=0000000000000000 DR2=0000000000000000 DR3=0000000000000000 
DR6=00000000ffff0ff0 DR7=0000000000000400
CCS=0000000000000008 CCD=ffffffff80213fa8 CCO=SUBQ
EFER=0000000000000500
     1: v=20 e=0000 i=0 cpl=3 IP=001b:000000000040007c pc=000000000040007c SP=0023:00007fffffffffe8 env->regs[R_EAX]=ffffffff8021822d
RAX=ffffffff8021822d RBX=0000000000000000 RCX=0000000000000780 RDX=0000000000000008
RSI=00007ffffffffff0 RDI=ffffffff8021822d RBP=00007fffffffffe8 RSP=00007fffffffffe8
R8 =0000000000000000 R9 =0000000000000000 R10=0000000000000000 R11=0000000000000000
R12=0000000000000000 R13=0000000000000000 R14=0000000000000000 R15=0000000000000000
RIP=000000000040007c RFL=00000202 [-------] CPL=3 II=0 A20=1 SMM=0 HLT=0
ES =0000 0000000000000000 00000000 00201300
CS =001b 0000000000000000 ffffffff 00affa00 DPL=3 CS64 [-R-]
SS =0023 0000000000000000 ffffffff 008ff200 DPL=3 DS   [-W-]
DS =0000 0000000000000000 00000000 00201300
FS =0000 0000000000000000 00000000 00201300
GS =0000 0000000000000000 00000000 00201300
LDT=0000 0000000000000000 0000ffff 00008200 DPL=0 LDT
TR =0028 ffffffff80215100 00000068 00008900 DPL=0 TSS64-avl
GDT=     ffffffff802043d0 00000037
IDT=     ffffffff802151e0 00000fff
CR0=80000011 CR2=0000000000000000 CR3=0000000000206000 CR4=00000020
DR0=0000000000000000 DR1=0000000000000000 DR2=0000000000000000 DR3=0000000000000000 
DR6=00000000ffff0ff0 DR7=0000000000000400
CCS=0000000000000000 CCD=ffffffff80213fa8 CCO=EFLAGS
EFER=0000000000000500
     2: v=20 e=0000 i=0 cpl=3 IP=001b:000000000040007c pc=000000000040007c SP=0023:00007fffffffffe8 env->regs[R_EAX]=ffffffff8021822d
RAX=ffffffff8021822d RBX=0000000000000000 RCX=0000000000000780 RDX=0000000000000008
RSI=00007ffffffffff0 RDI=ffffffff8021822d RBP=00007fffffffffe8 RSP=00007fffffffffe8
R8 =0000000000000000 R9 =0000000000000000 R10=0000000000000000 R11=0000000000000000
R12=0000000000000000 R13=0000000000000000 R14=0000000000000000 R15=0000000000000000
RIP=000000000040007c RFL=00000202 [-------] CPL=3 II=0 A20=1 SMM=0 HLT=0
ES =0000 0000000000000000 00000000 00201300
CS =001b 0000000000000000 ffffffff 00affa00 DPL=3 CS64 [-R-]
SS =0023 0000000000000000 ffffffff 008ff200 DPL=3 DS   [-W-]
DS =0000 0000000000000000 00000000 00201300
FS =0000 0000000000000000 00000000 00201300
GS =0000 0000000000000000 00000000 00201300
LDT=0000 0000000000000000 0000ffff 00008200 DPL=0 LDT
TR =0028 ffffffff80215100 00000068 00008900 DPL=0 TSS64-avl
GDT=     ffffffff802043d0 00000037
IDT=     ffffffff802151e0 00000fff
CR0=80000011 CR2=0000000000000000 CR3=0000000000206000 CR4=00000020
DR0=0000000000000000 DR1=0000000000000000 DR2=0000000000000000 DR3=0000000000000000 
DR6=00000000ffff0ff0 DR7=0000000000000400
CCS=0000000000000000 CCD=fffffffffffffff1 CCO=EFLAGS
EFER=0000000000000500
     3: v=20 e=0000 i=0 cpl=3 IP=001b:000000000040007c pc=000000000040007c SP=0023:00007fffffffffe8 env->regs[R_EAX]=ffffffff8021822d
RAX=ffffffff8021822d RBX=0000000000000000 RCX=0000000000000780 RDX=0000000000000008
RSI=00007ffffffffff0 RDI=ffffffff8021822d RBP=00007fffffffffe8 RSP=00007fffffffffe8
R8 =0000000000000000 R9 =0000000000000000 R10=0000000000000000 R11=0000000000000000
R12=0000000000000000 R13=0000000000000000 R14=0000000000000000 R15=0000000000000000
RIP=000000000040007c RFL=00000202 [-------] CPL=3 II=0 A20=1 SMM=0 HLT=0
ES =0000 0000000000000000 00000000 00201300
CS =001b 0000000000000000 ffffffff 00affa00 DPL=3 CS64 [-R-]
SS =0023 0000000000000000 ffffffff 008ff200 DPL=3 DS   [-W-]
DS =0000 0000000000000000 00000000 00201300
FS =0000 0000000000000000 00000000 00201300
GS =0000 0000000000000000 00000000 00201300
LDT=0000 0000000000000000 0000ffff 00008200 DPL=0 LDT
TR =0028 ffffffff80215100 00000068 00008900 DPL=0 TSS64-avl
GDT=     ffffffff802043d0 00000037
IDT=     ffffffff802151e0 00000fff
CR0=80000011 CR2=0000000000000000 CR3=0000000000206000 CR4=00000020
DR0=0000000000000000 DR1=0000000000000000 DR2=0000000000000000 DR3=0000000000000000 
DR6=00000000ffff0ff0 DR7=0000000000000400
CCS=0000000000000000 CCD=fffffffffffffff2 CCO=EFLAGS
EFER=0000000000000500
     4: v=20 e=0000 i=0 cpl=3 IP=001b:000000000040007c pc=000000000040007c SP=0023:00007fffffffffe8 env->regs[R_EAX]=ffffffff8021822d
RAX=ffffffff8021822d RBX=0000000000000000 RCX=0000000000000780 RDX=0000000000000008
RSI=00007ffffffffff0 RDI=ffffffff8021822d RBP=00007fffffffffe8 RSP=00007fffffffffe8
R8 =0000000000000000 R9 =0000000000000000 R10=0000000000000000 R11=0000000000000000
R12=0000000000000000 R13=0000000000000000 R14=0000000000000000 R15=0000000000000000
RIP=000000000040007c RFL=00000202 [-------] CPL=3 II=0 A20=1 SMM=0 HLT=0
ES =0000 0000000000000000 00000000 00201300
CS =001b 0000000000000000 ffffffff 00affa00 DPL=3 CS64 [-R-]
SS =0023 0000000000000000 ffffffff 008ff200 DPL=3 DS   [-W-]
DS =0000 0000000000000000 00000000 00201300
FS =0000 0000000000000000 00000000 00201300
GS =0000 0000000000000000 00000000 00201300
LDT=0000 0000000000000000 0000ffff 00008200 DPL=0 LDT
TR =0028 ffffffff80215100 00000068 00008900 DPL=0 TSS64-avl
GDT=     ffffffff802043d0 00000037
IDT=     ffffffff802151e0 00000fff
CR0=80000011 CR2=0000000000000000 CR3=0000000000206000 CR4=00000020
DR0=0000000000000000 DR1=0000000000000000 DR2=0000000000000000 DR3=0000000000000000 
DR6=00000000ffff0ff0 DR7=0000000000000400
CCS=0000000000000000 CCD=fffffffffffffff3 CCO=EFLAGS
EFER=0000000000000500
     5: v=20 e=0000 i=0 cpl=3 IP=001b:000000000040007c pc=000000000040007c SP=0023:00007fffffffffe8 env->regs[R_EAX]=ffffffff8021822d
RAX=ffffffff8021822d RBX=0000000000000000 RCX=0000000000000780 RDX=0000000000000008
RSI=00007ffffffffff0 RDI=ffffffff8021822d RBP=00007fffffffffe8 RSP=00007fffffffffe8
R8 =0000000000000000 R9 =0000000000000000 R10=0000000000000000 R11=0000000000000000
R12=0000000000000000 R13=0000000000000000 R14=0000000000000000 R15=0000000000000000
RIP=000000000040007c RFL=00000202 [-------] CPL=3 II=0 A20=1 SMM=0 HLT=0
ES =0000 0000000000000000 00000000 00201300
CS =001b 0000000000000000 ffffffff 00affa00 DPL=3 CS64 [-R-]
SS =0023 0000000000000000 ffffffff 008ff200 DPL=3 DS   [-W-]
DS =0000 0000000000000000 00000000 00201300
FS =0000 0000000000000000 00000000 00201300
GS =0000 0000000000000000 00000000 00201300
LDT=0000 0000000000000000 0000ffff 00008200 DPL=0 LDT
TR =0028 ffffffff80215100 00000068 00008900 DPL=0 TSS64-avl
GDT=     ffffffff802043d0 00000037
IDT=     ffffffff802151e0 00000fff
CR0=80000011 CR2=0000000000000000 CR3=0000000000206000 CR4=00000020
DR0=0000000000000000 DR1=0000000000000000 DR2=0000000000000000 DR3=0000000000000000 
DR6=00000000ffff0ff0 DR7=0000000000000400
CCS=0000000000000000 CCD=fffffffffffffff4 CCO=EFLAGS
EFER=0000000000000500
     6: v=20 e=0000 i=0 cpl=3 IP=001b:000000000040007c pc=000000000040007c SP=0023:00007fffffffffe8 env->regs[R_EAX]=ffffffff8021822d
RAX=ffffffff8021822d RBX=0000000000000000 RCX=0000000000000780 RDX=0000000000000008
RSI=00007ffffffffff0 RDI=ffffffff8021822d RBP=00007fffffffffe8 RSP=00007fffffffffe8
R8 =0000000000000000 R9 =0000000000000000 R10=0000000000000000 R11=0000000000000000
R12=0000000000000000 R13=0000000000000000 R14=0000000000000000 R15=0000000000000000
RIP=000000000040007c RFL=00000202 [-------] CPL=3 II=0 A20=1 SMM=0 HLT=0
ES =0000 0000000000000000 00000000 00201300
CS =001b 0000000000000000 ffffffff 00affa00 DPL=3 CS64 [-R-]
SS =0023 0000000000000000 ffffffff 008ff200 DPL=3 DS   [-W-]
DS =0000 0000000000000000 00000000 00201300
FS =0000 0000000000000000 00000000 00201300
GS =0000 0000000000000000 00000000 00201300
LDT=0000 0000000000000000 0000ffff 00008200 DPL=0 LDT
TR =0028 ffffffff80215100 00000068 00008900 DPL=0 TSS64-avl
GDT=     ffffffff802043d0 00000037
IDT=     ffffffff802151e0 00000fff
CR0=80000011 CR2=0000000000000000 CR3=0000000000206000 CR4=00000020
DR0=0000000000000000 DR1=0000000000000000 DR2=0000000000000000 DR3=0000000000000000 
DR6=00000000ffff0ff0 DR7=0000000000000400
CCS=0000000000000000 CCD=fffffffffffffff5 CCO=EFLAGS
EFER=0000000000000500
     7: v=20 e=0000 i=0 cpl=3 IP=001b:000000000040007c pc=000000000040007c SP=0023:00007fffffffffe8 env->regs[R_EAX]=ffffffff8021822d
RAX=ffffffff8021822d RBX=0000000000000000 RCX=0000000000000780 RDX=0000000000000008
RSI=00007ffffffffff0 RDI=ffffffff8021822d RBP=00007fffffffffe8 RSP=00007fffffffffe8
R8 =0000000000000000 R9 =0000000000000000 R10=0000000000000000 R11=0000000000000000
R12=0000000000000000 R13=0000000000000000 R14=0000000000000000 R15=0000000000000000
RIP=000000000040007c RFL=00000202 [-------] CPL=3 II=0 A20=1 SMM=0 HLT=0
ES =0000 0000000000000000 00000000 00201300
CS =001b 0000000000000000 ffffffff 00affa00 DPL=3 CS64 [-R-]
SS =0023 0000000000000000 ffffffff 008ff200 DPL=3 DS   [-W-]
DS =0000 0000000000000000 00000000 00201300
FS =0000 0000000000000000 00000000 00201300
GS =0000 0000000000000000 00000000 00201300
LDT=0000 0000000000000000 0000ffff 00008200 DPL=0 LDT
TR =0028 ffffffff80215100 00000068 00008900 DPL=0 TSS64-avl
GDT=     ffffffff802043d0 00000037
IDT=     ffffffff802151e0 00000fff
CR0=80000011 CR2=0000000000000000 CR3=0000000000206000 CR4=00000020
DR0=0000000000000000 DR1=0000000000000000 DR2=0000000000000000 DR3=0000000000000000 
DR6=00000000ffff0ff0 DR7=0000000000000400
CCS=0000000000000000 CCD=fffffffffffffff6 CCO=EFLAGS
EFER=0000000000000500
     8: v=20 e=0000 i=0 cpl=3 IP=001b:000000000040007c pc=000000000040007c SP=0023:00007fffffffffe8 env->regs[R_EAX]=ffffffff8021822d
RAX=ffffffff8021822d RBX=0000000000000000 RCX=0000000000000780 RDX=0000000000000008
RSI=00007ffffffffff0 RDI=ffffffff8021822d RBP=00007fffffffffe8 RSP=00007fffffffffe8
R8 =0000000000000000 R9 =0000000000000000 R10=0000000000000000 R11=0000000000000000
R12=0000000000000000 R13=0000000000000000 R14=0000000000000000 R15=0000000000000000
RIP=000000000040007c RFL=00000202 [-------] CPL=3 II=0 A20=1 SMM=0 HLT=0
ES =0000 0000000000000000 00000000 00201300
CS =001b 0000000000000000 ffffffff 00affa00 DPL=3 CS64 [-R-]
SS =0023 0000000000000000 ffffffff 008ff200 DPL=3 DS   [-W-]
DS =0000 0000000000000000 00000000 00201300
FS =0000 0000000000000000 00000000 00201300
GS =0000 0000000000000000 00000000 00201300
LDT=0000 0000000000000000 0000ffff 00008200 DPL=0 LDT
TR =0028 ffffffff80215100 00000068 00008900 DPL=0 TSS64-avl
GDT=     ffffffff802043d0 00000037
IDT=     ffffffff802151e0 00000fff
CR0=80000011 CR2=0000000000000000 CR3=0000000000206000 CR4=00000020
DR0=0000000000000000 DR1=0000000000000000 DR2=0000000000000000 DR3=0000000000000000 
DR6=00000000ffff0ff0 DR7=0000000000000400
CCS=0000000000000000 CCD=fffffffffffffff7 CCO=EFLAGS
EFER=0000000000000500
     9: v=20 e=0000 i=0 cpl=3 IP=001b:000000000040007c pc=000000000040007c SP=0023:00007fffffffffe8 env->regs[R_EAX]=ffffffff8021822d
RAX=ffffffff8021822d RBX=0000000000000000 RCX=0000000000000780 RDX=0000000000000008
RSI=00007ffffffffff0 RDI=ffffffff8021822d RBP=00007fffffffffe8 RSP=00007fffffffffe8
R8 =0000000000000000 R9 =0000000000000000 R10=0000000000000000 R11=0000000000000000
R12=0000000000000000 R13=0000000000000000 R14=0000000000000000 R15=0000000000000000
RIP=000000000040007c RFL=00000202 [-------] CPL=3 II=0 A20=1 SMM=0 HLT=0
ES =0000 0000000000000000 00000000 00201300
CS =001b 0000000000000000 ffffffff 00affa00 DPL=3 CS64 [-R-]
SS =0023 0000000000000000 ffffffff 008ff200 DPL=3 DS   [-W-]
DS =0000 0000000000000000 00000000 00201300
FS =0000 0000000000000000 00000000 00201300
GS =0000 0000000000000000 00000000 00201300
LDT=0000 0000000000000000 0000ffff 00008200 DPL=0 LDT
TR =0028 ffffffff80215100 00000068 00008900 DPL=0 TSS64-avl
GDT=     ffffffff802043d0 00000037
IDT=     ffffffff802151e0 00000fff
CR0=80000011 CR2=0000000000000000 CR3=0000000000206000 CR4=00000020
DR0=0000000000000000 DR1=0000000000000000 DR2=0000000000000000 DR3=0000000000000000 
DR6=00000000ffff0ff0 DR7=0000000000000400
CCS=0000000000000000 CCD=fffffffffffffff8 CCO=EFLAGS
EFER=0000000000000500
    10: v=20 e=0000 i=0 cpl=3 IP=001b:000000000040007c pc=000000000040007c SP=0023:00007fffffffffe8 env->regs[R_EAX]=ffffffff8021822d
RAX=ffffffff8021822d RBX=0000000000000000 RCX=0000000000000780 RDX=0000000000000008
RSI=00007ffffffffff0 RDI=ffffffff8021822d RBP=00007fffffffffe8 RSP=00007fffffffffe8
R8 =0000000000000000 R9 =0000000000000000 R10=0000000000000000 R11=0000000000000000
R12=0000000000000000 R13=0000000000000000 R14=0000000000000000 R15=0000000000000000
RIP=000000000040007c RFL=00000202 [-------] CPL=3 II=0 A20=1 SMM=0 HLT=0
ES =0000 0000000000000000 00000000 00201300
CS =001b 0000000000000000 ffffffff 00affa00 DPL=3 CS64 [-R-]
SS =0023 0000000000000000 ffffffff 008ff200 DPL=3 DS   [-W-]
DS =0000 0000000000000000 00000000 00201300
FS =0000 0000000000000000 00000000 00201300
GS =0000 0000000000000000 00000000 00201300
LDT=0000 0000000000000000 0000ffff 00008200 DPL=0 LDT
TR =0028 ffffffff80215100 00000068 00008900 DPL=0 TSS64-avl
GDT=     ffffffff802043d0 00000037
IDT=     ffffffff802151e0 00000fff
CR0=80000011 CR2=0000000000000000 CR3=0000000000206000 CR4=00000020
DR0=0000000000000000 DR1=0000000000000000 DR2=0000000000000000 DR3=0000000000000000 
DR6=00000000ffff0ff0 DR7=0000000000000400
CCS=0000000000000000 CCD=fffffffffffffff9 CCO=EFLAGS
EFER=0000000000000500
    11: v=20 e=0000 i=0 cpl=3 IP=001b:000000000040007c pc=000000000040007c SP=0023:00007fffffffffe8 env->regs[R_EAX]=ffffffff8021822d
RAX=ffffffff8021822d RBX=0000000000000000 RCX=0000000000000780 RDX=0000000000000008
RSI=00007ffffffffff0 RDI=ffffffff8021822d RBP=00007fffffffffe8 RSP=00007fffffffffe8
R8 =0000000000000000 R9 =0000000000000000 R10=0000000000000000 R11=0000000000000000
R12=0000000000000000 R13=0000000000000000 R14=0000000000000000 R15=0000000000000000
RIP=000000000040007c RFL=00000202 [-------] CPL=3 II=0 A20=1 SMM=0 HLT=0
ES =0000 0000000000000000 00000000 00201300
CS =001b 0000000000000000 ffffffff 00affa00 DPL=3 CS64 [-R-]
SS =0023 0000000000000000 ffffffff 008ff200 DPL=3 DS   [-W-]
DS =0000 0000000000000000 00000000 00201300
FS =0000 0000000000000000 00000000 00201300
GS =0000 0000000000000000 00000000 00201300
LDT=0000 0000000000000000 0000ffff 00008200 DPL=0 LDT
TR =0028 ffffffff80215100 00000068 00008900 DPL=0 TSS64-avl
GDT=     ffffffff802043d0 00000037
IDT=     ffffffff802151e0 00000fff
CR0=80000011 CR2=0000000000000000 CR3=0000000000206000 CR4=00000020
DR0=0000000000000000 DR1=0000000000000000 DR2=0000000000000000 DR3=0000000000000000 
DR6=00000000ffff0ff0 DR7=0000000000000400
CCS=0000000000000000 CCD=fffffffffffffffa CCO=EFLAGS
EFER=0000000000000500
    12: v=20 e=0000 i=0 cpl=3 IP=001b:000000000040007c pc=000000000040007c SP=0023:00007fffffffffe8 env->regs[R_EAX]=ffffffff8021822d
RAX=ffffffff8021822d RBX=0000000000000000 RCX=0000000000000780 RDX=0000000000000008
RSI=00007ffffffffff0 RDI=ffffffff8021822d RBP=00007fffffffffe8 RSP=00007fffffffffe8
R8 =0000000000000000 R9 =0000000000000000 R10=0000000000000000 R11=0000000000000000
R12=0000000000000000 R13=0000000000000000 R14=0000000000000000 R15=0000000000000000
RIP=000000000040007c RFL=00000202 [-------] CPL=3 II=0 A20=1 SMM=0 HLT=0
ES =0000 0000000000000000 00000000 00201300
CS =001b 0000000000000000 ffffffff 00affa00 DPL=3 CS64 [-R-]
SS =0023 0000000000000000 ffffffff 008ff200 DPL=3 DS   [-W-]
DS =0000 0000000000000000 00000000 00201300
FS =0000 0000000000000000 00000000 00201300
GS =0000 0000000000000000 00000000 00201300
LDT=0000 0000000000000000 0000ffff 00008200 DPL=0 LDT
TR =0028 ffffffff80215100 00000068 00008900 DPL=0 TSS64-avl
GDT=     ffffffff802043d0 00000037
IDT=     ffffffff802151e0 00000fff
CR0=80000011 CR2=0000000000000000 CR3=0000000000206000 CR4=00000020
DR0=0000000000000000 DR1=0000000000000000 DR2=0000000000000000 DR3=0000000000000000 
DR6=00000000ffff0ff0 DR7=0000000000000400
CCS=0000000000000000 CCD=fffffffffffffffb CCO=EFLAGS
EFER=0000000000000500
    13: v=20 e=0000 i=0 cpl=3 IP=001b:000000000040007c pc=000000000040007c SP=0023:00007fffffffffe8 env->regs[R_EAX]=ffffffff8021822d
RAX=ffffffff8021822d RBX=0000000000000000 RCX=0000000000000780 RDX=0000000000000008
RSI=00007ffffffffff0 RDI=ffffffff8021822d RBP=00007fffffffffe8 RSP=00007fffffffffe8
R8 =0000000000000000 R9 =0000000000000000 R10=0000000000000000 R11=0000000000000000
R12=0000000000000000 R13=0000000000000000 R14=0000000000000000 R15=0000000000000000
RIP=000000000040007c RFL=00000202 [-------] CPL=3 II=0 A20=1 SMM=0 HLT=0
ES =0000 0000000000000000 00000000 00201300
CS =001b 0000000000000000 ffffffff 00affa00 DPL=3 CS64 [-R-]
SS =0023 0000000000000000 ffffffff 008ff200 DPL=3 DS   [-W-]
DS =0000 0000000000000000 00000000 00201300
FS =0000 0000000000000000 00000000 00201300
GS =0000 0000000000000000 00000000 00201300
LDT=0000 0000000000000000 0000ffff 00008200 DPL=0 LDT
TR =0028 ffffffff80215100 00000068 00008900 DPL=0 TSS64-avl
GDT=     ffffffff802043d0 00000037
IDT=     ffffffff802151e0 00000fff
CR0=80000011 CR2=0000000000000000 CR3=0000000000206000 CR4=00000020
DR0=0000000000000000 DR1=0000000000000000 DR2=0000000000000000 DR3=0000000000000000 
DR6=00000000ffff0ff0 DR7=0000000000000400
CCS=0000000000000000 CCD=fffffffffffffffc CCO=EFLAGS
EFER=0000000000000500
    14: v=20 e=0000 i=0 cpl=3 IP=001b:000000000040007c pc=000000000040007c SP=0023:00007fffffffffe8 env->regs[R_EAX]=ffffffff8021822d
RAX=ffffffff8021822d RBX=0000000000000000 RCX=0000000000000780 RDX=0000000000000008
RSI=00007ffffffffff0 RDI=ffffffff8021822d RBP=00007fffffffffe8 RSP=00007fffffffffe8
R8 =0000000000000000 R9 =0000000000000000 R10=0000000000000000 R11=0000000000000000
R12=0000000000000000 R13=0000000000000000 R14=0000000000000000 R15=0000000000000000
RIP=000000000040007c RFL=00000202 [-------] CPL=3 II=0 A20=1 SMM=0 HLT=0
ES =0000 0000000000000000 00000000 00201300
CS =001b 0000000000000000 ffffffff 00affa00 DPL=3 CS64 [-R-]
SS =0023 0000000000000000 ffffffff 008ff200 DPL=3 DS   [-W-]
DS =0000 0000000000000000 00000000 00201300
FS =0000 0000000000000000 00000000 00201300
GS =0000 0000000000000000 00000000 00201300
LDT=0000 0000000000000000 0000ffff 00008200 DPL=0 LDT
TR =0028 ffffffff80215100 00000068 00008900 DPL=0 TSS64-avl
GDT=     ffffffff802043d0 00000037
IDT=     ffffffff802151e0 00000fff
CR0=80000011 CR2=0000000000000000 CR3=0000000000206000 CR4=00000020
DR0=0000000000000000 DR1=0000000000000000 DR2=0000000000000000 DR3=0000000000000000 
DR6=00000000ffff0ff0 DR7=0000000000000400
CCS=0000000000000000 CCD=fffffffffffffffd CCO=EFLAGS
EFER=0000000000000500
    15: v=20 e=0000 i=0 cpl=3 IP=001b:000000000040007c pc=000000000040007c SP=0023:00007fffffffffe8 env->regs[R_EAX]=ffffffff8021822d
RAX=ffffffff8021822d RBX=0000000000000000 RCX=0000000000000780 RDX=0000000000000008
RSI=00007ffffffffff0 RDI=ffffffff8021822d RBP=00007fffffffffe8 RSP=00007fffffffffe8
R8 =0000000000000000 R9 =0000000000000000 R10=0000000000000000 R11=0000000000000000
R12=0000000000000000 R13=0000000000000000 R14=0000000000000000 R15=0000000000000000
RIP=000000000040007c RFL=00000202 [-------] CPL=3 II=0 A20=1 SMM=0 HLT=0
ES =0000 0000000000000000 00000000 00201300
CS =001b 0000000000000000 ffffffff 00affa00 DPL=3 CS64 [-R-]
SS =0023 0000000000000000 ffffffff 008ff200 DPL=3 DS   [-W-]
DS =0000 0000000000000000 00000000 00201300
FS =0000 0000000000000000 00000000 00201300
GS =0000 0000000000000000 00000000 00201300
LDT=0000 0000000000000000 0000ffff 00008200 DPL=0 LDT
TR =0028 ffffffff80215100 00000068 00008900 DPL=0 TSS64-avl
GDT=     ffffffff802043d0 00000037
IDT=     ffffffff802151e0 00000fff
CR0=80000011 CR2=0000000000000000 CR3=0000000000206000 CR4=00000020
DR0=0000000000000000 DR1=0000000000000000 DR2=0000000000000000 DR3=0000000000000000 
DR6=00000000ffff0ff0 DR7=0000000000000400
CCS=0000000000000000 CCD=fffffffffffffffe CCO=EFLAGS
EFER=0000000000000500
    16: v=20 e=0000 i=0 cpl=3 IP=001b:000000000040007c pc=000000000040007c SP=0023:00007fffffffffe8 env->regs[R_EAX]=ffffffff8021822d
RAX=ffffffff8021822d RBX=0000000000000000 RCX=0000000000000780 RDX=0000000000000008
RSI=00007ffffffffff0 RDI=ffffffff8021822d RBP=00007fffffffffe8 RSP=00007fffffffffe8
R8 =0000000000000000 R9 =0000000000000000 R10=0000000000000000 R11=0000000000000000
R12=0000000000000000 R13=0000000000000000 R14=0000000000000000 R15=0000000000000000
RIP=000000000040007c RFL=00000202 [-------] CPL=3 II=0 A20=1 SMM=0 HLT=0
ES =0000 0000000000000000 00000000 00201300
CS =001b 0000000000000000 ffffffff 00affa00 DPL=3 CS64 [-R-]
SS =0023 0000000000000000 ffffffff 008ff200 DPL=3 DS   [-W-]
DS =0000 0000000000000000 00000000 00201300
FS =0000 0000000000000000 00000000 00201300
GS =0000 0000000000000000 00000000 00201300
LDT=0000 0000000000000000 0000ffff 00008200 DPL=0 LDT
TR =0028 ffffffff80215100 00000068 00008900 DPL=0 TSS64-avl
GDT=     ffffffff802043d0 00000037
IDT=     ffffffff802151e0 00000fff
CR0=80000011 CR2=0000000000000000 CR3=0000000000206000 CR4=00000020
DR0=0000000000000000 DR1=0000000000000000 DR2=0000000000000000 DR3=0000000000000000 
DR6=00000000ffff0ff0 DR7=0000000000000400
CCS=0000000000000000 CCD=ffffffffffffffff CCO=EFLAGS
EFER=0000000000000500
    17: v=20 e=0000 i=0 cpl=3 IP=001b:000000000040007c pc=000000000040007c SP=0023:00007fffffffffe8 env->regs[R_EAX]=ffffffff8021822d
RAX=ffffffff8021822d RBX=0000000000000000 RCX=0000000000000780 RDX=0000000000000008
RSI=00007ffffffffff0 RDI=ffffffff8021822d RBP=00007fffffffffe8 RSP=00007fffffffffe8
R8 =0000000000000000 R9 =0000000000000000 R10=0000000000000000 R11=0000000000000000
R12=0000000000000000 R13=0000000000000000 R14=0000000000000000 R15=0000000000000000
RIP=000000000040007c RFL=00000202 [-------] CPL=3 II=0 A20=1 SMM=0 HLT=0
ES =0000 0000000000000000 00000000 00201300
CS =001b 0000000000000000 ffffffff 00affa00 DPL=3 CS64 [-R-]
SS =0023 0000000000000000 ffffffff 008ff200 DPL=3 DS   [-W-]
DS =0000 0000000000000000 00000000 00201300
FS =0000 0000000000000000 00000000 00201300
GS =0000 0000000000000000 00000000 00201300
LDT=0000 0000000000000000 0000ffff 00008200 DPL=0 LDT
TR =0028 ffffffff80215100 00000068 00008900 DPL=0 TSS64-avl
GDT=     ffffffff802043d0 00000037
IDT=     ffffffff802151e0 00000fff
CR0=80000011 CR2=0000000000000000 CR3=0000000000206000 CR4=00000020
DR0=0000000000000000 DR1=0000000000000000 DR2=0000000000000000 DR3=0000000000000000 
DR6=00000000ffff0ff0 DR7=0000000000000400
CCS=0000000000000000 CCD=0000000000000000 CCO=EFLAGS
EFER=0000000000000500
    18: v=20 e=0000 i=0 cpl=0 IP=0008:ffffffff802000a9 pc=ffffffff802000a9 SP=0010:ffffffff80219370 env->regs[R_EAX]=0000000000000000
RAX=0000000000000000 RBX=000002d000000000 RCX=0000000000000780 RDX=000000000000001a
RSI=0000030000000000 RDI=0000000000000018 RBP=ffffffff80219370 RSP=ffffffff80219370
R8 =0000032000000000 R9 =0000033000000000 R10=0000034000000000 R11=0000035000000000
R12=0000036000000000 R13=0000037000000000 R14=0000038000000000 R15=0000039000000000
RIP=ffffffff802000a9 RFL=00000246 [---Z-P-] CPL=0 II=0 A20=1 SMM=0 HLT=0
ES =0000 0000000000000000 00000000 00201300
CS =0008 0000000000000000 00000000 00209800 DPL=0 CS64 [---]
SS =0010 0000000000000000 00000000 00209300 DPL=0 DS   [-WA]
DS =0000 0000000000000000 00000000 00201300
FS =0000 0000000000000000 00000000 00201300
GS =0000 0000000000000000 00000000 00201300
LDT=0000 0000000000000000 0000ffff 00008200 DPL=0 LDT
TR =0028 ffffffff80215100 00000068 00008900 DPL=0 TSS64-avl
GDT=     ffffffff802043d0 00000037
IDT=     ffffffff802151e0 00000fff
CR0=80000011 CR2=0000000000000000 CR3=0000000000206000 CR4=00000020
DR0=0000000000000000 DR1=0000000000000000 DR2=0000000000000000 DR3=0000000000000000 
DR6=00000000ffff0ff0 DR7=0000000000000400
CCS=0000000000000044 CCD=0000000000000000 CCO=EFLAGS
EFER=0000000000000500
    19: v=20 e=0000 i=0 cpl=0 IP=0008:ffffffff802000a9 pc=ffffffff802000a9 SP=0010:ffffffff80219370 env->regs[R_EAX]=0000000000000000
RAX=0000000000000000 RBX=000002d000000000 RCX=0000000000000780 RDX=000000000000001a
RSI=0000030000000000 RDI=0000000000000018 RBP=ffffffff80219370 RSP=ffffffff80219370
R8 =0000032000000000 R9 =0000033000000000 R10=0000034000000000 R11=0000035000000000
R12=0000036000000000 R13=0000037000000000 R14=0000038000000000 R15=0000039000000000
RIP=ffffffff802000a9 RFL=00000246 [---Z-P-] CPL=0 II=0 A20=1 SMM=0 HLT=0
ES =0000 0000000000000000 00000000 00201300
CS =0008 0000000000000000 00000000 00209800 DPL=0 CS64 [---]
SS =0010 0000000000000000 00000000 00209300 DPL=0 DS   [-WA]
DS =0000 0000000000000000 00000000 00201300
FS =0000 0000000000000000 00000000 00201300
GS =0000 0000000000000000 00000000 00201300
LDT=0000 0000000000000000 0000ffff 00008200 DPL=0 LDT
TR =0028 ffffffff80215100 00000068 00008900 DPL=0 TSS64-avl
GDT=     ffffffff802043d0 00000037
IDT=     ffffffff802151e0 00000fff
CR0=80000011 CR2=0000000000000000 CR3=0000000000206000 CR4=00000020
DR0=0000000000000000 DR1=0000000000000000 DR2=0000000000000000 DR3=0000000000000000 
DR6=00000000ffff0ff0 DR7=0000000000000400
CCS=0000000000000044 CCD=fffffffffffffff0 CCO=EFLAGS
EFER=0000000000000500
    20: v=20 e=0000 i=0 cpl=0 IP=0008:ffffffff802000a9 pc=ffffffff802000a9 SP=0010:ffffffff80219370 env->regs[R_EAX]=0000000000000000
RAX=0000000000000000 RBX=000002d000000000 RCX=0000000000000780 RDX=000000000000001a
RSI=0000030000000000 RDI=0000000000000018 RBP=ffffffff80219370 RSP=ffffffff80219370
R8 =0000032000000000 R9 =0000033000000000 R10=0000034000000000 R11=0000035000000000
R12=0000036000000000 R13=0000037000000000 R14=0000038000000000 R15=0000039000000000
RIP=ffffffff802000a9 RFL=00000246 [---Z-P-] CPL=0 II=0 A20=1 SMM=0 HLT=0
ES =0000 0000000000000000 00000000 00201300
CS =0008 0000000000000000 00000000 00209800 DPL=0 CS64 [---]
SS =0010 0000000000000000 00000000 00209300 DPL=0 DS   [-WA]
DS =0000 0000000000000000 00000000 00201300
FS =0000 0000000000000000 00000000 00201300
GS =0000 0000000000000000 00000000 00201300
LDT=0000 0000000000000000 0000ffff 00008200 DPL=0 LDT
TR =0028 ffffffff80215100 00000068 00008900 DPL=0 TSS64-avl
GDT=     ffffffff802043d0 00000037
IDT=     ffffffff802151e0 00000fff
CR0=80000011 CR2=0000000000000000 CR3=0000000000206000 CR4=00000020
DR0=0000000000000000 DR1=0000000000000000 DR2=0000000000000000 DR3=0000000000000000 
DR6=00000000ffff0ff0 DR7=0000000000000400
CCS=0000000000000044 CCD=fffffffffffffff1 CCO=EFLAGS
EFER=0000000000000500
    21: v=20 e=0000 i=0 cpl=0 IP=0008:ffffffff802000a9 pc=ffffffff802000a9 SP=0010:ffffffff80219370 env->regs[R_EAX]=0000000000000000
RAX=0000000000000000 RBX=000002d000000000 RCX=0000000000000780 RDX=000000000000001a
RSI=0000030000000000 RDI=0000000000000018 RBP=ffffffff80219370 RSP=ffffffff80219370
R8 =0000032000000000 R9 =0000033000000000 R10=0000034000000000 R11=0000035000000000
R12=0000036000000000 R13=0000037000000000 R14=0000038000000000 R15=0000039000000000
RIP=ffffffff802000a9 RFL=00000246 [---Z-P-] CPL=0 II=0 A20=1 SMM=0 HLT=0
ES =0000 0000000000000000 00000000 00201300
CS =0008 0000000000000000 00000000 00209800 DPL=0 CS64 [---]
SS =0010 0000000000000000 00000000 00209300 DPL=0 DS   [-WA]
DS =0000 0000000000000000 00000000 00201300
FS =0000 0000000000000000 00000000 00201300
GS =0000 0000000000000000 00000000 00201300
LDT=0000 0000000000000000 0000ffff 00008200 DPL=0 LDT
TR =0028 ffffffff80215100 00000068 00008900 DPL=0 TSS64-avl
GDT=     ffffffff802043d0 00000037
IDT=     ffffffff802151e0 00000fff
CR0=80000011 CR2=0000000000000000 CR3=0000000000206000 CR4=00000020
DR0=0000000000000000 DR1=0000000000000000 DR2=0000000000000000 DR3=0000000000000000 
DR6=00000000ffff0ff0 DR7=0000000000000400
CCS=0000000000000044 CCD=fffffffffffffff2 CCO=EFLAGS
EFER=0000000000000500
    22: v=20 e=0000 i=0 cpl=0 IP=0008:ffffffff802000a9 pc=ffffffff802000a9 SP=0010:ffffffff80219370 env->regs[R_EAX]=0000000000000000
RAX=0000000000000000 RBX=000002d000000000 RCX=0000000000000780 RDX=000000000000001a
RSI=0000030000000000 RDI=0000000000000018 RBP=ffffffff80219370 RSP=ffffffff80219370
R8 =0000032000000000 R9 =0000033000000000 R10=0000034000000000 R11=0000035000000000
R12=0000036000000000 R13=0000037000000000 R14=0000038000000000 R15=0000039000000000
RIP=ffffffff802000a9 RFL=00000246 [---Z-P-] CPL=0 II=0 A20=1 SMM=0 HLT=0
ES =0000 0000000000000000 00000000 00201300
CS =0008 0000000000000000 00000000 00209800 DPL=0 CS64 [---]
SS =0010 0000000000000000 00000000 00209300 DPL=0 DS   [-WA]
DS =0000 0000000000000000 00000000 00201300
FS =0000 0000000000000000 00000000 00201300
GS =0000 0000000000000000 00000000 00201300
LDT=0000 0000000000000000 0000ffff 00008200 DPL=0 LDT
TR =0028 ffffffff80215100 00000068 00008900 DPL=0 TSS64-avl
GDT=     ffffffff802043d0 00000037
IDT=     ffffffff802151e0 00000fff
CR0=80000011 CR2=0000000000000000 CR3=0000000000206000 CR4=00000020
DR0=0000000000000000 DR1=0000000000000000 DR2=0000000000000000 DR3=0000000000000000 
DR6=00000000ffff0ff0 DR7=0000000000000400
CCS=0000000000000044 CCD=fffffffffffffff3 CCO=EFLAGS
EFER=0000000000000500
    23: v=20 e=0000 i=0 cpl=0 IP=0008:ffffffff802000a9 pc=ffffffff802000a9 SP=0010:ffffffff80219370 env->regs[R_EAX]=0000000000000000
RAX=0000000000000000 RBX=000002d000000000 RCX=0000000000000780 RDX=000000000000001a
RSI=0000030000000000 RDI=0000000000000018 RBP=ffffffff80219370 RSP=ffffffff80219370
R8 =0000032000000000 R9 =0000033000000000 R10=0000034000000000 R11=0000035000000000
R12=0000036000000000 R13=0000037000000000 R14=0000038000000000 R15=0000039000000000
RIP=ffffffff802000a9 RFL=00000246 [---Z-P-] CPL=0 II=0 A20=1 SMM=0 HLT=0
ES =0000 0000000000000000 00000000 00201300
CS =0008 0000000000000000 00000000 00209800 DPL=0 CS64 [---]
SS =0010 0000000000000000 00000000 00209300 DPL=0 DS   [-WA]
DS =0000 0000000000000000 00000000 00201300
FS =0000 0000000000000000 00000000 00201300
GS =0000 0000000000000000 00000000 00201300
LDT=0000 0000000000000000 0000ffff 00008200 DPL=0 LDT
TR =0028 ffffffff80215100 00000068 00008900 DPL=0 TSS64-avl
GDT=     ffffffff802043d0 00000037
IDT=     ffffffff802151e0 00000fff
CR0=80000011 CR2=0000000000000000 CR3=0000000000206000 CR4=00000020
DR0=0000000000000000 DR1=0000000000000000 DR2=0000000000000000 DR3=0000000000000000 
DR6=00000000ffff0ff0 DR7=0000000000000400
CCS=0000000000000044 CCD=fffffffffffffff4 CCO=EFLAGS
EFER=0000000000000500
    24: v=20 e=0000 i=0 cpl=0 IP=0008:ffffffff802000a9 pc=ffffffff802000a9 SP=0010:ffffffff80219370 env->regs[R_EAX]=0000000000000000
RAX=0000000000000000 RBX=000002d000000000 RCX=0000000000000780 RDX=000000000000001a
RSI=0000030000000000 RDI=0000000000000018 RBP=ffffffff80219370 RSP=ffffffff80219370
R8 =0000032000000000 R9 =0000033000000000 R10=0000034000000000 R11=0000035000000000
R12=0000036000000000 R13=0000037000000000 R14=0000038000000000 R15=0000039000000000
RIP=ffffffff802000a9 RFL=00000246 [---Z-P-] CPL=0 II=0 A20=1 SMM=0 HLT=0
ES =0000 0000000000000000 00000000 00201300
CS =0008 0000000000000000 00000000 00209800 DPL=0 CS64 [---]
SS =0010 0000000000000000 00000000 00209300 DPL=0 DS   [-WA]
DS =0000 0000000000000000 00000000 00201300
FS =0000 0000000000000000 00000000 00201300
GS =0000 0000000000000000 00000000 00201300
LDT=0000 0000000000000000 0000ffff 00008200 DPL=0 LDT
TR =0028 ffffffff80215100 00000068 00008900 DPL=0 TSS64-avl
GDT=     ffffffff802043d0 00000037
IDT=     ffffffff802151e0 00000fff
CR0=80000011 CR2=0000000000000000 CR3=0000000000206000 CR4=00000020
DR0=0000000000000000 DR1=0000000000000000 DR2=0000000000000000 DR3=0000000000000000 
DR6=00000000ffff0ff0 DR7=0000000000000400
CCS=0000000000000044 CCD=fffffffffffffff5 CCO=EFLAGS
EFER=0000000000000500
    25: v=20 e=0000 i=0 cpl=0 IP=0008:ffffffff802000a9 pc=ffffffff802000a9 SP=0010:ffffffff80219370 env->regs[R_EAX]=0000000000000000
RAX=0000000000000000 RBX=000002d000000000 RCX=0000000000000780 RDX=000000000000001a
RSI=0000030000000000 RDI=0000000000000018 RBP=ffffffff80219370 RSP=ffffffff80219370
R8 =0000032000000000 R9 =0000033000000000 R10=0000034000000000 R11=0000035000000000
R12=0000036000000000 R13=0000037000000000 R14=0000038000000000 R15=0000039000000000
RIP=ffffffff802000a9 RFL=00000246 [---Z-P-] CPL=0 II=0 A20=1 SMM=0 HLT=0
ES =0000 0000000000000000 00000000 00201300
CS =0008 0000000000000000 00000000 00209800 DPL=0 CS64 [---]
SS =0010 0000000000000000 00000000 00209300 DPL=0 DS   [-WA]
DS =0000 0000000000000000 00000000 00201300
FS =0000 0000000000000000 00000000 00201300
GS =0000 0000000000000000 00000000 00201300
LDT=0000 0000000000000000 0000ffff 00008200 DPL=0 LDT
TR =0028 ffffffff80215100 00000068 00008900 DPL=0 TSS64-avl
GDT=     ffffffff802043d0 00000037
IDT=     ffffffff802151e0 00000fff
CR0=80000011 CR2=0000000000000000 CR3=0000000000206000 CR4=00000020
DR0=0000000000000000 DR1=0000000000000000 DR2=0000000000000000 DR3=0000000000000000 
DR6=00000000ffff0ff0 DR7=0000000000000400
CCS=0000000000000044 CCD=fffffffffffffff6 CCO=EFLAGS
EFER=0000000000000500
    26: v=20 e=0000 i=0 cpl=0 IP=0008:ffffffff802000a9 pc=ffffffff802000a9 SP=0010:ffffffff80219370 env->regs[R_EAX]=0000000000000000
RAX=0000000000000000 RBX=000002d000000000 RCX=0000000000000780 RDX=000000000000001a
RSI=0000030000000000 RDI=0000000000000018 RBP=ffffffff80219370 RSP=ffffffff80219370
R8 =0000032000000000 R9 =0000033000000000 R10=0000034000000000 R11=0000035000000000
R12=0000036000000000 R13=0000037000000000 R14=0000038000000000 R15=0000039000000000
RIP=ffffffff802000a9 RFL=00000246 [---Z-P-] CPL=0 II=0 A20=1 SMM=0 HLT=0
ES =0000 0000000000000000 00000000 00201300
CS =0008 0000000000000000 00000000 00209800 DPL=0 CS64 [---]
SS =0010 0000000000000000 00000000 00209300 DPL=0 DS   [-WA]
DS =0000 0000000000000000 00000000 00201300
FS =0000 0000000000000000 00000000 00201300
GS =0000 0000000000000000 00000000 00201300
LDT=0000 0000000000000000 0000ffff 00008200 DPL=0 LDT
TR =0028 ffffffff80215100 00000068 00008900 DPL=0 TSS64-avl
GDT=     ffffffff802043d0 00000037
IDT=     ffffffff802151e0 00000fff
CR0=80000011 CR2=0000000000000000 CR3=0000000000206000 CR4=00000020
DR0=0000000000000000 DR1=0000000000000000 DR2=0000000000000000 DR3=0000000000000000 
DR6=00000000ffff0ff0 DR7=0000000000000400
CCS=0000000000000044 CCD=fffffffffffffff7 CCO=EFLAGS
EFER=0000000000000500
    27: v=20 e=0000 i=0 cpl=0 IP=0008:ffffffff802000a9 pc=ffffffff802000a9 SP=0010:ffffffff80219370 env->regs[R_EAX]=0000000000000000
RAX=0000000000000000 RBX=000002d000000000 RCX=0000000000000780 RDX=000000000000001a
RSI=0000030000000000 RDI=0000000000000018 RBP=ffffffff80219370 RSP=ffffffff80219370
R8 =0000032000000000 R9 =0000033000000000 R10=0000034000000000 R11=0000035000000000
R12=0000036000000000 R13=0000037000000000 R14=0000038000000000 R15=0000039000000000
RIP=ffffffff802000a9 RFL=00000246 [---Z-P-] CPL=0 II=0 A20=1 SMM=0 HLT=0
ES =0000 0000000000000000 00000000 00201300
CS =0008 0000000000000000 00000000 00209800 DPL=0 CS64 [---]
SS =0010 0000000000000000 00000000 00209300 DPL=0 DS   [-WA]
DS =0000 0000000000000000 00000000 00201300
FS =0000 0000000000000000 00000000 00201300
GS =0000 0000000000000000 00000000 00201300
LDT=0000 0000000000000000 0000ffff 00008200 DPL=0 LDT
TR =0028 ffffffff80215100 00000068 00008900 DPL=0 TSS64-avl
GDT=     ffffffff802043d0 00000037
IDT=     ffffffff802151e0 00000fff
CR0=80000011 CR2=0000000000000000 CR3=0000000000206000 CR4=00000020
DR0=0000000000000000 DR1=0000000000000000 DR2=0000000000000000 DR3=0000000000000000 
DR6=00000000ffff0ff0 DR7=0000000000000400
CCS=0000000000000044 CCD=fffffffffffffff8 CCO=EFLAGS
EFER=0000000000000500
    28: v=20 e=0000 i=0 cpl=0 IP=0008:ffffffff802000a9 pc=ffffffff802000a9 SP=0010:ffffffff80219370 env->regs[R_EAX]=0000000000000000
RAX=0000000000000000 RBX=000002d000000000 RCX=0000000000000780 RDX=000000000000001a
RSI=0000030000000000 RDI=0000000000000018 RBP=ffffffff80219370 RSP=ffffffff80219370
R8 =0000032000000000 R9 =0000033000000000 R10=0000034000000000 R11=0000035000000000
R12=0000036000000000 R13=0000037000000000 R14=0000038000000000 R15=0000039000000000
RIP=ffffffff802000a9 RFL=00000246 [---Z-P-] CPL=0 II=0 A20=1 SMM=0 HLT=0
ES =0000 0000000000000000 00000000 00201300
CS =0008 0000000000000000 00000000 00209800 DPL=0 CS64 [---]
SS =0010 0000000000000000 00000000 00209300 DPL=0 DS   [-WA]
DS =0000 0000000000000000 00000000 00201300
FS =0000 0000000000000000 00000000 00201300
GS =0000 0000000000000000 00000000 00201300
LDT=0000 0000000000000000 0000ffff 00008200 DPL=0 LDT
TR =0028 ffffffff80215100 00000068 00008900 DPL=0 TSS64-avl
GDT=     ffffffff802043d0 00000037
IDT=     ffffffff802151e0 00000fff
CR0=80000011 CR2=0000000000000000 CR3=0000000000206000 CR4=00000020
DR0=0000000000000000 DR1=0000000000000000 DR2=0000000000000000 DR3=0000000000000000 
DR6=00000000ffff0ff0 DR7=0000000000000400
CCS=0000000000000044 CCD=fffffffffffffff9 CCO=EFLAGS
EFER=0000000000000500
    29: v=20 e=0000 i=0 cpl=0 IP=0008:ffffffff802000a9 pc=ffffffff802000a9 SP=0010:ffffffff80219370 env->regs[R_EAX]=0000000000000000
RAX=0000000000000000 RBX=000002d000000000 RCX=0000000000000780 RDX=000000000000001a
RSI=0000030000000000 RDI=0000000000000018 RBP=ffffffff80219370 RSP=ffffffff80219370
R8 =0000032000000000 R9 =0000033000000000 R10=0000034000000000 R11=0000035000000000
R12=0000036000000000 R13=0000037000000000 R14=0000038000000000 R15=0000039000000000
RIP=ffffffff802000a9 RFL=00000246 [---Z-P-] CPL=0 II=0 A20=1 SMM=0 HLT=0
ES =0000 0000000000000000 00000000 00201300
CS =0008 0000000000000000 00000000 00209800 DPL=0 CS64 [---]
SS =0010 0000000000000000 00000000 00209300 DPL=0 DS   [-WA]
DS =0000 0000000000000000 00000000 00201300
FS =0000 0000000000000000 00000000 00201300
GS =0000 0000000000000000 00000000 00201300
LDT=0000 0000000000000000 0000ffff 00008200 DPL=0 LDT
TR =0028 ffffffff80215100 00000068 00008900 DPL=0 TSS64-avl
GDT=     ffffffff802043d0 00000037
IDT=     ffffffff802151e0 00000fff
CR0=80000011 CR2=0000000000000000 CR3=0000000000206000 CR4=00000020
DR0=0000000000000000 DR1=0000000000000000 DR2=0000000000000000 DR3=0000000000000000 
DR6=00000000ffff0ff0 DR7=0000000000000400
CCS=0000000000000044 CCD=fffffffffffffffa CCO=EFLAGS
EFER=0000000000000500
    30: v=20 e=0000 i=0 cpl=0 IP=0008:ffffffff802000a9 pc=ffffffff802000a9 SP=0010:ffffffff80219370 env->regs[R_EAX]=0000000000000000
RAX=0000000000000000 RBX=000002d000000000 RCX=0000000000000780 RDX=000000000000001a
RSI=0000030000000000 RDI=0000000000000018 RBP=ffffffff80219370 RSP=ffffffff80219370
R8 =0000032000000000 R9 =0000033000000000 R10=0000034000000000 R11=0000035000000000
R12=0000036000000000 R13=0000037000000000 R14=0000038000000000 R15=0000039000000000
RIP=ffffffff802000a9 RFL=00000246 [---Z-P-] CPL=0 II=0 A20=1 SMM=0 HLT=0
ES =0000 0000000000000000 00000000 00201300
CS =0008 0000000000000000 00000000 00209800 DPL=0 CS64 [---]
SS =0010 0000000000000000 00000000 00209300 DPL=0 DS   [-WA]
DS =0000 0000000000000000 00000000 00201300
FS =0000 0000000000000000 00000000 00201300
GS =0000 0000000000000000 00000000 00201300
LDT=0000 0000000000000000 0000ffff 00008200 DPL=0 LDT
TR =0028 ffffffff80215100 00000068 00008900 DPL=0 TSS64-avl
GDT=     ffffffff802043d0 00000037
IDT=     ffffffff802151e0 00000fff
CR0=80000011 CR2=0000000000000000 CR3=0000000000206000 CR4=00000020
DR0=0000000000000000 DR1=0000000000000000 DR2=0000000000000000 DR3=0000000000000000 
DR6=00000000ffff0ff0 DR7=0000000000000400
CCS=0000000000000044 CCD=fffffffffffffffb CCO=EFLAGS
EFER=0000000000000500
    31: v=20 e=0000 i=0 cpl=0 IP=0008:ffffffff802000a9 pc=ffffffff802000a9 SP=0010:ffffffff80219370 env->regs[R_EAX]=0000000000000000
RAX=0000000000000000 RBX=000002d000000000 RCX=0000000000000780 RDX=000000000000001a
RSI=0000030000000000 RDI=0000000000000018 RBP=ffffffff80219370 RSP=ffffffff80219370
R8 =0000032000000000 R9 =0000033000000000 R10=0000034000000000 R11=0000035000000000
R12=0000036000000000 R13=0000037000000000 R14=0000038000000000 R15=0000039000000000
RIP=ffffffff802000a9 RFL=00000246 [---Z-P-] CPL=0 II=0 A20=1 SMM=0 HLT=0
ES =0000 0000000000000000 00000000 00201300
CS =0008 0000000000000000 00000000 00209800 DPL=0 CS64 [---]
SS =0010 0000000000000000 00000000 00209300 DPL=0 DS   [-WA]
DS =0000 0000000000000000 00000000 00201300
FS =0000 0000000000000000 00000000 00201300
GS =0000 0000000000000000 00000000 00201300
LDT=0000 0000000000000000 0000ffff 00008200 DPL=0 LDT
TR =0028 ffffffff80215100 00000068 00008900 DPL=0 TSS64-avl
GDT=     ffffffff802043d0 00000037
IDT=     ffffffff802151e0 00000fff
CR0=80000011 CR2=0000000000000000 CR3=0000000000206000 CR4=00000020
DR0=0000000000000000 DR1=0000000000000000 DR2=0000000000000000 DR3=0000000000000000 
DR6=00000000ffff0ff0 DR7=0000000000000400
CCS=0000000000000044 CCD=fffffffffffffffc CCO=EFLAGS
EFER=0000000000000500
    32: v=20 e=0000 i=0 cpl=0 IP=0008:ffffffff802000a9 pc=ffffffff802000a9 SP=0010:ffffffff80219370 env->regs[R_EAX]=0000000000000000
RAX=0000000000000000 RBX=000002d000000000 RCX=0000000000000780 RDX=000000000000001a
RSI=0000030000000000 RDI=0000000000000018 RBP=ffffffff80219370 RSP=ffffffff80219370
R8 =0000032000000000 R9 =0000033000000000 R10=0000034000000000 R11=0000035000000000
R12=0000036000000000 R13=0000037000000000 R14=0000038000000000 R15=0000039000000000
RIP=ffffffff802000a9 RFL=00000246 [---Z-P-] CPL=0 II=0 A20=1 SMM=0 HLT=0
ES =0000 0000000000000000 00000000 00201300
CS =0008 0000000000000000 00000000 00209800 DPL=0 CS64 [---]
SS =0010 0000000000000000 00000000 00209300 DPL=0 DS   [-WA]
DS =0000 0000000000000000 00000000 00201300
FS =0000 0000000000000000 00000000 00201300
GS =0000 0000000000000000 00000000 00201300
LDT=0000 0000000000000000 0000ffff 00008200 DPL=0 LDT
TR =0028 ffffffff80215100 00000068 00008900 DPL=0 TSS64-avl
GDT=     ffffffff802043d0 00000037
IDT=     ffffffff802151e0 00000fff
CR0=80000011 CR2=0000000000000000 CR3=0000000000206000 CR4=00000020
DR0=0000000000000000 DR1=0000000000000000 DR2=0000000000000000 DR3=0000000000000000 
DR6=00000000ffff0ff0 DR7=0000000000000400
CCS=0000000000000044 CCD=fffffffffffffffd CCO=EFLAGS
EFER=0000000000000500
    33: v=20 e=0000 i=0 cpl=0 IP=0008:ffffffff802000a9 pc=ffffffff802000a9 SP=0010:ffffffff80219370 env->regs[R_EAX]=0000000000000000
RAX=0000000000000000 RBX=000002d000000000 RCX=0000000000000780 RDX=000000000000001a
RSI=0000030000000000 RDI=0000000000000018 RBP=ffffffff80219370 RSP=ffffffff80219370
R8 =0000032000000000 R9 =0000033000000000 R10=0000034000000000 R11=0000035000000000
R12=0000036000000000 R13=0000037000000000 R14=0000038000000000 R15=0000039000000000
RIP=ffffffff802000a9 RFL=00000246 [---Z-P-] CPL=0 II=0 A20=1 SMM=0 HLT=0
ES =0000 0000000000000000 00000000 00201300
CS =0008 0000000000000000 00000000 00209800 DPL=0 CS64 [---]
SS =0010 0000000000000000 00000000 00209300 DPL=0 DS   [-WA]
DS =0000 0000000000000000 00000000 00201300
FS =0000 0000000000000000 00000000 00201300
GS =0000 0000000000000000 00000000 00201300
LDT=0000 0000000000000000 0000ffff 00008200 DPL=0 LDT
TR =0028 ffffffff80215100 00000068 00008900 DPL=0 TSS64-avl
GDT=     ffffffff802043d0 00000037
IDT=     ffffffff802151e0 00000fff
CR0=80000011 CR2=0000000000000000 CR3=0000000000206000 CR4=00000020
DR0=0000000000000000 DR1=0000000000000000 DR2=0000000000000000 DR3=0000000000000000 
DR6=00000000ffff0ff0 DR7=0000000000000400
CCS=0000000000000044 CCD=fffffffffffffffe CCO=EFLAGS
EFER=0000000000000500
    34: v=20 e=0000 i=0 cpl=0 IP=0008:ffffffff802000a9 pc=ffffffff802000a9 SP=0010:ffffffff80219370 env->regs[R_EAX]=0000000000000000
RAX=0000000000000000 RBX=000002d000000000 RCX=0000000000000780 RDX=000000000000001a
RSI=0000030000000000 RDI=0000000000000018 RBP=ffffffff80219370 RSP=ffffffff80219370
R8 =0000032000000000 R9 =0000033000000000 R10=0000034000000000 R11=0000035000000000
R12=0000036000000000 R13=0000037000000000 R14=0000038000000000 R15=0000039000000000
RIP=ffffffff802000a9 RFL=00000246 [---Z-P-] CPL=0 II=0 A20=1 SMM=0 HLT=0
ES =0000 0000000000000000 00000000 00201300
CS =0008 0000000000000000 00000000 00209800 DPL=0 CS64 [---]
SS =0010 0000000000000000 00000000 00209300 DPL=0 DS   [-WA]
DS =0000 0000000000000000 00000000 00201300
FS =0000 0000000000000000 00000000 00201300
GS =0000 0000000000000000 00000000 00201300
LDT=0000 0000000000000000 0000ffff 00008200 DPL=0 LDT
TR =0028 ffffffff80215100 00000068 00008900 DPL=0 TSS64-avl
GDT=     ffffffff802043d0 00000037
IDT=     ffffffff802151e0 00000fff
CR0=80000011 CR2=0000000000000000 CR3=0000000000206000 CR4=00000020
DR0=0000000000000000 DR1=0000000000000000 DR2=0000000000000000 DR3=0000000000000000 
DR6=00000000ffff0ff0 DR7=0000000000000400
CCS=0000000000000044 CCD=ffffffffffffffff CCO=EFLAGS
EFER=0000000000000500
    35: v=20 e=0000 i=0 cpl=0 IP=0008:ffffffff802000a9 pc=ffffffff802000a9 SP=0010:ffffffff80219370 env->regs[R_EAX]=0000000000000000
RAX=0000000000000000 RBX=000002d000000000 RCX=0000000000000780 RDX=000000000000001a
RSI=0000030000000000 RDI=0000000000000018 RBP=ffffffff80219370 RSP=ffffffff80219370
R8 =0000032000000000 R9 =0000033000000000 R10=0000034000000000 R11=0000035000000000
R12=0000036000000000 R13=0000037000000000 R14=0000038000000000 R15=0000039000000000
RIP=ffffffff802000a9 RFL=00000246 [---Z-P-] CPL=0 II=0 A20=1 SMM=0 HLT=0
ES =0000 0000000000000000 00000000 00201300
CS =0008 0000000000000000 00000000 00209800 DPL=0 CS64 [---]
SS =0010 0000000000000000 00000000 00209300 DPL=0 DS   [-WA]
DS =0000 0000000000000000 00000000 00201300
FS =0000 0000000000000000 00000000 00201300
GS =0000 0000000000000000 00000000 00201300
LDT=0000 0000000000000000 0000ffff 00008200 DPL=0 LDT
TR =0028 ffffffff80215100 00000068 00008900 DPL=0 TSS64-avl
GDT=     ffffffff802043d0 00000037
IDT=     ffffffff802151e0 00000fff
CR0=80000011 CR2=0000000000000000 CR3=0000000000206000 CR4=00000020
DR0=0000000000000000 DR1=0000000000000000 DR2=0000000000000000 DR3=0000000000000000 
DR6=00000000ffff0ff0 DR7=0000000000000400
CCS=0000000000000044 CCD=0000000000000000 CCO=EFLAGS
EFER=0000000000000500
    36: v=20 e=0000 i=0 cpl=3 IP=001b:000000000040007c pc=000000000040007c SP=0023:00007fffffffffe8 env->regs[R_EAX]=ffffffff8021822d
RAX=ffffffff8021822d RBX=0000000000000000 RCX=0000000000000780 RDX=0000000000000008
RSI=00007ffffffffff0 RDI=ffffffff8021822d RBP=00007fffffffffe8 RSP=00007fffffffffe8
R8 =0000000000000000 R9 =0000000000000000 R10=0000000000000000 R11=0000000000000000
R12=0000000000000000 R13=0000000000000000 R14=0000000000000000 R15=0000000000000000
RIP=000000000040007c RFL=00000202 [-------] CPL=3 II=0 A20=1 SMM=0 HLT=0
ES =0000 0000000000000000 00000000 00201300
CS =001b 0000000000000000 ffffffff 00affa00 DPL=3 CS64 [-R-]
SS =0023 0000000000000000 ffffffff 008ff200 DPL=3 DS   [-W-]
DS =0000 0000000000000000 00000000 00201300
FS =0000 0000000000000000 00000000 00201300
GS =0000 0000000000000000 00000000 00201300
LDT=0000 0000000000000000 0000ffff 00008200 DPL=0 LDT
TR =0028 ffffffff80215100 00000068 00008900 DPL=0 TSS64-avl
GDT=     ffffffff802043d0 00000037
IDT=     ffffffff802151e0 00000fff
CR0=80000011 CR2=0000000000000000 CR3=0000000000206000 CR4=00000020
DR0=0000000000000000 DR1=0000000000000000 DR2=0000000000000000 DR3=0000000000000000 
DR6=00000000ffff0ff0 DR7=0000000000000400
CCS=0000000000000000 CCD=0000000000000002 CCO=EFLAGS
EFER=0000000000000500
    37: v=20 e=0000 i=0 cpl=3 IP=001b:000000000040007c pc=000000000040007c SP=0023:00007fffffffffe8 env->regs[R_EAX]=ffffffff8021822d
RAX=ffffffff8021822d RBX=0000000000000000 RCX=0000000000000780 RDX=0000000000000008
RSI=00007ffffffffff0 RDI=ffffffff8021822d RBP=00007fffffffffe8 RSP=00007fffffffffe8
R8 =0000000000000000 R9 =0000000000000000 R10=0000000000000000 R11=0000000000000000
R12=0000000000000000 R13=0000000000000000 R14=0000000000000000 R15=0000000000000000
RIP=000000000040007c RFL=00000202 [-------] CPL=3 II=0 A20=1 SMM=0 HLT=0
ES =0000 0000000000000000 00000000 00201300
CS =001b 0000000000000000 ffffffff 00affa00 DPL=3 CS64 [-R-]
SS =0023 0000000000000000 ffffffff 008ff200 DPL=3 DS   [-W-]
DS =0000 0000000000000000 00000000 00201300
FS =0000 0000000000000000 00000000 00201300
GS =0000 0000000000000000 00000000 00201300
LDT=0000 0000000000000000 0000ffff 00008200 DPL=0 LDT
TR =0028 ffffffff80215100 00000068 00008900 DPL=0 TSS64-avl
GDT=     ffffffff802043d0 00000037
IDT=     ffffffff802151e0 00000fff
CR0=80000011 CR2=0000000000000000 CR3=0000000000206000 CR4=00000020
DR0=0000000000000000 DR1=0000000000000000 DR2=0000000000000000 DR3=0000000000000000 
DR6=00000000ffff0ff0 DR7=0000000000000400
CCS=0000000000000000 CCD=fffffffffffffff0 CCO=EFLAGS
EFER=0000000000000500
    38: v=20 e=0000 i=0 cpl=3 IP=001b:000000000040007c pc=000000000040007c SP=0023:00007fffffffffe8 env->regs[R_EAX]=ffffffff8021822d
RAX=ffffffff8021822d RBX=0000000000000000 RCX=0000000000000780 RDX=0000000000000008
RSI=00007ffffffffff0 RDI=ffffffff8021822d RBP=00007fffffffffe8 RSP=00007fffffffffe8
R8 =0000000000000000 R9 =0000000000000000 R10=0000000000000000 R11=0000000000000000
R12=0000000000000000 R13=0000000000000000 R14=0000000000000000 R15=0000000000000000
RIP=000000000040007c RFL=00000202 [-------] CPL=3 II=0 A20=1 SMM=0 HLT=0
ES =0000 0000000000000000 00000000 00201300
CS =001b 0000000000000000 ffffffff 00affa00 DPL=3 CS64 [-R-]
SS =0023 0000000000000000 ffffffff 008ff200 DPL=3 DS   [-W-]
DS =0000 0000000000000000 00000000 00201300
FS =0000 0000000000000000 00000000 00201300
GS =0000 0000000000000000 00000000 00201300
LDT=0000 0000000000000000 0000ffff 00008200 DPL=0 LDT
TR =0028 ffffffff80215100 00000068 00008900 DPL=0 TSS64-avl
GDT=     ffffffff802043d0 00000037
IDT=     ffffffff802151e0 00000fff
CR0=80000011 CR2=0000000000000000 CR3=0000000000206000 CR4=00000020
DR0=0000000000000000 DR1=0000000000000000 DR2=0000000000000000 DR3=0000000000000000 
DR6=00000000ffff0ff0 DR7=0000000000000400
CCS=0000000000000000 CCD=fffffffffffffff1 CCO=EFLAGS
EFER=0000000000000500
    39: v=20 e=0000 i=0 cpl=3 IP=001b:000000000040007c pc=000000000040007c SP=0023:00007fffffffffe8 env->regs[R_EAX]=ffffffff8021822d
RAX=ffffffff8021822d RBX=0000000000000000 RCX=0000000000000780 RDX=0000000000000008
RSI=00007ffffffffff0 RDI=ffffffff8021822d RBP=00007fffffffffe8 RSP=00007fffffffffe8
R8 =0000000000000000 R9 =0000000000000000 R10=0000000000000000 R11=0000000000000000
R12=0000000000000000 R13=0000000000000000 R14=0000000000000000 R15=0000000000000000
RIP=000000000040007c RFL=00000202 [-------] CPL=3 II=0 A20=1 SMM=0 HLT=0
ES =0000 0000000000000000 00000000 00201300
CS =001b 0000000000000000 ffffffff 00affa00 DPL=3 CS64 [-R-]
SS =0023 0000000000000000 ffffffff 008ff200 DPL=3 DS   [-W-]
DS =0000 0000000000000000 00000000 00201300
FS =0000 0000000000000000 00000000 00201300
GS =0000 0000000000000000 00000000 00201300
LDT=0000 0000000000000000 0000ffff 00008200 DPL=0 LDT
TR =0028 ffffffff80215100 00000068 00008900 DPL=0 TSS64-avl
GDT=     ffffffff802043d0 00000037
IDT=     ffffffff802151e0 00000fff
CR0=80000011 CR2=0000000000000000 CR3=0000000000206000 CR4=00000020
DR0=0000000000000000 DR1=0000000000000000 DR2=0000000000000000 DR3=0000000000000000 
DR6=00000000ffff0ff0 DR7=0000000000000400
CCS=0000000000000000 CCD=fffffffffffffff2 CCO=EFLAGS
EFER=0000000000000500
    40: v=20 e=0000 i=0 cpl=3 IP=001b:000000000040007c pc=000000000040007c SP=0023:00007fffffffffe8 env->regs[R_EAX]=ffffffff8021822d
RAX=ffffffff8021822d RBX=0000000000000000 RCX=0000000000000780 RDX=0000000000000008
RSI=00007ffffffffff0 RDI=ffffffff8021822d RBP=00007fffffffffe8 RSP=00007fffffffffe8
R8 =0000000000000000 R9 =0000000000000000 R10=0000000000000000 R11=0000000000000000
R12=0000000000000000 R13=0000000000000000 R14=0000000000000000 R15=0000000000000000
RIP=000000000040007c RFL=00000202 [-------] CPL=3 II=0 A20=1 SMM=0 HLT=0
ES =0000 0000000000000000 00000000 00201300
CS =001b 0000000000000000 ffffffff 00affa00 DPL=3 CS64 [-R-]
SS =0023 0000000000000000 ffffffff 008ff200 DPL=3 DS   [-W-]
DS =0000 0000000000000000 00000000 00201300
FS =0000 0000000000000000 00000000 00201300
GS =0000 0000000000000000 00000000 00201300
LDT=0000 0000000000000000 0000ffff 00008200 DPL=0 LDT
TR =0028 ffffffff80215100 00000068 00008900 DPL=0 TSS64-avl
GDT=     ffffffff802043d0 00000037
IDT=     ffffffff802151e0 00000fff
CR0=80000011 CR2=0000000000000000 CR3=0000000000206000 CR4=00000020
DR0=0000000000000000 DR1=0000000000000000 DR2=0000000000000000 DR3=0000000000000000 
DR6=00000000ffff0ff0 DR7=0000000000000400
CCS=0000000000000000 CCD=fffffffffffffff3 CCO=EFLAGS
EFER=0000000000000500
    41: v=20 e=0000 i=0 cpl=3 IP=001b:000000000040007c pc=000000000040007c SP=0023:00007fffffffffe8 env->regs[R_EAX]=ffffffff8021822d
RAX=ffffffff8021822d RBX=0000000000000000 RCX=0000000000000780 RDX=0000000000000008
RSI=00007ffffffffff0 RDI=ffffffff8021822d RBP=00007fffffffffe8 RSP=00007fffffffffe8
R8 =0000000000000000 R9 =0000000000000000 R10=0000000000000000 R11=0000000000000000
R12=0000000000000000 R13=0000000000000000 R14=0000000000000000 R15=0000000000000000
RIP=000000000040007c RFL=00000202 [-------] CPL=3 II=0 A20=1 SMM=0 HLT=0
ES =0000 0000000000000000 00000000 00201300
CS =001b 0000000000000000 ffffffff 00affa00 DPL=3 CS64 [-R-]
SS =0023 0000000000000000 ffffffff 008ff200 DPL=3 DS   [-W-]
DS =0000 0000000000000000 00000000 00201300
FS =0000 0000000000000000 00000000 00201300
GS =0000 0000000000000000 00000000 00201300
LDT=0000 0000000000000000 0000ffff 00008200 DPL=0 LDT
TR =0028 ffffffff80215100 00000068 00008900 DPL=0 TSS64-avl
GDT=     ffffffff802043d0 00000037
IDT=     ffffffff802151e0 00000fff
CR0=80000011 CR2=0000000000000000 CR3=0000000000206000 CR4=00000020
DR0=0000000000000000 DR1=0000000000000000 DR2=0000000000000000 DR3=0000000000000000 
DR6=00000000ffff0ff0 DR7=0000000000000400
CCS=0000000000000000 CCD=fffffffffffffff4 CCO=EFLAGS
EFER=0000000000000500
    42: v=20 e=0000 i=0 cpl=3 IP=001b:000000000040007c pc=000000000040007c SP=0023:00007fffffffffe8 env->regs[R_EAX]=ffffffff8021822d
RAX=ffffffff8021822d RBX=0000000000000000 RCX=0000000000000780 RDX=0000000000000008
RSI=00007ffffffffff0 RDI=ffffffff8021822d RBP=00007fffffffffe8 RSP=00007fffffffffe8
R8 =0000000000000000 R9 =0000000000000000 R10=0000000000000000 R11=0000000000000000
R12=0000000000000000 R13=0000000000000000 R14=0000000000000000 R15=0000000000000000
RIP=000000000040007c RFL=00000202 [-------] CPL=3 II=0 A20=1 SMM=0 HLT=0
ES =0000 0000000000000000 00000000 00201300
CS =001b 0000000000000000 ffffffff 00affa00 DPL=3 CS64 [-R-]
SS =0023 0000000000000000 ffffffff 008ff200 DPL=3 DS   [-W-]
DS =0000 0000000000000000 00000000 00201300
FS =0000 0000000000000000 00000000 00201300
GS =0000 0000000000000000 00000000 00201300
LDT=0000 0000000000000000 0000ffff 00008200 DPL=0 LDT
TR =0028 ffffffff80215100 00000068 00008900 DPL=0 TSS64-avl
GDT=     ffffffff802043d0 00000037
IDT=     ffffffff802151e0 00000fff
CR0=80000011 CR2=0000000000000000 CR3=0000000000206000 CR4=00000020
DR0=0000000000000000 DR1=0000000000000000 DR2=0000000000000000 DR3=0000000000000000 
DR6=00000000ffff0ff0 DR7=0000000000000400
CCS=0000000000000000 CCD=fffffffffffffff5 CCO=EFLAGS
EFER=0000000000000500
    43: v=20 e=0000 i=0 cpl=3 IP=001b:000000000040007c pc=000000000040007c SP=0023:00007fffffffffe8 env->regs[R_EAX]=ffffffff8021822d
RAX=ffffffff8021822d RBX=0000000000000000 RCX=0000000000000780 RDX=0000000000000008
RSI=00007ffffffffff0 RDI=ffffffff8021822d RBP=00007fffffffffe8 RSP=00007fffffffffe8
R8 =0000000000000000 R9 =0000000000000000 R10=0000000000000000 R11=0000000000000000
R12=0000000000000000 R13=0000000000000000 R14=0000000000000000 R15=0000000000000000
RIP=000000000040007c RFL=00000202 [-------] CPL=3 II=0 A20=1 SMM=0 HLT=0
ES =0000 0000000000000000 00000000 00201300
CS =001b 0000000000000000 ffffffff 00affa00 DPL=3 CS64 [-R-]
SS =0023 0000000000000000 ffffffff 008ff200 DPL=3 DS   [-W-]
DS =0000 0000000000000000 00000000 00201300
FS =0000 0000000000000000 00000000 00201300
GS =0000 0000000000000000 00000000 00201300
LDT=0000 0000000000000000 0000ffff 00008200 DPL=0 LDT
TR =0028 ffffffff80215100 00000068 00008900 DPL=0 TSS64-avl
GDT=     ffffffff802043d0 00000037
IDT=     ffffffff802151e0 00000fff
CR0=80000011 CR2=0000000000000000 CR3=0000000000206000 CR4=00000020
DR0=0000000000000000 DR1=0000000000000000 DR2=0000000000000000 DR3=0000000000000000 
DR6=00000000ffff0ff0 DR7=0000000000000400
CCS=0000000000000000 CCD=fffffffffffffff6 CCO=EFLAGS
EFER=0000000000000500
    44: v=20 e=0000 i=0 cpl=3 IP=001b:000000000040007c pc=000000000040007c SP=0023:00007fffffffffe8 env->regs[R_EAX]=ffffffff8021822d
RAX=ffffffff8021822d RBX=0000000000000000 RCX=0000000000000780 RDX=0000000000000008
RSI=00007ffffffffff0 RDI=ffffffff8021822d RBP=00007fffffffffe8 RSP=00007fffffffffe8
R8 =0000000000000000 R9 =0000000000000000 R10=0000000000000000 R11=0000000000000000
R12=0000000000000000 R13=0000000000000000 R14=0000000000000000 R15=0000000000000000
RIP=000000000040007c RFL=00000202 [-------] CPL=3 II=0 A20=1 SMM=0 HLT=0
ES =0000 0000000000000000 00000000 00201300
CS =001b 0000000000000000 ffffffff 00affa00 DPL=3 CS64 [-R-]
SS =0023 0000000000000000 ffffffff 008ff200 DPL=3 DS   [-W-]
DS =0000 0000000000000000 00000000 00201300
FS =0000 0000000000000000 00000000 00201300
GS =0000 0000000000000000 00000000 00201300
LDT=0000 0000000000000000 0000ffff 00008200 DPL=0 LDT
TR =0028 ffffffff80215100 00000068 00008900 DPL=0 TSS64-avl
GDT=     ffffffff802043d0 00000037
IDT=     ffffffff802151e0 00000fff
CR0=80000011 CR2=0000000000000000 CR3=0000000000206000 CR4=00000020
DR0=0000000000000000 DR1=0000000000000000 DR2=0000000000000000 DR3=0000000000000000 
DR6=00000000ffff0ff0 DR7=0000000000000400
CCS=0000000000000000 CCD=fffffffffffffff7 CCO=EFLAGS
EFER=0000000000000500
    45: v=20 e=0000 i=0 cpl=3 IP=001b:000000000040007c pc=000000000040007c SP=0023:00007fffffffffe8 env->regs[R_EAX]=ffffffff8021822d
RAX=ffffffff8021822d RBX=0000000000000000 RCX=0000000000000780 RDX=0000000000000008
RSI=00007ffffffffff0 RDI=ffffffff8021822d RBP=00007fffffffffe8 RSP=00007fffffffffe8
R8 =0000000000000000 R9 =0000000000000000 R10=0000000000000000 R11=0000000000000000
R12=0000000000000000 R13=0000000000000000 R14=0000000000000000 R15=0000000000000000
RIP=000000000040007c RFL=00000202 [-------] CPL=3 II=0 A20=1 SMM=0 HLT=0
ES =0000 0000000000000000 00000000 00201300
CS =001b 0000000000000000 ffffffff 00affa00 DPL=3 CS64 [-R-]
SS =0023 0000000000000000 ffffffff 008ff200 DPL=3 DS   [-W-]
DS =0000 0000000000000000 00000000 00201300
FS =0000 0000000000000000 00000000 00201300
GS =0000 0000000000000000 00000000 00201300
LDT=0000 0000000000000000 0000ffff 00008200 DPL=0 LDT
TR =0028 ffffffff80215100 00000068 00008900 DPL=0 TSS64-avl
GDT=     ffffffff802043d0 00000037
IDT=     ffffffff802151e0 00000fff
CR0=80000011 CR2=0000000000000000 CR3=0000000000206000 CR4=00000020
DR0=0000000000000000 DR1=0000000000000000 DR2=0000000000000000 DR3=0000000000000000 
DR6=00000000ffff0ff0 DR7=0000000000000400
CCS=0000000000000000 CCD=fffffffffffffff8 CCO=EFLAGS
EFER=0000000000000500
    46: v=20 e=0000 i=0 cpl=3 IP=001b:000000000040007c pc=000000000040007c SP=0023:00007fffffffffe8 env->regs[R_EAX]=ffffffff8021822d
RAX=ffffffff8021822d RBX=0000000000000000 RCX=0000000000000780 RDX=0000000000000008
RSI=00007ffffffffff0 RDI=ffffffff8021822d RBP=00007fffffffffe8 RSP=00007fffffffffe8
R8 =0000000000000000 R9 =0000000000000000 R10=0000000000000000 R11=0000000000000000
R12=0000000000000000 R13=0000000000000000 R14=0000000000000000 R15=0000000000000000
RIP=000000000040007c RFL=00000202 [-------] CPL=3 II=0 A20=1 SMM=0 HLT=0
ES =0000 0000000000000000 00000000 00201300
CS =001b 0000000000000000 ffffffff 00affa00 DPL=3 CS64 [-R-]
SS =0023 0000000000000000 ffffffff 008ff200 DPL=3 DS   [-W-]
DS =0000 0000000000000000 00000000 00201300
FS =0000 0000000000000000 00000000 00201300
GS =0000 0000000000000000 00000000 00201300
LDT=0000 0000000000000000 0000ffff 00008200 DPL=0 LDT
TR =0028 ffffffff80215100 00000068 00008900 DPL=0 TSS64-avl
GDT=     ffffffff802043d0 00000037
IDT=     ffffffff802151e0 00000fff
CR0=80000011 CR2=0000000000000000 CR3=0000000000206000 CR4=00000020
DR0=0000000000000000 DR1=0000000000000000 DR2=0000000000000000 DR3=0000000000000000 
DR6=00000000ffff0ff0 DR7=0000000000000400
CCS=0000000000000000 CCD=fffffffffffffff9 CCO=EFLAGS
EFER=0000000000000500
    47: v=20 e=0000 i=0 cpl=3 IP=001b:000000000040007c pc=000000000040007c SP=0023:00007fffffffffe8 env->regs[R_EAX]=ffffffff8021822d
RAX=ffffffff8021822d RBX=0000000000000000 RCX=0000000000000780 RDX=0000000000000008
RSI=00007ffffffffff0 RDI=ffffffff8021822d RBP=00007fffffffffe8 RSP=00007fffffffffe8
R8 =0000000000000000 R9 =0000000000000000 R10=0000000000000000 R11=0000000000000000
R12=0000000000000000 R13=0000000000000000 R14=0000000000000000 R15=0000000000000000
RIP=000000000040007c RFL=00000202 [-------] CPL=3 II=0 A20=1 SMM=0 HLT=0
ES =0000 0000000000000000 00000000 00201300
CS =001b 0000000000000000 ffffffff 00affa00 DPL=3 CS64 [-R-]
SS =0023 0000000000000000 ffffffff 008ff200 DPL=3 DS   [-W-]
DS =0000 0000000000000000 00000000 00201300
FS =0000 0000000000000000 00000000 00201300
GS =0000 0000000000000000 00000000 00201300
LDT=0000 0000000000000000 0000ffff 00008200 DPL=0 LDT
TR =0028 ffffffff80215100 00000068 00008900 DPL=0 TSS64-avl
GDT=     ffffffff802043d0 00000037
IDT=     ffffffff802151e0 00000fff
CR0=80000011 CR2=0000000000000000 CR3=0000000000206000 CR4=00000020
DR0=0000000000000000 DR1=0000000000000000 DR2=0000000000000000 DR3=0000000000000000 
DR6=00000000ffff0ff0 DR7=0000000000000400
CCS=0000000000000000 CCD=fffffffffffffffa CCO=EFLAGS
EFER=0000000000000500
    48: v=20 e=0000 i=0 cpl=3 IP=001b:000000000040007c pc=000000000040007c SP=0023:00007fffffffffe8 env->regs[R_EAX]=ffffffff8021822d
RAX=ffffffff8021822d RBX=0000000000000000 RCX=0000000000000780 RDX=0000000000000008
RSI=00007ffffffffff0 RDI=ffffffff8021822d RBP=00007fffffffffe8 RSP=00007fffffffffe8
R8 =0000000000000000 R9 =0000000000000000 R10=0000000000000000 R11=0000000000000000
R12=0000000000000000 R13=0000000000000000 R14=0000000000000000 R15=0000000000000000
RIP=000000000040007c RFL=00000202 [-------] CPL=3 II=0 A20=1 SMM=0 HLT=0
ES =0000 0000000000000000 00000000 00201300
CS =001b 0000000000000000 ffffffff 00affa00 DPL=3 CS64 [-R-]
SS =0023 0000000000000000 ffffffff 008ff200 DPL=3 DS   [-W-]
DS =0000 0000000000000000 00000000 00201300
FS =0000 0000000000000000 00000000 00201300
GS =0000 0000000000000000 00000000 00201300
LDT=0000 0000000000000000 0000ffff 00008200 DPL=0 LDT
TR =0028 ffffffff80215100 00000068 00008900 DPL=0 TSS64-avl
GDT=     ffffffff802043d0 00000037
IDT=     ffffffff802151e0 00000fff
CR0=80000011 CR2=0000000000000000 CR3=0000000000206000 CR4=00000020
DR0=0000000000000000 DR1=0000000000000000 DR2=0000000000000000 DR3=0000000000000000 
DR6=00000000ffff0ff0 DR7=0000000000000400
CCS=0000000000000000 CCD=fffffffffffffffb CCO=EFLAGS
EFER=0000000000000500
    49: v=20 e=0000 i=0 cpl=3 IP=001b:000000000040007c pc=000000000040007c SP=0023:00007fffffffffe8 env->regs[R_EAX]=ffffffff8021822d
RAX=ffffffff8021822d RBX=0000000000000000 RCX=0000000000000780 RDX=0000000000000008
RSI=00007ffffffffff0 RDI=ffffffff8021822d RBP=00007fffffffffe8 RSP=00007fffffffffe8
R8 =0000000000000000 R9 =0000000000000000 R10=0000000000000000 R11=0000000000000000
R12=0000000000000000 R13=0000000000000000 R14=0000000000000000 R15=0000000000000000
RIP=000000000040007c RFL=00000202 [-------] CPL=3 II=0 A20=1 SMM=0 HLT=0
ES =0000 0000000000000000 00000000 00201300
CS =001b 0000000000000000 ffffffff 00affa00 DPL=3 CS64 [-R-]
SS =0023 0000000000000000 ffffffff 008ff200 DPL=3 DS   [-W-]
DS =0000 0000000000000000 00000000 00201300
FS =0000 0000000000000000 00000000 00201300
GS =0000 0000000000000000 00000000 00201300
LDT=0000 0000000000000000 0000ffff 00008200 DPL=0 LDT
TR =0028 ffffffff80215100 00000068 00008900 DPL=0 TSS64-avl
GDT=     ffffffff802043d0 00000037
IDT=     ffffffff802151e0 00000fff
CR0=80000011 CR2=0000000000000000 CR3=0000000000206000 CR4=00000020
DR0=0000000000000000 DR1=0000000000000000 DR2=0000000000000000 DR3=0000000000000000 
DR6=00000000ffff0ff0 DR7=0000000000000400
CCS=0000000000000000 CCD=fffffffffffffffc CCO=EFLAGS
EFER=0000000000000500
    50: v=20 e=0000 i=0 cpl=3 IP=001b:000000000040007c pc=000000000040007c SP=0023:00007fffffffffe8 env->regs[R_EAX]=ffffffff8021822d
RAX=ffffffff8021822d RBX=0000000000000000 RCX=0000000000000780 RDX=0000000000000008
RSI=00007ffffffffff0 RDI=ffffffff8021822d RBP=00007fffffffffe8 RSP=00007fffffffffe8
R8 =0000000000000000 R9 =0000000000000000 R10=0000000000000000 R11=0000000000000000
R12=0000000000000000 R13=0000000000000000 R14=0000000000000000 R15=0000000000000000
RIP=000000000040007c RFL=00000202 [-------] CPL=3 II=0 A20=1 SMM=0 HLT=0
ES =0000 0000000000000000 00000000 00201300
CS =001b 0000000000000000 ffffffff 00affa00 DPL=3 CS64 [-R-]
SS =0023 0000000000000000 ffffffff 008ff200 DPL=3 DS   [-W-]
DS =0000 0000000000000000 00000000 00201300
FS =0000 0000000000000000 00000000 00201300
GS =0000 0000000000000000 00000000 00201300
LDT=0000 0000000000000000 0000ffff 00008200 DPL=0 LDT
TR =0028 ffffffff80215100 00000068 00008900 DPL=0 TSS64-avl
GDT=     ffffffff802043d0 00000037
IDT=     ffffffff802151e0 00000fff
CR0=80000011 CR2=0000000000000000 CR3=0000000000206000 CR4=00000020
DR0=0000000000000000 DR1=0000000000000000 DR2=0000000000000000 DR3=0000000000000000 
DR6=00000000ffff0ff0 DR7=0000000000000400
CCS=0000000000000000 CCD=fffffffffffffffd CCO=EFLAGS
EFER=0000000000000500
    51: v=20 e=0000 i=0 cpl=3 IP=001b:000000000040007c pc=000000000040007c SP=0023:00007fffffffffe8 env->regs[R_EAX]=ffffffff8021822d
RAX=ffffffff8021822d RBX=0000000000000000 RCX=0000000000000780 RDX=0000000000000008
RSI=00007ffffffffff0 RDI=ffffffff8021822d RBP=00007fffffffffe8 RSP=00007fffffffffe8
R8 =0000000000000000 R9 =0000000000000000 R10=0000000000000000 R11=0000000000000000
R12=0000000000000000 R13=0000000000000000 R14=0000000000000000 R15=0000000000000000
RIP=000000000040007c RFL=00000202 [-------] CPL=3 II=0 A20=1 SMM=0 HLT=0
ES =0000 0000000000000000 00000000 00201300
CS =001b 0000000000000000 ffffffff 00affa00 DPL=3 CS64 [-R-]
SS =0023 0000000000000000 ffffffff 008ff200 DPL=3 DS   [-W-]
DS =0000 0000000000000000 00000000 00201300
FS =0000 0000000000000000 00000000 00201300
GS =0000 0000000000000000 00000000 00201300
LDT=0000 0000000000000000 0000ffff 00008200 DPL=0 LDT
TR =0028 ffffffff80215100 00000068 00008900 DPL=0 TSS64-avl
GDT=     ffffffff802043d0 00000037
IDT=     ffffffff802151e0 00000fff
CR0=80000011 CR2=0000000000000000 CR3=0000000000206000 CR4=00000020
DR0=0000000000000000 DR1=0000000000000000 DR2=0000000000000000 DR3=0000000000000000 
DR6=00000000ffff0ff0 DR7=0000000000000400
CCS=0000000000000000 CCD=fffffffffffffffe CCO=EFLAGS
EFER=0000000000000500
    52: v=20 e=0000 i=0 cpl=3 IP=001b:000000000040007c pc=000000000040007c SP=0023:00007fffffffffe8 env->regs[R_EAX]=ffffffff8021822d
RAX=ffffffff8021822d RBX=0000000000000000 RCX=0000000000000780 RDX=0000000000000008
RSI=00007ffffffffff0 RDI=ffffffff8021822d RBP=00007fffffffffe8 RSP=00007fffffffffe8
R8 =0000000000000000 R9 =0000000000000000 R10=0000000000000000 R11=0000000000000000
R12=0000000000000000 R13=0000000000000000 R14=0000000000000000 R15=0000000000000000
RIP=000000000040007c RFL=00000202 [-------] CPL=3 II=0 A20=1 SMM=0 HLT=0
ES =0000 0000000000000000 00000000 00201300
CS =001b 0000000000000000 ffffffff 00affa00 DPL=3 CS64 [-R-]
SS =0023 0000000000000000 ffffffff 008ff200 DPL=3 DS   [-W-]
DS =0000 0000000000000000 00000000 00201300
FS =0000 0000000000000000 00000000 00201300
GS =0000 0000000000000000 00000000 00201300
LDT=0000 0000000000000000 0000ffff 00008200 DPL=0 LDT
TR =0028 ffffffff80215100 00000068 00008900 DPL=0 TSS64-avl
GDT=     ffffffff802043d0 00000037
IDT=     ffffffff802151e0 00000fff
CR0=80000011 CR2=0000000000000000 CR3=0000000000206000 CR4=00000020
DR0=0000000000000000 DR1=0000000000000000 DR2=0000000000000000 DR3=0000000000000000 
DR6=00000000ffff0ff0 DR7=0000000000000400
CCS=0000000000000000 CCD=ffffffffffffffff CCO=EFLAGS
EFER=0000000000000500
    53: v=20 e=0000 i=0 cpl=3 IP=001b:000000000040007c pc=000000000040007c SP=0023:00007fffffffffe8 env->regs[R_EAX]=ffffffff8021822d
RAX=ffffffff8021822d RBX=0000000000000000 RCX=0000000000000780 RDX=0000000000000008
RSI=00007ffffffffff0 RDI=ffffffff8021822d RBP=00007fffffffffe8 RSP=00007fffffffffe8
R8 =0000000000000000 R9 =0000000000000000 R10=0000000000000000 R11=0000000000000000
R12=0000000000000000 R13=0000000000000000 R14=0000000000000000 R15=0000000000000000
RIP=000000000040007c RFL=00000202 [-------] CPL=3 II=0 A20=1 SMM=0 HLT=0
ES =0000 0000000000000000 00000000 00201300
CS =001b 0000000000000000 ffffffff 00affa00 DPL=3 CS64 [-R-]
SS =0023 0000000000000000 ffffffff 008ff200 DPL=3 DS   [-W-]
DS =0000 0000000000000000 00000000 00201300
FS =0000 0000000000000000 00000000 00201300
GS =0000 0000000000000000 00000000 00201300
LDT=0000 0000000000000000 0000ffff 00008200 DPL=0 LDT
TR =0028 ffffffff80215100 00000068 00008900 DPL=0 TSS64-avl
GDT=     ffffffff802043d0 00000037
IDT=     ffffffff802151e0 00000fff
CR0=80000011 CR2=0000000000000000 CR3=0000000000206000 CR4=00000020
DR0=0000000000000000 DR1=0000000000000000 DR2=0000000000000000 DR3=0000000000000000 
DR6=00000000ffff0ff0 DR7=0000000000000400
CCS=0000000000000000 CCD=0000000000000000 CCO=EFLAGS
EFER=0000000000000500
    54: v=20 e=0000 i=0 cpl=0 IP=0008:ffffffff802000a9 pc=ffffffff802000a9 SP=0010:ffffffff80219370 env->regs[R_EAX]=0000000000000000
RAX=0000000000000000 RBX=000002d000000000 RCX=0000000000000780 RDX=000000000000001a
RSI=0000030000000000 RDI=0000000000000018 RBP=ffffffff80219370 RSP=ffffffff80219370
R8 =0000032000000000 R9 =0000033000000000 R10=0000034000000000 R11=0000035000000000
R12=0000036000000000 R13=0000037000000000 R14=0000038000000000 R15=0000039000000000
RIP=ffffffff802000a9 RFL=00000246 [---Z-P-] CPL=0 II=0 A20=1 SMM=0 HLT=0
ES =0000 0000000000000000 00000000 00201300
CS =0008 0000000000000000 00000000 00209800 DPL=0 CS64 [---]
SS =0010 0000000000000000 00000000 00209300 DPL=0 DS   [-WA]
DS =0000 0000000000000000 00000000 00201300
FS =0000 0000000000000000 00000000 00201300
GS =0000 0000000000000000 00000000 00201300
LDT=0000 0000000000000000 0000ffff 00008200 DPL=0 LDT
TR =0028 ffffffff80215100 00000068 00008900 DPL=0 TSS64-avl
GDT=     ffffffff802043d0 00000037
IDT=     ffffffff802151e0 00000fff
CR0=80000011 CR2=0000000000000000 CR3=0000000000206000 CR4=00000020
DR0=0000000000000000 DR1=0000000000000000 DR2=0000000000000000 DR3=0000000000000000 
DR6=00000000ffff0ff0 DR7=0000000000000400
CCS=0000000000000044 CCD=0000000000000003 CCO=EFLAGS
EFER=0000000000000500
    55: v=20 e=0000 i=0 cpl=0 IP=0008:ffffffff802000a9 pc=ffffffff802000a9 SP=0010:ffffffff80219370 env->regs[R_EAX]=0000000000000000
RAX=0000000000000000 RBX=000002d000000000 RCX=0000000000000780 RDX=000000000000001a
RSI=0000030000000000 RDI=0000000000000018 RBP=ffffffff80219370 RSP=ffffffff80219370
R8 =0000032000000000 R9 =0000033000000000 R10=0000034000000000 R11=0000035000000000
R12=0000036000000000 R13=0000037000000000 R14=0000038000000000 R15=0000039000000000
RIP=ffffffff802000a9 RFL=00000246 [---Z-P-] CPL=0 II=0 A20=1 SMM=0 HLT=0
ES =0000 0000000000000000 00000000 00201300
CS =0008 0000000000000000 00000000 00209800 DPL=0 CS64 [---]
SS =0010 0000000000000000 00000000 00209300 DPL=0 DS   [-WA]
DS =0000 0000000000000000 00000000 00201300
FS =0000 0000000000000000 00000000 00201300
GS =0000 0000000000000000 00000000 00201300
LDT=0000 0000000000000000 0000ffff 00008200 DPL=0 LDT
TR =0028 ffffffff80215100 00000068 00008900 DPL=0 TSS64-avl
GDT=     ffffffff802043d0 00000037
IDT=     ffffffff802151e0 00000fff
CR0=80000011 CR2=0000000000000000 CR3=0000000000206000 CR4=00000020
DR0=0000000000000000 DR1=0000000000000000 DR2=0000000000000000 DR3=0000000000000000 
DR6=00000000ffff0ff0 DR7=0000000000000400
CCS=0000000000000044 CCD=fffffffffffffff0 CCO=EFLAGS
EFER=0000000000000500
    56: v=20 e=0000 i=0 cpl=0 IP=0008:ffffffff802000a9 pc=ffffffff802000a9 SP=0010:ffffffff80219370 env->regs[R_EAX]=0000000000000000
RAX=0000000000000000 RBX=000002d000000000 RCX=0000000000000780 RDX=000000000000001a
RSI=0000030000000000 RDI=0000000000000018 RBP=ffffffff80219370 RSP=ffffffff80219370
R8 =0000032000000000 R9 =0000033000000000 R10=0000034000000000 R11=0000035000000000
R12=0000036000000000 R13=0000037000000000 R14=0000038000000000 R15=0000039000000000
RIP=ffffffff802000a9 RFL=00000246 [---Z-P-] CPL=0 II=0 A20=1 SMM=0 HLT=0
ES =0000 0000000000000000 00000000 00201300
CS =0008 0000000000000000 00000000 00209800 DPL=0 CS64 [---]
SS =0010 0000000000000000 00000000 00209300 DPL=0 DS   [-WA]
DS =0000 0000000000000000 00000000 00201300
FS =0000 0000000000000000 00000000 00201300
GS =0000 0000000000000000 00000000 00201300
LDT=0000 0000000000000000 0000ffff 00008200 DPL=0 LDT
TR =0028 ffffffff80215100 00000068 00008900 DPL=0 TSS64-avl
GDT=     ffffffff802043d0 00000037
IDT=     ffffffff802151e0 00000fff
CR0=80000011 CR2=0000000000000000 CR3=0000000000206000 CR4=00000020
DR0=0000000000000000 DR1=0000000000000000 DR2=0000000000000000 DR3=0000000000000000 
DR6=00000000ffff0ff0 DR7=0000000000000400
CCS=0000000000000044 CCD=fffffffffffffff1 CCO=EFLAGS
EFER=0000000000000500
    57: v=20 e=0000 i=0 cpl=0 IP=0008:ffffffff802000a9 pc=ffffffff802000a9 SP=0010:ffffffff80219370 env->regs[R_EAX]=0000000000000000
RAX=0000000000000000 RBX=000002d000000000 RCX=0000000000000780 RDX=000000000000001a
RSI=0000030000000000 RDI=0000000000000018 RBP=ffffffff80219370 RSP=ffffffff80219370
R8 =0000032000000000 R9 =0000033000000000 R10=0000034000000000 R11=0000035000000000
R12=0000036000000000 R13=0000037000000000 R14=0000038000000000 R15=0000039000000000
RIP=ffffffff802000a9 RFL=00000246 [---Z-P-] CPL=0 II=0 A20=1 SMM=0 HLT=0
ES =0000 0000000000000000 00000000 00201300
CS =0008 0000000000000000 00000000 00209800 DPL=0 CS64 [---]
SS =0010 0000000000000000 00000000 00209300 DPL=0 DS   [-WA]
DS =0000 0000000000000000 00000000 00201300
FS =0000 0000000000000000 00000000 00201300
GS =0000 0000000000000000 00000000 00201300
LDT=0000 0000000000000000 0000ffff 00008200 DPL=0 LDT
TR =0028 ffffffff80215100 00000068 00008900 DPL=0 TSS64-avl
GDT=     ffffffff802043d0 00000037
IDT=     ffffffff802151e0 00000fff
CR0=80000011 CR2=0000000000000000 CR3=0000000000206000 CR4=00000020
DR0=0000000000000000 DR1=0000000000000000 DR2=0000000000000000 DR3=0000000000000000 
DR6=00000000ffff0ff0 DR7=0000000000000400
CCS=0000000000000044 CCD=fffffffffffffff2 CCO=EFLAGS
EFER=0000000000000500
    58: v=20 e=0000 i=0 cpl=0 IP=0008:ffffffff802000a9 pc=ffffffff802000a9 SP=0010:ffffffff80219370 env->regs[R_EAX]=0000000000000000
RAX=0000000000000000 RBX=000002d000000000 RCX=0000000000000780 RDX=000000000000001a
RSI=0000030000000000 RDI=0000000000000018 RBP=ffffffff80219370 RSP=ffffffff80219370
R8 =0000032000000000 R9 =0000033000000000 R10=0000034000000000 R11=0000035000000000
R12=0000036000000000 R13=0000037000000000 R14=0000038000000000 R15=0000039000000000
RIP=ffffffff802000a9 RFL=00000246 [---Z-P-] CPL=0 II=0 A20=1 SMM=0 HLT=0
ES =0000 0000000000000000 00000000 00201300
CS =0008 0000000000000000 00000000 00209800 DPL=0 CS64 [---]
SS =0010 0000000000000000 00000000 00209300 DPL=0 DS   [-WA]
DS =0000 0000000000000000 00000000 00201300
FS =0000 0000000000000000 00000000 00201300
GS =0000 0000000000000000 00000000 00201300
LDT=0000 0000000000000000 0000ffff 00008200 DPL=0 LDT
TR =0028 ffffffff80215100 00000068 00008900 DPL=0 TSS64-avl
GDT=     ffffffff802043d0 00000037
IDT=     ffffffff802151e0 00000fff
CR0=80000011 CR2=0000000000000000 CR3=0000000000206000 CR4=00000020
DR0=0000000000000000 DR1=0000000000000000 DR2=0000000000000000 DR3=0000000000000000 
DR6=00000000ffff0ff0 DR7=0000000000000400
CCS=0000000000000044 CCD=fffffffffffffff3 CCO=EFLAGS
EFER=0000000000000500
    59: v=20 e=0000 i=0 cpl=0 IP=0008:ffffffff802000a9 pc=ffffffff802000a9 SP=0010:ffffffff80219370 env->regs[R_EAX]=0000000000000000
RAX=0000000000000000 RBX=000002d000000000 RCX=0000000000000780 RDX=000000000000001a
RSI=0000030000000000 RDI=0000000000000018 RBP=ffffffff80219370 RSP=ffffffff80219370
R8 =0000032000000000 R9 =0000033000000000 R10=0000034000000000 R11=0000035000000000
R12=0000036000000000 R13=0000037000000000 R14=0000038000000000 R15=0000039000000000
RIP=ffffffff802000a9 RFL=00000246 [---Z-P-] CPL=0 II=0 A20=1 SMM=0 HLT=0
ES =0000 0000000000000000 00000000 00201300
CS =0008 0000000000000000 00000000 00209800 DPL=0 CS64 [---]
SS =0010 0000000000000000 00000000 00209300 DPL=0 DS   [-WA]
DS =0000 0000000000000000 00000000 00201300
FS =0000 0000000000000000 00000000 00201300
GS =0000 0000000000000000 00000000 00201300
LDT=0000 0000000000000000 0000ffff 00008200 DPL=0 LDT
TR =0028 ffffffff80215100 00000068 00008900 DPL=0 TSS64-avl
GDT=     ffffffff802043d0 00000037
IDT=     ffffffff802151e0 00000fff
CR0=80000011 CR2=0000000000000000 CR3=0000000000206000 CR4=00000020
DR0=0000000000000000 DR1=0000000000000000 DR2=0000000000000000 DR3=0000000000000000 
DR6=00000000ffff0ff0 DR7=0000000000000400
CCS=0000000000000044 CCD=fffffffffffffff4 CCO=EFLAGS
EFER=0000000000000500
    60: v=20 e=0000 i=0 cpl=0 IP=0008:ffffffff802000a9 pc=ffffffff802000a9 SP=0010:ffffffff80219370 env->regs[R_EAX]=0000000000000000
RAX=0000000000000000 RBX=000002d000000000 RCX=0000000000000780 RDX=000000000000001a
RSI=0000030000000000 RDI=0000000000000018 RBP=ffffffff80219370 RSP=ffffffff80219370
R8 =0000032000000000 R9 =0000033000000000 R10=0000034000000000 R11=0000035000000000
R12=0000036000000000 R13=0000037000000000 R14=0000038000000000 R15=0000039000000000
RIP=ffffffff802000a9 RFL=00000246 [---Z-P-] CPL=0 II=0 A20=1 SMM=0 HLT=0
ES =0000 0000000000000000 00000000 00201300
CS =0008 0000000000000000 00000000 00209800 DPL=0 CS64 [---]
SS =0010 0000000000000000 00000000 00209300 DPL=0 DS   [-WA]
DS =0000 0000000000000000 00000000 00201300
FS =0000 0000000000000000 00000000 00201300
GS =0000 0000000000000000 00000000 00201300
LDT=0000 0000000000000000 0000ffff 00008200 DPL=0 LDT
TR =0028 ffffffff80215100 00000068 00008900 DPL=0 TSS64-avl
GDT=     ffffffff802043d0 00000037
IDT=     ffffffff802151e0 00000fff
CR0=80000011 CR2=0000000000000000 CR3=0000000000206000 CR4=00000020
DR0=0000000000000000 DR1=0000000000000000 DR2=0000000000000000 DR3=0000000000000000 
DR6=00000000ffff0ff0 DR7=0000000000000400
CCS=0000000000000044 CCD=fffffffffffffff5 CCO=EFLAGS
EFER=0000000000000500
    61: v=20 e=0000 i=0 cpl=0 IP=0008:ffffffff802000a9 pc=ffffffff802000a9 SP=0010:ffffffff80219370 env->regs[R_EAX]=0000000000000000
RAX=0000000000000000 RBX=000002d000000000 RCX=0000000000000780 RDX=000000000000001a
RSI=0000030000000000 RDI=0000000000000018 RBP=ffffffff80219370 RSP=ffffffff80219370
R8 =0000032000000000 R9 =0000033000000000 R10=0000034000000000 R11=0000035000000000
R12=0000036000000000 R13=0000037000000000 R14=0000038000000000 R15=0000039000000000
RIP=ffffffff802000a9 RFL=00000246 [---Z-P-] CPL=0 II=0 A20=1 SMM=0 HLT=0
ES =0000 0000000000000000 00000000 00201300
CS =0008 0000000000000000 00000000 00209800 DPL=0 CS64 [---]
SS =0010 0000000000000000 00000000 00209300 DPL=0 DS   [-WA]
DS =0000 0000000000000000 00000000 00201300
FS =0000 0000000000000000 00000000 00201300
GS =0000 0000000000000000 00000000 00201300
LDT=0000 0000000000000000 0000ffff 00008200 DPL=0 LDT
TR =0028 ffffffff80215100 00000068 00008900 DPL=0 TSS64-avl
GDT=     ffffffff802043d0 00000037
IDT=     ffffffff802151e0 00000fff
CR0=80000011 CR2=0000000000000000 CR3=0000000000206000 CR4=00000020
DR0=0000000000000000 DR1=0000000000000000 DR2=0000000000000000 DR3=0000000000000000 
DR6=00000000ffff0ff0 DR7=0000000000000400
CCS=0000000000000044 CCD=fffffffffffffff6 CCO=EFLAGS
EFER=0000000000000500
    62: v=20 e=0000 i=0 cpl=0 IP=0008:ffffffff802000a9 pc=ffffffff802000a9 SP=0010:ffffffff80219370 env->regs[R_EAX]=0000000000000000
RAX=0000000000000000 RBX=000002d000000000 RCX=0000000000000780 RDX=000000000000001a
RSI=0000030000000000 RDI=0000000000000018 RBP=ffffffff80219370 RSP=ffffffff80219370
R8 =0000032000000000 R9 =0000033000000000 R10=0000034000000000 R11=0000035000000000
R12=0000036000000000 R13=0000037000000000 R14=0000038000000000 R15=0000039000000000
RIP=ffffffff802000a9 RFL=00000246 [---Z-P-] CPL=0 II=0 A20=1 SMM=0 HLT=0
ES =0000 0000000000000000 00000000 00201300
CS =0008 0000000000000000 00000000 00209800 DPL=0 CS64 [---]
SS =0010 0000000000000000 00000000 00209300 DPL=0 DS   [-WA]
DS =0000 0000000000000000 00000000 00201300
FS =0000 0000000000000000 00000000 00201300
GS =0000 0000000000000000 00000000 00201300
LDT=0000 0000000000000000 0000ffff 00008200 DPL=0 LDT
TR =0028 ffffffff80215100 00000068 00008900 DPL=0 TSS64-avl
GDT=     ffffffff802043d0 00000037
IDT=     ffffffff802151e0 00000fff
CR0=80000011 CR2=0000000000000000 CR3=0000000000206000 CR4=00000020
DR0=0000000000000000 DR1=0000000000000000 DR2=0000000000000000 DR3=0000000000000000 
DR6=00000000ffff0ff0 DR7=0000000000000400
CCS=0000000000000044 CCD=fffffffffffffff7 CCO=EFLAGS
EFER=0000000000000500
    63: v=20 e=0000 i=0 cpl=0 IP=0008:ffffffff802000a9 pc=ffffffff802000a9 SP=0010:ffffffff80219370 env->regs[R_EAX]=0000000000000000
RAX=0000000000000000 RBX=000002d000000000 RCX=0000000000000780 RDX=000000000000001a
RSI=0000030000000000 RDI=0000000000000018 RBP=ffffffff80219370 RSP=ffffffff80219370
R8 =0000032000000000 R9 =0000033000000000 R10=0000034000000000 R11=0000035000000000
R12=0000036000000000 R13=0000037000000000 R14=0000038000000000 R15=0000039000000000
RIP=ffffffff802000a9 RFL=00000246 [---Z-P-] CPL=0 II=0 A20=1 SMM=0 HLT=0
ES =0000 0000000000000000 00000000 00201300
CS =0008 0000000000000000 00000000 00209800 DPL=0 CS64 [---]
SS =0010 0000000000000000 00000000 00209300 DPL=0 DS   [-WA]
DS =0000 0000000000000000 00000000 00201300
FS =0000 0000000000000000 00000000 00201300
GS =0000 0000000000000000 00000000 00201300
LDT=0000 0000000000000000 0000ffff 00008200 DPL=0 LDT
TR =0028 ffffffff80215100 00000068 00008900 DPL=0 TSS64-avl
GDT=     ffffffff802043d0 00000037
IDT=     ffffffff802151e0 00000fff
CR0=80000011 CR2=0000000000000000 CR3=0000000000206000 CR4=00000020
DR0=0000000000000000 DR1=0000000000000000 DR2=0000000000000000 DR3=0000000000000000 
DR6=00000000ffff0ff0 DR7=0000000000000400
CCS=0000000000000044 CCD=fffffffffffffff8 CCO=EFLAGS
EFER=0000000000000500
    64: v=20 e=0000 i=0 cpl=0 IP=0008:ffffffff802000a9 pc=ffffffff802000a9 SP=0010:ffffffff80219370 env->regs[R_EAX]=0000000000000000
RAX=0000000000000000 RBX=000002d000000000 RCX=0000000000000780 RDX=000000000000001a
RSI=0000030000000000 RDI=0000000000000018 RBP=ffffffff80219370 RSP=ffffffff80219370
R8 =0000032000000000 R9 =0000033000000000 R10=0000034000000000 R11=0000035000000000
R12=0000036000000000 R13=0000037000000000 R14=0000038000000000 R15=0000039000000000
RIP=ffffffff802000a9 RFL=00000246 [---Z-P-] CPL=0 II=0 A20=1 SMM=0 HLT=0
ES =0000 0000000000000000 00000000 00201300
CS =0008 0000000000000000 00000000 00209800 DPL=0 CS64 [---]
SS =0010 0000000000000000 00000000 00209300 DPL=0 DS   [-WA]
DS =0000 0000000000000000 00000000 00201300
FS =0000 0000000000000000 00000000 00201300
GS =0000 0000000000000000 00000000 00201300
LDT=0000 0000000000000000 0000ffff 00008200 DPL=0 LDT
TR =0028 ffffffff80215100 00000068 00008900 DPL=0 TSS64-avl
GDT=     ffffffff802043d0 00000037
IDT=     ffffffff802151e0 00000fff
CR0=80000011 CR2=0000000000000000 CR3=0000000000206000 CR4=00000020
DR0=0000000000000000 DR1=0000000000000000 DR2=0000000000000000 DR3=0000000000000000 
DR6=00000000ffff0ff0 DR7=0000000000000400
CCS=0000000000000044 CCD=fffffffffffffff9 CCO=EFLAGS
EFER=0000000000000500
    65: v=20 e=0000 i=0 cpl=0 IP=0008:ffffffff802000a9 pc=ffffffff802000a9 SP=0010:ffffffff80219370 env->regs[R_EAX]=0000000000000000
RAX=0000000000000000 RBX=000002d000000000 RCX=0000000000000780 RDX=000000000000001a
RSI=0000030000000000 RDI=0000000000000018 RBP=ffffffff80219370 RSP=ffffffff80219370
R8 =0000032000000000 R9 =0000033000000000 R10=0000034000000000 R11=0000035000000000
R12=0000036000000000 R13=0000037000000000 R14=0000038000000000 R15=0000039000000000
RIP=ffffffff802000a9 RFL=00000246 [---Z-P-] CPL=0 II=0 A20=1 SMM=0 HLT=0
ES =0000 0000000000000000 00000000 00201300
CS =0008 0000000000000000 00000000 00209800 DPL=0 CS64 [---]
SS =0010 0000000000000000 00000000 00209300 DPL=0 DS   [-WA]
DS =0000 0000000000000000 00000000 00201300
FS =0000 0000000000000000 00000000 00201300
GS =0000 0000000000000000 00000000 00201300
LDT=0000 0000000000000000 0000ffff 00008200 DPL=0 LDT
TR =0028 ffffffff80215100 00000068 00008900 DPL=0 TSS64-avl
GDT=     ffffffff802043d0 00000037
IDT=     ffffffff802151e0 00000fff
CR0=80000011 CR2=0000000000000000 CR3=0000000000206000 CR4=00000020
DR0=0000000000000000 DR1=0000000000000000 DR2=0000000000000000 DR3=0000000000000000 
DR6=00000000ffff0ff0 DR7=0000000000000400
CCS=0000000000000044 CCD=fffffffffffffffa CCO=EFLAGS
EFER=0000000000000500
    66: v=20 e=0000 i=0 cpl=0 IP=0008:ffffffff802000a9 pc=ffffffff802000a9 SP=0010:ffffffff80219370 env->regs[R_EAX]=0000000000000000
RAX=0000000000000000 RBX=000002d000000000 RCX=0000000000000780 RDX=000000000000001a
RSI=0000030000000000 RDI=0000000000000018 RBP=ffffffff80219370 RSP=ffffffff80219370
R8 =0000032000000000 R9 =0000033000000000 R10=0000034000000000 R11=0000035000000000
R12=0000036000000000 R13=0000037000000000 R14=0000038000000000 R15=0000039000000000
RIP=ffffffff802000a9 RFL=00000246 [---Z-P-] CPL=0 II=0 A20=1 SMM=0 HLT=0
ES =0000 0000000000000000 00000000 00201300
CS =0008 0000000000000000 00000000 00209800 DPL=0 CS64 [---]
SS =0010 0000000000000000 00000000 00209300 DPL=0 DS   [-WA]
DS =0000 0000000000000000 00000000 00201300
FS =0000 0000000000000000 00000000 00201300
GS =0000 0000000000000000 00000000 00201300
LDT=0000 0000000000000000 0000ffff 00008200 DPL=0 LDT
TR =0028 ffffffff80215100 00000068 00008900 DPL=0 TSS64-avl
GDT=     ffffffff802043d0 00000037
IDT=     ffffffff802151e0 00000fff
CR0=80000011 CR2=0000000000000000 CR3=0000000000206000 CR4=00000020
DR0=0000000000000000 DR1=0000000000000000 DR2=0000000000000000 DR3=0000000000000000 
DR6=00000000ffff0ff0 DR7=0000000000000400
CCS=0000000000000044 CCD=fffffffffffffffb CCO=EFLAGS
EFER=0000000000000500
    67: v=20 e=0000 i=0 cpl=0 IP=0008:ffffffff802000a9 pc=ffffffff802000a9 SP=0010:ffffffff80219370 env->regs[R_EAX]=0000000000000000
RAX=0000000000000000 RBX=000002d000000000 RCX=0000000000000780 RDX=000000000000001a
RSI=0000030000000000 RDI=0000000000000018 RBP=ffffffff80219370 RSP=ffffffff80219370
R8 =0000032000000000 R9 =0000033000000000 R10=0000034000000000 R11=0000035000000000
R12=0000036000000000 R13=0000037000000000 R14=0000038000000000 R15=0000039000000000
RIP=ffffffff802000a9 RFL=00000246 [---Z-P-] CPL=0 II=0 A20=1 SMM=0 HLT=0
ES =0000 0000000000000000 00000000 00201300
CS =0008 0000000000000000 00000000 00209800 DPL=0 CS64 [---]
SS =0010 0000000000000000 00000000 00209300 DPL=0 DS   [-WA]
DS =0000 0000000000000000 00000000 00201300
FS =0000 0000000000000000 00000000 00201300
GS =0000 0000000000000000 00000000 00201300
LDT=0000 0000000000000000 0000ffff 00008200 DPL=0 LDT
TR =0028 ffffffff80215100 00000068 00008900 DPL=0 TSS64-avl
GDT=     ffffffff802043d0 00000037
IDT=     ffffffff802151e0 00000fff
CR0=80000011 CR2=0000000000000000 CR3=0000000000206000 CR4=00000020
DR0=0000000000000000 DR1=0000000000000000 DR2=0000000000000000 DR3=0000000000000000 
DR6=00000000ffff0ff0 DR7=0000000000000400
CCS=0000000000000044 CCD=fffffffffffffffc CCO=EFLAGS
EFER=0000000000000500
    68: v=20 e=0000 i=0 cpl=0 IP=0008:ffffffff802000a9 pc=ffffffff802000a9 SP=0010:ffffffff80219370 env->regs[R_EAX]=0000000000000000
RAX=0000000000000000 RBX=000002d000000000 RCX=0000000000000780 RDX=000000000000001a
RSI=0000030000000000 RDI=0000000000000018 RBP=ffffffff80219370 RSP=ffffffff80219370
R8 =0000032000000000 R9 =0000033000000000 R10=0000034000000000 R11=0000035000000000
R12=0000036000000000 R13=0000037000000000 R14=0000038000000000 R15=0000039000000000
RIP=ffffffff802000a9 RFL=00000246 [---Z-P-] CPL=0 II=0 A20=1 SMM=0 HLT=0
ES =0000 0000000000000000 00000000 00201300
CS =0008 0000000000000000 00000000 00209800 DPL=0 CS64 [---]
SS =0010 0000000000000000 00000000 00209300 DPL=0 DS   [-WA]
DS =0000 0000000000000000 00000000 00201300
FS =0000 0000000000000000 00000000 00201300
GS =0000 0000000000000000 00000000 00201300
LDT=0000 0000000000000000 0000ffff 00008200 DPL=0 LDT
TR =0028 ffffffff80215100 00000068 00008900 DPL=0 TSS64-avl
GDT=     ffffffff802043d0 00000037
IDT=     ffffffff802151e0 00000fff
CR0=80000011 CR2=0000000000000000 CR3=0000000000206000 CR4=00000020
DR0=0000000000000000 DR1=0000000000000000 DR2=0000000000000000 DR3=0000000000000000 
DR6=00000000ffff0ff0 DR7=0000000000000400
CCS=0000000000000044 CCD=fffffffffffffffd CCO=EFLAGS
EFER=0000000000000500
    69: v=20 e=0000 i=0 cpl=0 IP=0008:ffffffff802000a9 pc=ffffffff802000a9 SP=0010:ffffffff80219370 env->regs[R_EAX]=0000000000000000
RAX=0000000000000000 RBX=000002d000000000 RCX=0000000000000780 RDX=000000000000001a
RSI=0000030000000000 RDI=0000000000000018 RBP=ffffffff80219370 RSP=ffffffff80219370
R8 =0000032000000000 R9 =0000033000000000 R10=0000034000000000 R11=0000035000000000
R12=0000036000000000 R13=0000037000000000 R14=0000038000000000 R15=0000039000000000
RIP=ffffffff802000a9 RFL=00000246 [---Z-P-] CPL=0 II=0 A20=1 SMM=0 HLT=0
ES =0000 0000000000000000 00000000 00201300
CS =0008 0000000000000000 00000000 00209800 DPL=0 CS64 [---]
SS =0010 0000000000000000 00000000 00209300 DPL=0 DS   [-WA]
DS =0000 0000000000000000 00000000 00201300
FS =0000 0000000000000000 00000000 00201300
GS =0000 0000000000000000 00000000 00201300
LDT=0000 0000000000000000 0000ffff 00008200 DPL=0 LDT
TR =0028 ffffffff80215100 00000068 00008900 DPL=0 TSS64-avl
GDT=     ffffffff802043d0 00000037
IDT=     ffffffff802151e0 00000fff
CR0=80000011 CR2=0000000000000000 CR3=0000000000206000 CR4=00000020
DR0=0000000000000000 DR1=0000000000000000 DR2=0000000000000000 DR3=0000000000000000 
DR6=00000000ffff0ff0 DR7=0000000000000400
CCS=0000000000000044 CCD=fffffffffffffffe CCO=EFLAGS
EFER=0000000000000500
    70: v=20 e=0000 i=0 cpl=0 IP=0008:ffffffff802000a9 pc=ffffffff802000a9 SP=0010:ffffffff80219370 env->regs[R_EAX]=0000000000000000
RAX=0000000000000000 RBX=000002d000000000 RCX=0000000000000780 RDX=000000000000001a
RSI=0000030000000000 RDI=0000000000000018 RBP=ffffffff80219370 RSP=ffffffff80219370
R8 =0000032000000000 R9 =0000033000000000 R10=0000034000000000 R11=0000035000000000
R12=0000036000000000 R13=0000037000000000 R14=0000038000000000 R15=0000039000000000
RIP=ffffffff802000a9 RFL=00000246 [---Z-P-] CPL=0 II=0 A20=1 SMM=0 HLT=0
ES =0000 0000000000000000 00000000 00201300
CS =0008 0000000000000000 00000000 00209800 DPL=0 CS64 [---]
SS =0010 0000000000000000 00000000 00209300 DPL=0 DS   [-WA]
DS =0000 0000000000000000 00000000 00201300
FS =0000 0000000000000000 00000000 00201300
GS =0000 0000000000000000 00000000 00201300
LDT=0000 0000000000000000 0000ffff 00008200 DPL=0 LDT
TR =0028 ffffffff80215100 00000068 00008900 DPL=0 TSS64-avl
GDT=     ffffffff802043d0 00000037
IDT=     ffffffff802151e0 00000fff
CR0=80000011 CR2=0000000000000000 CR3=0000000000206000 CR4=00000020
DR0=0000000000000000 DR1=0000000000000000 DR2=0000000000000000 DR3=0000000000000000 
DR6=00000000ffff0ff0 DR7=0000000000000400
CCS=0000000000000044 CCD=ffffffffffffffff CCO=EFLAGS
EFER=0000000000000500
    71: v=20 e=0000 i=0 cpl=0 IP=0008:ffffffff802000a9 pc=ffffffff802000a9 SP=0010:ffffffff80219370 env->regs[R_EAX]=0000000000000000
RAX=0000000000000000 RBX=000002d000000000 RCX=0000000000000780 RDX=000000000000001a
RSI=0000030000000000 RDI=0000000000000018 RBP=ffffffff80219370 RSP=ffffffff80219370
R8 =0000032000000000 R9 =0000033000000000 R10=0000034000000000 R11=0000035000000000
R12=0000036000000000 R13=0000037000000000 R14=0000038000000000 R15=0000039000000000
RIP=ffffffff802000a9 RFL=00000246 [---Z-P-] CPL=0 II=0 A20=1 SMM=0 HLT=0
ES =0000 0000000000000000 00000000 00201300
CS =0008 0000000000000000 00000000 00209800 DPL=0 CS64 [---]
SS =0010 0000000000000000 00000000 00209300 DPL=0 DS   [-WA]
DS =0000 0000000000000000 00000000 00201300
FS =0000 0000000000000000 00000000 00201300
GS =0000 0000000000000000 00000000 00201300
LDT=0000 0000000000000000 0000ffff 00008200 DPL=0 LDT
TR =0028 ffffffff80215100 00000068 00008900 DPL=0 TSS64-avl
GDT=     ffffffff802043d0 00000037
IDT=     ffffffff802151e0 00000fff
CR0=80000011 CR2=0000000000000000 CR3=0000000000206000 CR4=00000020
DR0=0000000000000000 DR1=0000000000000000 DR2=0000000000000000 DR3=0000000000000000 
DR6=00000000ffff0ff0 DR7=0000000000000400
CCS=0000000000000044 CCD=0000000000000000 CCO=EFLAGS
EFER=0000000000000500
    72: v=20 e=0000 i=0 cpl=3 IP=001b:000000000040007c pc=000000000040007c SP=0023:00007fffffffffe8 env->regs[R_EAX]=ffffffff8021822d
RAX=ffffffff8021822d RBX=0000000000000000 RCX=0000000000000780 RDX=0000000000000008
RSI=00007ffffffffff0 RDI=ffffffff8021822d RBP=00007fffffffffe8 RSP=00007fffffffffe8
R8 =0000000000000000 R9 =0000000000000000 R10=0000000000000000 R11=0000000000000000
R12=0000000000000000 R13=0000000000000000 R14=0000000000000000 R15=0000000000000000
RIP=000000000040007c RFL=00000202 [-------] CPL=3 II=0 A20=1 SMM=0 HLT=0
ES =0000 0000000000000000 00000000 00201300
CS =001b 0000000000000000 ffffffff 00affa00 DPL=3 CS64 [-R-]
SS =0023 0000000000000000 ffffffff 008ff200 DPL=3 DS   [-W-]
DS =0000 0000000000000000 00000000 00201300
FS =0000 0000000000000000 00000000 00201300
GS =0000 0000000000000000 00000000 00201300
LDT=0000 0000000000000000 0000ffff 00008200 DPL=0 LDT
TR =0028 ffffffff80215100 00000068 00008900 DPL=0 TSS64-avl
GDT=     ffffffff802043d0 00000037
IDT=     ffffffff802151e0 00000fff
CR0=80000011 CR2=0000000000000000 CR3=0000000000206000 CR4=00000020
DR0=0000000000000000 DR1=0000000000000000 DR2=0000000000000000 DR3=0000000000000000 
DR6=00000000ffff0ff0 DR7=0000000000000400
CCS=0000000000000000 CCD=0000000000000004 CCO=EFLAGS
EFER=0000000000000500
    73: v=20 e=0000 i=0 cpl=3 IP=001b:000000000040007c pc=000000000040007c SP=0023:00007fffffffffe8 env->regs[R_EAX]=ffffffff8021822d
RAX=ffffffff8021822d RBX=0000000000000000 RCX=0000000000000780 RDX=0000000000000008
RSI=00007ffffffffff0 RDI=ffffffff8021822d RBP=00007fffffffffe8 RSP=00007fffffffffe8
R8 =0000000000000000 R9 =0000000000000000 R10=0000000000000000 R11=0000000000000000
R12=0000000000000000 R13=0000000000000000 R14=0000000000000000 R15=0000000000000000
RIP=000000000040007c RFL=00000202 [-------] CPL=3 II=0 A20=1 SMM=0 HLT=0
ES =0000 0000000000000000 00000000 00201300
CS =001b 0000000000000000 ffffffff 00affa00 DPL=3 CS64 [-R-]
SS =0023 0000000000000000 ffffffff 008ff200 DPL=3 DS   [-W-]
DS =0000 0000000000000000 00000000 00201300
FS =0000 0000000000000000 00000000 00201300
GS =0000 0000000000000000 00000000 00201300
LDT=0000 0000000000000000 0000ffff 00008200 DPL=0 LDT
TR =0028 ffffffff80215100 00000068 00008900 DPL=0 TSS64-avl
GDT=     ffffffff802043d0 00000037
IDT=     ffffffff802151e0 00000fff
CR0=80000011 CR2=0000000000000000 CR3=0000000000206000 CR4=00000020
DR0=0000000000000000 DR1=0000000000000000 DR2=0000000000000000 DR3=0000000000000000 
DR6=00000000ffff0ff0 DR7=0000000000000400
CCS=0000000000000000 CCD=fffffffffffffff0 CCO=EFLAGS
EFER=0000000000000500
    74: v=20 e=0000 i=0 cpl=3 IP=001b:000000000040007c pc=000000000040007c SP=0023:00007fffffffffe8 env->regs[R_EAX]=ffffffff8021822d
RAX=ffffffff8021822d RBX=0000000000000000 RCX=0000000000000780 RDX=0000000000000008
RSI=00007ffffffffff0 RDI=ffffffff8021822d RBP=00007fffffffffe8 RSP=00007fffffffffe8
R8 =0000000000000000 R9 =0000000000000000 R10=0000000000000000 R11=0000000000000000
R12=0000000000000000 R13=0000000000000000 R14=0000000000000000 R15=0000000000000000
RIP=000000000040007c RFL=00000202 [-------] CPL=3 II=0 A20=1 SMM=0 HLT=0
ES =0000 0000000000000000 00000000 00201300
CS =001b 0000000000000000 ffffffff 00affa00 DPL=3 CS64 [-R-]
SS =0023 0000000000000000 ffffffff 008ff200 DPL=3 DS   [-W-]
DS =0000 0000000000000000 00000000 00201300
FS =0000 0000000000000000 00000000 00201300
GS =0000 0000000000000000 00000000 00201300
LDT=0000 0000000000000000 0000ffff 00008200 DPL=0 LDT
TR =0028 ffffffff80215100 00000068 00008900 DPL=0 TSS64-avl
GDT=     ffffffff802043d0 00000037
IDT=     ffffffff802151e0 00000fff
CR0=80000011 CR2=0000000000000000 CR3=0000000000206000 CR4=00000020
DR0=0000000000000000 DR1=0000000000000000 DR2=0000000000000000 DR3=0000000000000000 
DR6=00000000ffff0ff0 DR7=0000000000000400
CCS=0000000000000000 CCD=fffffffffffffff1 CCO=EFLAGS
EFER=0000000000000500
    75: v=20 e=0000 i=0 cpl=3 IP=001b:000000000040007c pc=000000000040007c SP=0023:00007fffffffffe8 env->regs[R_EAX]=ffffffff8021822d
RAX=ffffffff8021822d RBX=0000000000000000 RCX=0000000000000780 RDX=0000000000000008
RSI=00007ffffffffff0 RDI=ffffffff8021822d RBP=00007fffffffffe8 RSP=00007fffffffffe8
R8 =0000000000000000 R9 =0000000000000000 R10=0000000000000000 R11=0000000000000000
R12=0000000000000000 R13=0000000000000000 R14=0000000000000000 R15=0000000000000000
RIP=000000000040007c RFL=00000202 [-------] CPL=3 II=0 A20=1 SMM=0 HLT=0
ES =0000 0000000000000000 00000000 00201300
CS =001b 0000000000000000 ffffffff 00affa00 DPL=3 CS64 [-R-]
SS =0023 0000000000000000 ffffffff 008ff200 DPL=3 DS   [-W-]
DS =0000 0000000000000000 00000000 00201300
FS =0000 0000000000000000 00000000 00201300
GS =0000 0000000000000000 00000000 00201300
LDT=0000 0000000000000000 0000ffff 00008200 DPL=0 LDT
TR =0028 ffffffff80215100 00000068 00008900 DPL=0 TSS64-avl
GDT=     ffffffff802043d0 00000037
IDT=     ffffffff802151e0 00000fff
CR0=80000011 CR2=0000000000000000 CR3=0000000000206000 CR4=00000020
DR0=0000000000000000 DR1=0000000000000000 DR2=0000000000000000 DR3=0000000000000000 
DR6=00000000ffff0ff0 DR7=0000000000000400
CCS=0000000000000000 CCD=fffffffffffffff2 CCO=EFLAGS
EFER=0000000000000500
    76: v=20 e=0000 i=0 cpl=3 IP=001b:000000000040007c pc=000000000040007c SP=0023:00007fffffffffe8 env->regs[R_EAX]=ffffffff8021822d
RAX=ffffffff8021822d RBX=0000000000000000 RCX=0000000000000780 RDX=0000000000000008
RSI=00007ffffffffff0 RDI=ffffffff8021822d RBP=00007fffffffffe8 RSP=00007fffffffffe8
R8 =0000000000000000 R9 =0000000000000000 R10=0000000000000000 R11=0000000000000000
R12=0000000000000000 R13=0000000000000000 R14=0000000000000000 R15=0000000000000000
RIP=000000000040007c RFL=00000202 [-------] CPL=3 II=0 A20=1 SMM=0 HLT=0
ES =0000 0000000000000000 00000000 00201300
CS =001b 0000000000000000 ffffffff 00affa00 DPL=3 CS64 [-R-]
SS =0023 0000000000000000 ffffffff 008ff200 DPL=3 DS   [-W-]
DS =0000 0000000000000000 00000000 00201300
FS =0000 0000000000000000 00000000 00201300
GS =0000 0000000000000000 00000000 00201300
LDT=0000 0000000000000000 0000ffff 00008200 DPL=0 LDT
TR =0028 ffffffff80215100 00000068 00008900 DPL=0 TSS64-avl
GDT=     ffffffff802043d0 00000037
IDT=     ffffffff802151e0 00000fff
CR0=80000011 CR2=0000000000000000 CR3=0000000000206000 CR4=00000020
DR0=0000000000000000 DR1=0000000000000000 DR2=0000000000000000 DR3=0000000000000000 
DR6=00000000ffff0ff0 DR7=0000000000000400
CCS=0000000000000000 CCD=fffffffffffffff3 CCO=EFLAGS
EFER=0000000000000500
    77: v=20 e=0000 i=0 cpl=3 IP=001b:000000000040007c pc=000000000040007c SP=0023:00007fffffffffe8 env->regs[R_EAX]=ffffffff8021822d
RAX=ffffffff8021822d RBX=0000000000000000 RCX=0000000000000780 RDX=0000000000000008
RSI=00007ffffffffff0 RDI=ffffffff8021822d RBP=00007fffffffffe8 RSP=00007fffffffffe8
R8 =0000000000000000 R9 =0000000000000000 R10=0000000000000000 R11=0000000000000000
R12=0000000000000000 R13=0000000000000000 R14=0000000000000000 R15=0000000000000000
RIP=000000000040007c RFL=00000202 [-------] CPL=3 II=0 A20=1 SMM=0 HLT=0
ES =0000 0000000000000000 00000000 00201300
CS =001b 0000000000000000 ffffffff 00affa00 DPL=3 CS64 [-R-]
SS =0023 0000000000000000 ffffffff 008ff200 DPL=3 DS   [-W-]
DS =0000 0000000000000000 00000000 00201300
FS =0000 0000000000000000 00000000 00201300
GS =0000 0000000000000000 00000000 00201300
LDT=0000 0000000000000000 0000ffff 00008200 DPL=0 LDT
TR =0028 ffffffff80215100 00000068 00008900 DPL=0 TSS64-avl
GDT=     ffffffff802043d0 00000037
IDT=     ffffffff802151e0 00000fff
CR0=80000011 CR2=0000000000000000 CR3=0000000000206000 CR4=00000020
DR0=0000000000000000 DR1=0000000000000000 DR2=0000000000000000 DR3=0000000000000000 
DR6=00000000ffff0ff0 DR7=0000000000000400
CCS=0000000000000000 CCD=fffffffffffffff4 CCO=EFLAGS
EFER=0000000000000500
    78: v=20 e=0000 i=0 cpl=3 IP=001b:000000000040007c pc=000000000040007c SP=0023:00007fffffffffe8 env->regs[R_EAX]=ffffffff8021822d
RAX=ffffffff8021822d RBX=0000000000000000 RCX=0000000000000780 RDX=0000000000000008
RSI=00007ffffffffff0 RDI=ffffffff8021822d RBP=00007fffffffffe8 RSP=00007fffffffffe8
R8 =0000000000000000 R9 =0000000000000000 R10=0000000000000000 R11=0000000000000000
R12=0000000000000000 R13=0000000000000000 R14=0000000000000000 R15=0000000000000000
RIP=000000000040007c RFL=00000202 [-------] CPL=3 II=0 A20=1 SMM=0 HLT=0
ES =0000 0000000000000000 00000000 00201300
CS =001b 0000000000000000 ffffffff 00affa00 DPL=3 CS64 [-R-]
SS =0023 0000000000000000 ffffffff 008ff200 DPL=3 DS   [-W-]
DS =0000 0000000000000000 00000000 00201300
FS =0000 0000000000000000 00000000 00201300
GS =0000 0000000000000000 00000000 00201300
LDT=0000 0000000000000000 0000ffff 00008200 DPL=0 LDT
TR =0028 ffffffff80215100 00000068 00008900 DPL=0 TSS64-avl
GDT=     ffffffff802043d0 00000037
IDT=     ffffffff802151e0 00000fff
CR0=80000011 CR2=0000000000000000 CR3=0000000000206000 CR4=00000020
DR0=0000000000000000 DR1=0000000000000000 DR2=0000000000000000 DR3=0000000000000000 
DR6=00000000ffff0ff0 DR7=0000000000000400
CCS=0000000000000000 CCD=fffffffffffffff5 CCO=EFLAGS
EFER=0000000000000500
    79: v=20 e=0000 i=0 cpl=3 IP=001b:000000000040007c pc=000000000040007c SP=0023:00007fffffffffe8 env->regs[R_EAX]=ffffffff8021822d
RAX=ffffffff8021822d RBX=0000000000000000 RCX=0000000000000780 RDX=0000000000000008
RSI=00007ffffffffff0 RDI=ffffffff8021822d RBP=00007fffffffffe8 RSP=00007fffffffffe8
R8 =0000000000000000 R9 =0000000000000000 R10=0000000000000000 R11=0000000000000000
R12=0000000000000000 R13=0000000000000000 R14=0000000000000000 R15=0000000000000000
RIP=000000000040007c RFL=00000202 [-------] CPL=3 II=0 A20=1 SMM=0 HLT=0
ES =0000 0000000000000000 00000000 00201300
CS =001b 0000000000000000 ffffffff 00affa00 DPL=3 CS64 [-R-]
SS =0023 0000000000000000 ffffffff 008ff200 DPL=3 DS   [-W-]
DS =0000 0000000000000000 00000000 00201300
FS =0000 0000000000000000 00000000 00201300
GS =0000 0000000000000000 00000000 00201300
LDT=0000 0000000000000000 0000ffff 00008200 DPL=0 LDT
TR =0028 ffffffff80215100 00000068 00008900 DPL=0 TSS64-avl
GDT=     ffffffff802043d0 00000037
IDT=     ffffffff802151e0 00000fff
CR0=80000011 CR2=0000000000000000 CR3=0000000000206000 CR4=00000020
DR0=0000000000000000 DR1=0000000000000000 DR2=0000000000000000 DR3=0000000000000000 
DR6=00000000ffff0ff0 DR7=0000000000000400
CCS=0000000000000000 CCD=fffffffffffffff6 CCO=EFLAGS
EFER=0000000000000500
    80: v=20 e=0000 i=0 cpl=3 IP=001b:000000000040007c pc=000000000040007c SP=0023:00007fffffffffe8 env->regs[R_EAX]=ffffffff8021822d
RAX=ffffffff8021822d RBX=0000000000000000 RCX=0000000000000780 RDX=0000000000000008
RSI=00007ffffffffff0 RDI=ffffffff8021822d RBP=00007fffffffffe8 RSP=00007fffffffffe8
R8 =0000000000000000 R9 =0000000000000000 R10=0000000000000000 R11=0000000000000000
R12=0000000000000000 R13=0000000000000000 R14=0000000000000000 R15=0000000000000000
RIP=000000000040007c RFL=00000202 [-------] CPL=3 II=0 A20=1 SMM=0 HLT=0
ES =0000 0000000000000000 00000000 00201300
CS =001b 0000000000000000 ffffffff 00affa00 DPL=3 CS64 [-R-]
SS =0023 0000000000000000 ffffffff 008ff200 DPL=3 DS   [-W-]
DS =0000 0000000000000000 00000000 00201300
FS =0000 0000000000000000 00000000 00201300
GS =0000 0000000000000000 00000000 00201300
LDT=0000 0000000000000000 0000ffff 00008200 DPL=0 LDT
TR =0028 ffffffff80215100 00000068 00008900 DPL=0 TSS64-avl
GDT=     ffffffff802043d0 00000037
IDT=     ffffffff802151e0 00000fff
CR0=80000011 CR2=0000000000000000 CR3=0000000000206000 CR4=00000020
DR0=0000000000000000 DR1=0000000000000000 DR2=0000000000000000 DR3=0000000000000000 
DR6=00000000ffff0ff0 DR7=0000000000000400
CCS=0000000000000000 CCD=fffffffffffffff7 CCO=EFLAGS
EFER=0000000000000500
    81: v=20 e=0000 i=0 cpl=3 IP=001b:000000000040007c pc=000000000040007c SP=0023:00007fffffffffe8 env->regs[R_EAX]=ffffffff8021822d
RAX=ffffffff8021822d RBX=0000000000000000 RCX=0000000000000780 RDX=0000000000000008
RSI=00007ffffffffff0 RDI=ffffffff8021822d RBP=00007fffffffffe8 RSP=00007fffffffffe8
R8 =0000000000000000 R9 =0000000000000000 R10=0000000000000000 R11=0000000000000000
R12=0000000000000000 R13=0000000000000000 R14=0000000000000000 R15=0000000000000000
RIP=000000000040007c RFL=00000202 [-------] CPL=3 II=0 A20=1 SMM=0 HLT=0
ES =0000 0000000000000000 00000000 00201300
CS =001b 0000000000000000 ffffffff 00affa00 DPL=3 CS64 [-R-]
SS =0023 0000000000000000 ffffffff 008ff200 DPL=3 DS   [-W-]
DS =0000 0000000000000000 00000000 00201300
FS =0000 0000000000000000 00000000 00201300
GS =0000 0000000000000000 00000000 00201300
LDT=0000 0000000000000000 0000ffff 00008200 DPL=0 LDT
TR =0028 ffffffff80215100 00000068 00008900 DPL=0 TSS64-avl
GDT=     ffffffff802043d0 00000037
IDT=     ffffffff802151e0 00000fff
CR0=80000011 CR2=0000000000000000 CR3=0000000000206000 CR4=00000020
DR0=0000000000000000 DR1=0000000000000000 DR2=0000000000000000 DR3=0000000000000000 
DR6=00000000ffff0ff0 DR7=0000000000000400
CCS=0000000000000000 CCD=fffffffffffffff8 CCO=EFLAGS
EFER=0000000000000500
    82: v=20 e=0000 i=0 cpl=3 IP=001b:000000000040007c pc=000000000040007c SP=0023:00007fffffffffe8 env->regs[R_EAX]=ffffffff8021822d
RAX=ffffffff8021822d RBX=0000000000000000 RCX=0000000000000780 RDX=0000000000000008
RSI=00007ffffffffff0 RDI=ffffffff8021822d RBP=00007fffffffffe8 RSP=00007fffffffffe8
R8 =0000000000000000 R9 =0000000000000000 R10=0000000000000000 R11=0000000000000000
R12=0000000000000000 R13=0000000000000000 R14=0000000000000000 R15=0000000000000000
RIP=000000000040007c RFL=00000202 [-------] CPL=3 II=0 A20=1 SMM=0 HLT=0
ES =0000 0000000000000000 00000000 00201300
CS =001b 0000000000000000 ffffffff 00affa00 DPL=3 CS64 [-R-]
SS =0023 0000000000000000 ffffffff 008ff200 DPL=3 DS   [-W-]
DS =0000 0000000000000000 00000000 00201300
FS =0000 0000000000000000 00000000 00201300
GS =0000 0000000000000000 00000000 00201300
LDT=0000 0000000000000000 0000ffff 00008200 DPL=0 LDT
TR =0028 ffffffff80215100 00000068 00008900 DPL=0 TSS64-avl
GDT=     ffffffff802043d0 00000037
IDT=     ffffffff802151e0 00000fff
CR0=80000011 CR2=0000000000000000 CR3=0000000000206000 CR4=00000020
DR0=0000000000000000 DR1=0000000000000000 DR2=0000000000000000 DR3=0000000000000000 
DR6=00000000ffff0ff0 DR7=0000000000000400
CCS=0000000000000000 CCD=fffffffffffffff9 CCO=EFLAGS
EFER=0000000000000500
    83: v=20 e=0000 i=0 cpl=3 IP=001b:000000000040007c pc=000000000040007c SP=0023:00007fffffffffe8 env->regs[R_EAX]=ffffffff8021822d
RAX=ffffffff8021822d RBX=0000000000000000 RCX=0000000000000780 RDX=0000000000000008
RSI=00007ffffffffff0 RDI=ffffffff8021822d RBP=00007fffffffffe8 RSP=00007fffffffffe8
R8 =0000000000000000 R9 =0000000000000000 R10=0000000000000000 R11=0000000000000000
R12=0000000000000000 R13=0000000000000000 R14=0000000000000000 R15=0000000000000000
RIP=000000000040007c RFL=00000202 [-------] CPL=3 II=0 A20=1 SMM=0 HLT=0
ES =0000 0000000000000000 00000000 00201300
CS =001b 0000000000000000 ffffffff 00affa00 DPL=3 CS64 [-R-]
SS =0023 0000000000000000 ffffffff 008ff200 DPL=3 DS   [-W-]
DS =0000 0000000000000000 00000000 00201300
FS =0000 0000000000000000 00000000 00201300
GS =0000 0000000000000000 00000000 00201300
LDT=0000 0000000000000000 0000ffff 00008200 DPL=0 LDT
TR =0028 ffffffff80215100 00000068 00008900 DPL=0 TSS64-avl
GDT=     ffffffff802043d0 00000037
IDT=     ffffffff802151e0 00000fff
CR0=80000011 CR2=0000000000000000 CR3=0000000000206000 CR4=00000020
DR0=0000000000000000 DR1=0000000000000000 DR2=0000000000000000 DR3=0000000000000000 
DR6=00000000ffff0ff0 DR7=0000000000000400
CCS=0000000000000000 CCD=fffffffffffffffa CCO=EFLAGS
EFER=0000000000000500
    84: v=20 e=0000 i=0 cpl=3 IP=001b:000000000040007c pc=000000000040007c SP=0023:00007fffffffffe8 env->regs[R_EAX]=ffffffff8021822d
RAX=ffffffff8021822d RBX=0000000000000000 RCX=0000000000000780 RDX=0000000000000008
RSI=00007ffffffffff0 RDI=ffffffff8021822d RBP=00007fffffffffe8 RSP=00007fffffffffe8
R8 =0000000000000000 R9 =0000000000000000 R10=0000000000000000 R11=0000000000000000
R12=0000000000000000 R13=0000000000000000 R14=0000000000000000 R15=0000000000000000
RIP=000000000040007c RFL=00000202 [-------] CPL=3 II=0 A20=1 SMM=0 HLT=0
ES =0000 0000000000000000 00000000 00201300
CS =001b 0000000000000000 ffffffff 00affa00 DPL=3 CS64 [-R-]
SS =0023 0000000000000000 ffffffff 008ff200 DPL=3 DS   [-W-]
DS =0000 0000000000000000 00000000 00201300
FS =0000 0000000000000000 00000000 00201300
GS =0000 0000000000000000 00000000 00201300
LDT=0000 0000000000000000 0000ffff 00008200 DPL=0 LDT
TR =0028 ffffffff80215100 00000068 00008900 DPL=0 TSS64-avl
GDT=     ffffffff802043d0 00000037
IDT=     ffffffff802151e0 00000fff
CR0=80000011 CR2=0000000000000000 CR3=0000000000206000 CR4=00000020
DR0=0000000000000000 DR1=0000000000000000 DR2=0000000000000000 DR3=0000000000000000 
DR6=00000000ffff0ff0 DR7=0000000000000400
CCS=0000000000000000 CCD=fffffffffffffffb CCO=EFLAGS
EFER=0000000000000500
    85: v=20 e=0000 i=0 cpl=3 IP=001b:000000000040007c pc=000000000040007c SP=0023:00007fffffffffe8 env->regs[R_EAX]=ffffffff8021822d
RAX=ffffffff8021822d RBX=0000000000000000 RCX=0000000000000780 RDX=0000000000000008
RSI=00007ffffffffff0 RDI=ffffffff8021822d RBP=00007fffffffffe8 RSP=00007fffffffffe8
R8 =0000000000000000 R9 =0000000000000000 R10=0000000000000000 R11=0000000000000000
R12=0000000000000000 R13=0000000000000000 R14=0000000000000000 R15=0000000000000000
RIP=000000000040007c RFL=00000202 [-------] CPL=3 II=0 A20=1 SMM=0 HLT=0
ES =0000 0000000000000000 00000000 00201300
CS =001b 0000000000000000 ffffffff 00affa00 DPL=3 CS64 [-R-]
SS =0023 0000000000000000 ffffffff 008ff200 DPL=3 DS   [-W-]
DS =0000 0000000000000000 00000000 00201300
FS =0000 0000000000000000 00000000 00201300
GS =0000 0000000000000000 00000000 00201300
LDT=0000 0000000000000000 0000ffff 00008200 DPL=0 LDT
TR =0028 ffffffff80215100 00000068 00008900 DPL=0 TSS64-avl
GDT=     ffffffff802043d0 00000037
IDT=     ffffffff802151e0 00000fff
CR0=80000011 CR2=0000000000000000 CR3=0000000000206000 CR4=00000020
DR0=0000000000000000 DR1=0000000000000000 DR2=0000000000000000 DR3=0000000000000000 
DR6=00000000ffff0ff0 DR7=0000000000000400
CCS=0000000000000000 CCD=fffffffffffffffc CCO=EFLAGS
EFER=0000000000000500
    86: v=20 e=0000 i=0 cpl=3 IP=001b:000000000040007c pc=000000000040007c SP=0023:00007fffffffffe8 env->regs[R_EAX]=ffffffff8021822d
RAX=ffffffff8021822d RBX=0000000000000000 RCX=0000000000000780 RDX=0000000000000008
RSI=00007ffffffffff0 RDI=ffffffff8021822d RBP=00007fffffffffe8 RSP=00007fffffffffe8
R8 =0000000000000000 R9 =0000000000000000 R10=0000000000000000 R11=0000000000000000
R12=0000000000000000 R13=0000000000000000 R14=0000000000000000 R15=0000000000000000
RIP=000000000040007c RFL=00000202 [-------] CPL=3 II=0 A20=1 SMM=0 HLT=0
ES =0000 0000000000000000 00000000 00201300
CS =001b 0000000000000000 ffffffff 00affa00 DPL=3 CS64 [-R-]
SS =0023 0000000000000000 ffffffff 008ff200 DPL=3 DS   [-W-]
DS =0000 0000000000000000 00000000 00201300
FS =0000 0000000000000000 00000000 00201300
GS =0000 0000000000000000 00000000 00201300
LDT=0000 0000000000000000 0000ffff 00008200 DPL=0 LDT
TR =0028 ffffffff80215100 00000068 00008900 DPL=0 TSS64-avl
GDT=     ffffffff802043d0 00000037
IDT=     ffffffff802151e0 00000fff
CR0=80000011 CR2=0000000000000000 CR3=0000000000206000 CR4=00000020
DR0=0000000000000000 DR1=0000000000000000 DR2=0000000000000000 DR3=0000000000000000 
DR6=00000000ffff0ff0 DR7=0000000000000400
CCS=0000000000000000 CCD=fffffffffffffffd CCO=EFLAGS
EFER=0000000000000500
    87: v=20 e=0000 i=0 cpl=3 IP=001b:000000000040007c pc=000000000040007c SP=0023:00007fffffffffe8 env->regs[R_EAX]=ffffffff8021822d
RAX=ffffffff8021822d RBX=0000000000000000 RCX=0000000000000780 RDX=0000000000000008
RSI=00007ffffffffff0 RDI=ffffffff8021822d RBP=00007fffffffffe8 RSP=00007fffffffffe8
R8 =0000000000000000 R9 =0000000000000000 R10=0000000000000000 R11=0000000000000000
R12=0000000000000000 R13=0000000000000000 R14=0000000000000000 R15=0000000000000000
RIP=000000000040007c RFL=00000202 [-------] CPL=3 II=0 A20=1 SMM=0 HLT=0
ES =0000 0000000000000000 00000000 00201300
CS =001b 0000000000000000 ffffffff 00affa00 DPL=3 CS64 [-R-]
SS =0023 0000000000000000 ffffffff 008ff200 DPL=3 DS   [-W-]
DS =0000 0000000000000000 00000000 00201300
FS =0000 0000000000000000 00000000 00201300
GS =0000 0000000000000000 00000000 00201300
LDT=0000 0000000000000000 0000ffff 00008200 DPL=0 LDT
TR =0028 ffffffff80215100 00000068 00008900 DPL=0 TSS64-avl
GDT=     ffffffff802043d0 00000037
IDT=     ffffffff802151e0 00000fff
CR0=80000011 CR2=0000000000000000 CR3=0000000000206000 CR4=00000020
DR0=0000000000000000 DR1=0000000000000000 DR2=0000000000000000 DR3=0000000000000000 
DR6=00000000ffff0ff0 DR7=0000000000000400
CCS=0000000000000000 CCD=fffffffffffffffe CCO=EFLAGS
EFER=0000000000000500
    88: v=20 e=0000 i=0 cpl=3 IP=001b:000000000040007c pc=000000000040007c SP=0023:00007fffffffffe8 env->regs[R_EAX]=ffffffff8021822d
RAX=ffffffff8021822d RBX=0000000000000000 RCX=0000000000000780 RDX=0000000000000008
RSI=00007ffffffffff0 RDI=ffffffff8021822d RBP=00007fffffffffe8 RSP=00007fffffffffe8
R8 =0000000000000000 R9 =0000000000000000 R10=0000000000000000 R11=0000000000000000
R12=0000000000000000 R13=0000000000000000 R14=0000000000000000 R15=0000000000000000
RIP=000000000040007c RFL=00000202 [-------] CPL=3 II=0 A20=1 SMM=0 HLT=0
ES =0000 0000000000000000 00000000 00201300
CS =001b 0000000000000000 ffffffff 00affa00 DPL=3 CS64 [-R-]
SS =0023 0000000000000000 ffffffff 008ff200 DPL=3 DS   [-W-]
DS =0000 0000000000000000 00000000 00201300
FS =0000 0000000000000000 00000000 00201300
GS =0000 0000000000000000 00000000 00201300
LDT=0000 0000000000000000 0000ffff 00008200 DPL=0 LDT
TR =0028 ffffffff80215100 00000068 00008900 DPL=0 TSS64-avl
GDT=     ffffffff802043d0 00000037
IDT=     ffffffff802151e0 00000fff
CR0=80000011 CR2=0000000000000000 CR3=0000000000206000 CR4=00000020
DR0=0000000000000000 DR1=0000000000000000 DR2=0000000000000000 DR3=0000000000000000 
DR6=00000000ffff0ff0 DR7=0000000000000400
CCS=0000000000000000 CCD=ffffffffffffffff CCO=EFLAGS
EFER=0000000000000500
    89: v=20 e=0000 i=0 cpl=3 IP=001b:000000000040007c pc=000000000040007c SP=0023:00007fffffffffe8 env->regs[R_EAX]=ffffffff8021822d
RAX=ffffffff8021822d RBX=0000000000000000 RCX=0000000000000780 RDX=0000000000000008
RSI=00007ffffffffff0 RDI=ffffffff8021822d RBP=00007fffffffffe8 RSP=00007fffffffffe8
R8 =0000000000000000 R9 =0000000000000000 R10=0000000000000000 R11=0000000000000000
R12=0000000000000000 R13=0000000000000000 R14=0000000000000000 R15=0000000000000000
RIP=000000000040007c RFL=00000202 [-------] CPL=3 II=0 A20=1 SMM=0 HLT=0
ES =0000 0000000000000000 00000000 00201300
CS =001b 0000000000000000 ffffffff 00affa00 DPL=3 CS64 [-R-]
SS =0023 0000000000000000 ffffffff 008ff200 DPL=3 DS   [-W-]
DS =0000 0000000000000000 00000000 00201300
FS =0000 0000000000000000 00000000 00201300
GS =0000 0000000000000000 00000000 00201300
LDT=0000 0000000000000000 0000ffff 00008200 DPL=0 LDT
TR =0028 ffffffff80215100 00000068 00008900 DPL=0 TSS64-avl
GDT=     ffffffff802043d0 00000037
IDT=     ffffffff802151e0 00000fff
CR0=80000011 CR2=0000000000000000 CR3=0000000000206000 CR4=00000020
DR0=0000000000000000 DR1=0000000000000000 DR2=0000000000000000 DR3=0000000000000000 
DR6=00000000ffff0ff0 DR7=0000000000000400
CCS=0000000000000000 CCD=0000000000000000 CCO=EFLAGS
EFER=0000000000000500
    90: v=20 e=0000 i=0 cpl=0 IP=0008:ffffffff802000a9 pc=ffffffff802000a9 SP=0010:ffffffff80219370 env->regs[R_EAX]=0000000000000000
RAX=0000000000000000 RBX=000002d000000000 RCX=0000000000000780 RDX=000000000000001a
RSI=0000030000000000 RDI=0000000000000018 RBP=ffffffff80219370 RSP=ffffffff80219370
R8 =0000032000000000 R9 =0000033000000000 R10=0000034000000000 R11=0000035000000000
R12=0000036000000000 R13=0000037000000000 R14=0000038000000000 R15=0000039000000000
RIP=ffffffff802000a9 RFL=00000246 [---Z-P-] CPL=0 II=0 A20=1 SMM=0 HLT=0
ES =0000 0000000000000000 00000000 00201300
CS =0008 0000000000000000 00000000 00209800 DPL=0 CS64 [---]
SS =0010 0000000000000000 00000000 00209300 DPL=0 DS   [-WA]
DS =0000 0000000000000000 00000000 00201300
FS =0000 0000000000000000 00000000 00201300
GS =0000 0000000000000000 00000000 00201300
LDT=0000 0000000000000000 0000ffff 00008200 DPL=0 LDT
TR =0028 ffffffff80215100 00000068 00008900 DPL=0 TSS64-avl
GDT=     ffffffff802043d0 00000037
IDT=     ffffffff802151e0 00000fff
CR0=80000011 CR2=0000000000000000 CR3=0000000000206000 CR4=00000020
DR0=0000000000000000 DR1=0000000000000000 DR2=0000000000000000 DR3=0000000000000000 
DR6=00000000ffff0ff0 DR7=0000000000000400
CCS=0000000000000044 CCD=0000000000000005 CCO=EFLAGS
EFER=0000000000000500
    91: v=20 e=0000 i=0 cpl=0 IP=0008:ffffffff802000a9 pc=ffffffff802000a9 SP=0010:ffffffff80219370 env->regs[R_EAX]=0000000000000000
RAX=0000000000000000 RBX=000002d000000000 RCX=0000000000000780 RDX=000000000000001a
RSI=0000030000000000 RDI=0000000000000018 RBP=ffffffff80219370 RSP=ffffffff80219370
R8 =0000032000000000 R9 =0000033000000000 R10=0000034000000000 R11=0000035000000000
R12=0000036000000000 R13=0000037000000000 R14=0000038000000000 R15=0000039000000000
RIP=ffffffff802000a9 RFL=00000246 [---Z-P-] CPL=0 II=0 A20=1 SMM=0 HLT=0
ES =0000 0000000000000000 00000000 00201300
CS =0008 0000000000000000 00000000 00209800 DPL=0 CS64 [---]
SS =0010 0000000000000000 00000000 00209300 DPL=0 DS   [-WA]
DS =0000 0000000000000000 00000000 00201300
FS =0000 0000000000000000 00000000 00201300
GS =0000 0000000000000000 00000000 00201300
LDT=0000 0000000000000000 0000ffff 00008200 DPL=0 LDT
TR =0028 ffffffff80215100 00000068 00008900 DPL=0 TSS64-avl
GDT=     ffffffff802043d0 00000037
IDT=     ffffffff802151e0 00000fff
CR0=80000011 CR2=0000000000000000 CR3=0000000000206000 CR4=00000020
DR0=0000000000000000 DR1=0000000000000000 DR2=0000000000000000 DR3=0000000000000000 
DR6=00000000ffff0ff0 DR7=0000000000000400
CCS=0000000000000044 CCD=fffffffffffffff0 CCO=EFLAGS
EFER=0000000000000500
    92: v=20 e=0000 i=0 cpl=0 IP=0008:ffffffff802000a9 pc=ffffffff802000a9 SP=0010:ffffffff80219370 env->regs[R_EAX]=0000000000000000
RAX=0000000000000000 RBX=000002d000000000 RCX=0000000000000780 RDX=000000000000001a
RSI=0000030000000000 RDI=0000000000000018 RBP=ffffffff80219370 RSP=ffffffff80219370
R8 =0000032000000000 R9 =0000033000000000 R10=0000034000000000 R11=0000035000000000
R12=0000036000000000 R13=0000037000000000 R14=0000038000000000 R15=0000039000000000
RIP=ffffffff802000a9 RFL=00000246 [---Z-P-] CPL=0 II=0 A20=1 SMM=0 HLT=0
ES =0000 0000000000000000 00000000 00201300
CS =0008 0000000000000000 00000000 00209800 DPL=0 CS64 [---]
SS =0010 0000000000000000 00000000 00209300 DPL=0 DS   [-WA]
DS =0000 0000000000000000 00000000 00201300
FS =0000 0000000000000000 00000000 00201300
GS =0000 0000000000000000 00000000 00201300
LDT=0000 0000000000000000 0000ffff 00008200 DPL=0 LDT
TR =0028 ffffffff80215100 00000068 00008900 DPL=0 TSS64-avl
GDT=     ffffffff802043d0 00000037
IDT=     ffffffff802151e0 00000fff
CR0=80000011 CR2=0000000000000000 CR3=0000000000206000 CR4=00000020
DR0=0000000000000000 DR1=0000000000000000 DR2=0000000000000000 DR3=0000000000000000 
DR6=00000000ffff0ff0 DR7=0000000000000400
CCS=0000000000000044 CCD=fffffffffffffff1 CCO=EFLAGS
EFER=0000000000000500
    93: v=20 e=0000 i=0 cpl=0 IP=0008:ffffffff802000a9 pc=ffffffff802000a9 SP=0010:ffffffff80219370 env->regs[R_EAX]=0000000000000000
RAX=0000000000000000 RBX=000002d000000000 RCX=0000000000000780 RDX=000000000000001a
RSI=0000030000000000 RDI=0000000000000018 RBP=ffffffff80219370 RSP=ffffffff80219370
R8 =0000032000000000 R9 =0000033000000000 R10=0000034000000000 R11=0000035000000000
R12=0000036000000000 R13=0000037000000000 R14=0000038000000000 R15=0000039000000000
RIP=ffffffff802000a9 RFL=00000246 [---Z-P-] CPL=0 II=0 A20=1 SMM=0 HLT=0
ES =0000 0000000000000000 00000000 00201300
CS =0008 0000000000000000 00000000 00209800 DPL=0 CS64 [---]
SS =0010 0000000000000000 00000000 00209300 DPL=0 DS   [-WA]
DS =0000 0000000000000000 00000000 00201300
FS =0000 0000000000000000 00000000 00201300
GS =0000 0000000000000000 00000000 00201300
LDT=0000 0000000000000000 0000ffff 00008200 DPL=0 LDT
TR =0028 ffffffff80215100 00000068 00008900 DPL=0 TSS64-avl
GDT=     ffffffff802043d0 00000037
IDT=     ffffffff802151e0 00000fff
CR0=80000011 CR2=0000000000000000 CR3=0000000000206000 CR4=00000020
DR0=0000000000000000 DR1=0000000000000000 DR2=0000000000000000 DR3=0000000000000000 
DR6=00000000ffff0ff0 DR7=0000000000000400
CCS=0000000000000044 CCD=fffffffffffffff2 CCO=EFLAGS
EFER=0000000000000500
    94: v=20 e=0000 i=0 cpl=0 IP=0008:ffffffff802000a9 pc=ffffffff802000a9 SP=0010:ffffffff80219370 env->regs[R_EAX]=0000000000000000
RAX=0000000000000000 RBX=000002d000000000 RCX=0000000000000780 RDX=000000000000001a
RSI=0000030000000000 RDI=0000000000000018 RBP=ffffffff80219370 RSP=ffffffff80219370
R8 =0000032000000000 R9 =0000033000000000 R10=0000034000000000 R11=0000035000000000
R12=0000036000000000 R13=0000037000000000 R14=0000038000000000 R15=0000039000000000
RIP=ffffffff802000a9 RFL=00000246 [---Z-P-] CPL=0 II=0 A20=1 SMM=0 HLT=0
ES =0000 0000000000000000 00000000 00201300
CS =0008 0000000000000000 00000000 00209800 DPL=0 CS64 [---]
SS =0010 0000000000000000 00000000 00209300 DPL=0 DS   [-WA]
DS =0000 0000000000000000 00000000 00201300
FS =0000 0000000000000000 00000000 00201300
GS =0000 0000000000000000 00000000 00201300
LDT=0000 0000000000000000 0000ffff 00008200 DPL=0 LDT
TR =0028 ffffffff80215100 00000068 00008900 DPL=0 TSS64-avl
GDT=     ffffffff802043d0 00000037
IDT=     ffffffff802151e0 00000fff
CR0=80000011 CR2=0000000000000000 CR3=0000000000206000 CR4=00000020
DR0=0000000000000000 DR1=0000000000000000 DR2=0000000000000000 DR3=0000000000000000 
DR6=00000000ffff0ff0 DR7=0000000000000400
CCS=0000000000000044 CCD=fffffffffffffff3 CCO=EFLAGS
EFER=0000000000000500
    95: v=20 e=0000 i=0 cpl=0 IP=0008:ffffffff802000a9 pc=ffffffff802000a9 SP=0010:ffffffff80219370 env->regs[R_EAX]=0000000000000000
RAX=0000000000000000 RBX=000002d000000000 RCX=0000000000000780 RDX=000000000000001a
RSI=0000030000000000 RDI=0000000000000018 RBP=ffffffff80219370 RSP=ffffffff80219370
R8 =0000032000000000 R9 =0000033000000000 R10=0000034000000000 R11=0000035000000000
R12=0000036000000000 R13=0000037000000000 R14=0000038000000000 R15=0000039000000000
RIP=ffffffff802000a9 RFL=00000246 [---Z-P-] CPL=0 II=0 A20=1 SMM=0 HLT=0
ES =0000 0000000000000000 00000000 00201300
CS =0008 0000000000000000 00000000 00209800 DPL=0 CS64 [---]
SS =0010 0000000000000000 00000000 00209300 DPL=0 DS   [-WA]
DS =0000 0000000000000000 00000000 00201300
FS =0000 0000000000000000 00000000 00201300
GS =0000 0000000000000000 00000000 00201300
LDT=0000 0000000000000000 0000ffff 00008200 DPL=0 LDT
TR =0028 ffffffff80215100 00000068 00008900 DPL=0 TSS64-avl
GDT=     ffffffff802043d0 00000037
IDT=     ffffffff802151e0 00000fff
CR0=80000011 CR2=0000000000000000 CR3=0000000000206000 CR4=00000020
DR0=0000000000000000 DR1=0000000000000000 DR2=0000000000000000 DR3=0000000000000000 
DR6=00000000ffff0ff0 DR7=0000000000000400
CCS=0000000000000044 CCD=fffffffffffffff4 CCO=EFLAGS
EFER=0000000000000500
    96: v=20 e=0000 i=0 cpl=0 IP=0008:ffffffff802000a9 pc=ffffffff802000a9 SP=0010:ffffffff80219370 env->regs[R_EAX]=0000000000000000
RAX=0000000000000000 RBX=000002d000000000 RCX=0000000000000780 RDX=000000000000001a
RSI=0000030000000000 RDI=0000000000000018 RBP=ffffffff80219370 RSP=ffffffff80219370
R8 =0000032000000000 R9 =0000033000000000 R10=0000034000000000 R11=0000035000000000
R12=0000036000000000 R13=0000037000000000 R14=0000038000000000 R15=0000039000000000
RIP=ffffffff802000a9 RFL=00000246 [---Z-P-] CPL=0 II=0 A20=1 SMM=0 HLT=0
ES =0000 0000000000000000 00000000 00201300
CS =0008 0000000000000000 00000000 00209800 DPL=0 CS64 [---]
SS =0010 0000000000000000 00000000 00209300 DPL=0 DS   [-WA]
DS =0000 0000000000000000 00000000 00201300
FS =0000 0000000000000000 00000000 00201300
GS =0000 0000000000000000 00000000 00201300
LDT=0000 0000000000000000 0000ffff 00008200 DPL=0 LDT
TR =0028 ffffffff80215100 00000068 00008900 DPL=0 TSS64-avl
GDT=     ffffffff802043d0 00000037
IDT=     ffffffff802151e0 00000fff
CR0=80000011 CR2=0000000000000000 CR3=0000000000206000 CR4=00000020
DR0=0000000000000000 DR1=0000000000000000 DR2=0000000000000000 DR3=0000000000000000 
DR6=00000000ffff0ff0 DR7=0000000000000400
CCS=0000000000000044 CCD=fffffffffffffff5 CCO=EFLAGS
EFER=0000000000000500
    97: v=20 e=0000 i=0 cpl=0 IP=0008:ffffffff802000a9 pc=ffffffff802000a9 SP=0010:ffffffff80219370 env->regs[R_EAX]=0000000000000000
RAX=0000000000000000 RBX=000002d000000000 RCX=0000000000000780 RDX=000000000000001a
RSI=0000030000000000 RDI=0000000000000018 RBP=ffffffff80219370 RSP=ffffffff80219370
R8 =0000032000000000 R9 =0000033000000000 R10=0000034000000000 R11=0000035000000000
R12=0000036000000000 R13=0000037000000000 R14=0000038000000000 R15=0000039000000000
RIP=ffffffff802000a9 RFL=00000246 [---Z-P-] CPL=0 II=0 A20=1 SMM=0 HLT=0
ES =0000 0000000000000000 00000000 00201300
CS =0008 0000000000000000 00000000 00209800 DPL=0 CS64 [---]
SS =0010 0000000000000000 00000000 00209300 DPL=0 DS   [-WA]
DS =0000 0000000000000000 00000000 00201300
FS =0000 0000000000000000 00000000 00201300
GS =0000 0000000000000000 00000000 00201300
LDT=0000 0000000000000000 0000ffff 00008200 DPL=0 LDT
TR =0028 ffffffff80215100 00000068 00008900 DPL=0 TSS64-avl
GDT=     ffffffff802043d0 00000037
IDT=     ffffffff802151e0 00000fff
CR0=80000011 CR2=0000000000000000 CR3=0000000000206000 CR4=00000020
DR0=0000000000000000 DR1=0000000000000000 DR2=0000000000000000 DR3=0000000000000000 
DR6=00000000ffff0ff0 DR7=0000000000000400
CCS=0000000000000044 CCD=fffffffffffffff6 CCO=EFLAGS
EFER=0000000000000500
    98: v=20 e=0000 i=0 cpl=0 IP=0008:ffffffff802000a9 pc=ffffffff802000a9 SP=0010:ffffffff80219370 env->regs[R_EAX]=0000000000000000
RAX=0000000000000000 RBX=000002d000000000 RCX=0000000000000780 RDX=000000000000001a
RSI=0000030000000000 RDI=0000000000000018 RBP=ffffffff80219370 RSP=ffffffff80219370
R8 =0000032000000000 R9 =0000033000000000 R10=0000034000000000 R11=0000035000000000
R12=0000036000000000 R13=0000037000000000 R14=0000038000000000 R15=0000039000000000
RIP=ffffffff802000a9 RFL=00000246 [---Z-P-] CPL=0 II=0 A20=1 SMM=0 HLT=0
ES =0000 0000000000000000 00000000 00201300
CS =0008 0000000000000000 00000000 00209800 DPL=0 CS64 [---]
SS =0010 0000000000000000 00000000 00209300 DPL=0 DS   [-WA]
DS =0000 0000000000000000 00000000 00201300
FS =0000 0000000000000000 00000000 00201300
GS =0000 0000000000000000 00000000 00201300
LDT=0000 0000000000000000 0000ffff 00008200 DPL=0 LDT
TR =0028 ffffffff80215100 00000068 00008900 DPL=0 TSS64-avl
GDT=     ffffffff802043d0 00000037
IDT=     ffffffff802151e0 00000fff
CR0=80000011 CR2=0000000000000000 CR3=0000000000206000 CR4=00000020
DR0=0000000000000000 DR1=0000000000000000 DR2=0000000000000000 DR3=0000000000000000 
DR6=00000000ffff0ff0 DR7=0000000000000400
CCS=0000000000000044 CCD=fffffffffffffff7 CCO=EFLAGS
EFER=0000000000000500
    99: v=20 e=0000 i=0 cpl=0 IP=0008:ffffffff802000a9 pc=ffffffff802000a9 SP=0010:ffffffff80219370 env->regs[R_EAX]=0000000000000000
RAX=0000000000000000 RBX=000002d000000000 RCX=0000000000000780 RDX=000000000000001a
RSI=0000030000000000 RDI=0000000000000018 RBP=ffffffff80219370 RSP=ffffffff80219370
R8 =0000032000000000 R9 =0000033000000000 R10=0000034000000000 R11=0000035000000000
R12=0000036000000000 R13=0000037000000000 R14=0000038000000000 R15=0000039000000000
RIP=ffffffff802000a9 RFL=00000246 [---Z-P-] CPL=0 II=0 A20=1 SMM=0 HLT=0
ES =0000 0000000000000000 00000000 00201300
CS =0008 0000000000000000 00000000 00209800 DPL=0 CS64 [---]
SS =0010 0000000000000000 00000000 00209300 DPL=0 DS   [-WA]
DS =0000 0000000000000000 00000000 00201300
FS =0000 0000000000000000 00000000 00201300
GS =0000 0000000000000000 00000000 00201300
LDT=0000 0000000000000000 0000ffff 00008200 DPL=0 LDT
TR =0028 ffffffff80215100 00000068 00008900 DPL=0 TSS64-avl
GDT=     ffffffff802043d0 00000037
IDT=     ffffffff802151e0 00000fff
CR0=80000011 CR2=0000000000000000 CR3=0000000000206000 CR4=00000020
DR0=0000000000000000 DR1=0000000000000000 DR2=0000000000000000 DR3=0000000000000000 
DR6=00000000ffff0ff0 DR7=0000000000000400
CCS=0000000000000044 CCD=fffffffffffffff8 CCO=EFLAGS
EFER=0000000000000500
   100: v=20 e=0000 i=0 cpl=0 IP=0008:ffffffff802000a9 pc=ffffffff802000a9 SP=0010:ffffffff80219370 env->regs[R_EAX]=0000000000000000
RAX=0000000000000000 RBX=000002d000000000 RCX=0000000000000780 RDX=000000000000001a
RSI=0000030000000000 RDI=0000000000000018 RBP=ffffffff80219370 RSP=ffffffff80219370
R8 =0000032000000000 R9 =0000033000000000 R10=0000034000000000 R11=0000035000000000
R12=0000036000000000 R13=0000037000000000 R14=0000038000000000 R15=0000039000000000
RIP=ffffffff802000a9 RFL=00000246 [---Z-P-] CPL=0 II=0 A20=1 SMM=0 HLT=0
ES =0000 0000000000000000 00000000 00201300
CS =0008 0000000000000000 00000000 00209800 DPL=0 CS64 [---]
SS =0010 0000000000000000 00000000 00209300 DPL=0 DS   [-WA]
DS =0000 0000000000000000 00000000 00201300
FS =0000 0000000000000000 00000000 00201300
GS =0000 0000000000000000 00000000 00201300
LDT=0000 0000000000000000 0000ffff 00008200 DPL=0 LDT
TR =0028 ffffffff80215100 00000068 00008900 DPL=0 TSS64-avl
GDT=     ffffffff802043d0 00000037
IDT=     ffffffff802151e0 00000fff
CR0=80000011 CR2=0000000000000000 CR3=0000000000206000 CR4=00000020
DR0=0000000000000000 DR1=0000000000000000 DR2=0000000000000000 DR3=0000000000000000 
DR6=00000000ffff0ff0 DR7=0000000000000400
CCS=0000000000000044 CCD=fffffffffffffff9 CCO=EFLAGS
EFER=0000000000000500
   101: v=20 e=0000 i=0 cpl=0 IP=0008:ffffffff802000a9 pc=ffffffff802000a9 SP=0010:ffffffff80219370 env->regs[R_EAX]=0000000000000000
RAX=0000000000000000 RBX=000002d000000000 RCX=0000000000000780 RDX=000000000000001a
RSI=0000030000000000 RDI=0000000000000018 RBP=ffffffff80219370 RSP=ffffffff80219370
R8 =0000032000000000 R9 =0000033000000000 R10=0000034000000000 R11=0000035000000000
R12=0000036000000000 R13=0000037000000000 R14=0000038000000000 R15=0000039000000000
RIP=ffffffff802000a9 RFL=00000246 [---Z-P-] CPL=0 II=0 A20=1 SMM=0 HLT=0
ES =0000 0000000000000000 00000000 00201300
CS =0008 0000000000000000 00000000 00209800 DPL=0 CS64 [---]
SS =0010 0000000000000000 00000000 00209300 DPL=0 DS   [-WA]
DS =0000 0000000000000000 00000000 00201300
FS =0000 0000000000000000 00000000 00201300
GS =0000 0000000000000000 00000000 00201300
LDT=0000 0000000000000000 0000ffff 00008200 DPL=0 LDT
TR =0028 ffffffff80215100 00000068 00008900 DPL=0 TSS64-avl
GDT=     ffffffff802043d0 00000037
IDT=     ffffffff802151e0 00000fff
CR0=80000011 CR2=0000000000000000 CR3=0000000000206000 CR4=00000020
DR0=0000000000000000 DR1=0000000000000000 DR2=0000000000000000 DR3=0000000000000000 
DR6=00000000ffff0ff0 DR7=0000000000000400
CCS=0000000000000044 CCD=fffffffffffffffa CCO=EFLAGS
EFER=0000000000000500
   102: v=20 e=0000 i=0 cpl=0 IP=0008:ffffffff802000a9 pc=ffffffff802000a9 SP=0010:ffffffff80219370 env->regs[R_EAX]=0000000000000000
RAX=0000000000000000 RBX=000002d000000000 RCX=0000000000000780 RDX=000000000000001a
RSI=0000030000000000 RDI=0000000000000018 RBP=ffffffff80219370 RSP=ffffffff80219370
R8 =0000032000000000 R9 =0000033000000000 R10=0000034000000000 R11=0000035000000000
R12=0000036000000000 R13=0000037000000000 R14=0000038000000000 R15=0000039000000000
RIP=ffffffff802000a9 RFL=00000246 [---Z-P-] CPL=0 II=0 A20=1 SMM=0 HLT=0
ES =0000 0000000000000000 00000000 00201300
CS =0008 0000000000000000 00000000 00209800 DPL=0 CS64 [---]
SS =0010 0000000000000000 00000000 00209300 DPL=0 DS   [-WA]
DS =0000 0000000000000000 00000000 00201300
FS =0000 0000000000000000 00000000 00201300
GS =0000 0000000000000000 00000000 00201300
LDT=0000 0000000000000000 0000ffff 00008200 DPL=0 LDT
TR =0028 ffffffff80215100 00000068 00008900 DPL=0 TSS64-avl
GDT=     ffffffff802043d0 00000037
IDT=     ffffffff802151e0 00000fff
CR0=80000011 CR2=0000000000000000 CR3=0000000000206000 CR4=00000020
DR0=0000000000000000 DR1=0000000000000000 DR2=0000000000000000 DR3=0000000000000000 
DR6=00000000ffff0ff0 DR7=0000000000000400
CCS=0000000000000044 CCD=fffffffffffffffb CCO=EFLAGS
EFER=0000000000000500
   103: v=20 e=0000 i=0 cpl=0 IP=0008:ffffffff802000a9 pc=ffffffff802000a9 SP=0010:ffffffff80219370 env->regs[R_EAX]=0000000000000000
RAX=0000000000000000 RBX=000002d000000000 RCX=0000000000000780 RDX=000000000000001a
RSI=0000030000000000 RDI=0000000000000018 RBP=ffffffff80219370 RSP=ffffffff80219370
R8 =0000032000000000 R9 =0000033000000000 R10=0000034000000000 R11=0000035000000000
R12=0000036000000000 R13=0000037000000000 R14=0000038000000000 R15=0000039000000000
RIP=ffffffff802000a9 RFL=00000246 [---Z-P-] CPL=0 II=0 A20=1 SMM=0 HLT=0
ES =0000 0000000000000000 00000000 00201300
CS =0008 0000000000000000 00000000 00209800 DPL=0 CS64 [---]
SS =0010 0000000000000000 00000000 00209300 DPL=0 DS   [-WA]
DS =0000 0000000000000000 00000000 00201300
FS =0000 0000000000000000 00000000 00201300
GS =0000 0000000000000000 00000000 00201300
LDT=0000 0000000000000000 0000ffff 00008200 DPL=0 LDT
TR =0028 ffffffff80215100 00000068 00008900 DPL=0 TSS64-avl
GDT=     ffffffff802043d0 00000037
IDT=     ffffffff802151e0 00000fff
CR0=80000011 CR2=0000000000000000 CR3=0000000000206000 CR4=00000020
DR0=0000000000000000 DR1=0000000000000000 DR2=0000000000000000 DR3=0000000000000000 
DR6=00000000ffff0ff0 DR7=0000000000000400
CCS=0000000000000044 CCD=fffffffffffffffc CCO=EFLAGS
EFER=0000000000000500
   104: v=20 e=0000 i=0 cpl=0 IP=0008:ffffffff802000a9 pc=ffffffff802000a9 SP=0010:ffffffff80219370 env->regs[R_EAX]=0000000000000000
RAX=0000000000000000 RBX=000002d000000000 RCX=0000000000000780 RDX=000000000000001a
RSI=0000030000000000 RDI=0000000000000018 RBP=ffffffff80219370 RSP=ffffffff80219370
R8 =0000032000000000 R9 =0000033000000000 R10=0000034000000000 R11=0000035000000000
R12=0000036000000000 R13=0000037000000000 R14=0000038000000000 R15=0000039000000000
RIP=ffffffff802000a9 RFL=00000246 [---Z-P-] CPL=0 II=0 A20=1 SMM=0 HLT=0
ES =0000 0000000000000000 00000000 00201300
CS =0008 0000000000000000 00000000 00209800 DPL=0 CS64 [---]
SS =0010 0000000000000000 00000000 00209300 DPL=0 DS   [-WA]
DS =0000 0000000000000000 00000000 00201300
FS =0000 0000000000000000 00000000 00201300
GS =0000 0000000000000000 00000000 00201300
LDT=0000 0000000000000000 0000ffff 00008200 DPL=0 LDT
TR =0028 ffffffff80215100 00000068 00008900 DPL=0 TSS64-avl
GDT=     ffffffff802043d0 00000037
IDT=     ffffffff802151e0 00000fff
CR0=80000011 CR2=0000000000000000 CR3=0000000000206000 CR4=00000020
DR0=0000000000000000 DR1=0000000000000000 DR2=0000000000000000 DR3=0000000000000000 
DR6=00000000ffff0ff0 DR7=0000000000000400
CCS=0000000000000044 CCD=fffffffffffffffd CCO=EFLAGS
EFER=0000000000000500
   105: v=20 e=0000 i=0 cpl=0 IP=0008:ffffffff802000a9 pc=ffffffff802000a9 SP=0010:ffffffff80219370 env->regs[R_EAX]=0000000000000000
RAX=0000000000000000 RBX=000002d000000000 RCX=0000000000000780 RDX=000000000000001a
RSI=0000030000000000 RDI=0000000000000018 RBP=ffffffff80219370 RSP=ffffffff80219370
R8 =0000032000000000 R9 =0000033000000000 R10=0000034000000000 R11=0000035000000000
R12=0000036000000000 R13=0000037000000000 R14=0000038000000000 R15=0000039000000000
RIP=ffffffff802000a9 RFL=00000246 [---Z-P-] CPL=0 II=0 A20=1 SMM=0 HLT=0
ES =0000 0000000000000000 00000000 00201300
CS =0008 0000000000000000 00000000 00209800 DPL=0 CS64 [---]
SS =0010 0000000000000000 00000000 00209300 DPL=0 DS   [-WA]
DS =0000 0000000000000000 00000000 00201300
FS =0000 0000000000000000 00000000 00201300
GS =0000 0000000000000000 00000000 00201300
LDT=0000 0000000000000000 0000ffff 00008200 DPL=0 LDT
TR =0028 ffffffff80215100 00000068 00008900 DPL=0 TSS64-avl
GDT=     ffffffff802043d0 00000037
IDT=     ffffffff802151e0 00000fff
CR0=80000011 CR2=0000000000000000 CR3=0000000000206000 CR4=00000020
DR0=0000000000000000 DR1=0000000000000000 DR2=0000000000000000 DR3=0000000000000000 
DR6=00000000ffff0ff0 DR7=0000000000000400
CCS=0000000000000044 CCD=fffffffffffffffe CCO=EFLAGS
EFER=0000000000000500
   106: v=20 e=0000 i=0 cpl=0 IP=0008:ffffffff802000a9 pc=ffffffff802000a9 SP=0010:ffffffff80219370 env->regs[R_EAX]=0000000000000000
RAX=0000000000000000 RBX=000002d000000000 RCX=0000000000000780 RDX=000000000000001a
RSI=0000030000000000 RDI=0000000000000018 RBP=ffffffff80219370 RSP=ffffffff80219370
R8 =0000032000000000 R9 =0000033000000000 R10=0000034000000000 R11=0000035000000000
R12=0000036000000000 R13=0000037000000000 R14=0000038000000000 R15=0000039000000000
RIP=ffffffff802000a9 RFL=00000246 [---Z-P-] CPL=0 II=0 A20=1 SMM=0 HLT=0
ES =0000 0000000000000000 00000000 00201300
CS =0008 0000000000000000 00000000 00209800 DPL=0 CS64 [---]
SS =0010 0000000000000000 00000000 00209300 DPL=0 DS   [-WA]
DS =0000 0000000000000000 00000000 00201300
FS =0000 0000000000000000 00000000 00201300
GS =0000 0000000000000000 00000000 00201300
LDT=0000 0000000000000000 0000ffff 00008200 DPL=0 LDT
TR =0028 ffffffff80215100 00000068 00008900 DPL=0 TSS64-avl
GDT=     ffffffff802043d0 00000037
IDT=     ffffffff802151e0 00000fff
CR0=80000011 CR2=0000000000000000 CR3=0000000000206000 CR4=00000020
DR0=0000000000000000 DR1=0000000000000000 DR2=0000000000000000 DR3=0000000000000000 
DR6=00000000ffff0ff0 DR7=0000000000000400
CCS=0000000000000044 CCD=ffffffffffffffff CCO=EFLAGS
EFER=0000000000000500
   107: v=20 e=0000 i=0 cpl=0 IP=0008:ffffffff802000a9 pc=ffffffff802000a9 SP=0010:ffffffff80219370 env->regs[R_EAX]=0000000000000000
RAX=0000000000000000 RBX=000002d000000000 RCX=0000000000000780 RDX=000000000000001a
RSI=0000030000000000 RDI=0000000000000018 RBP=ffffffff80219370 RSP=ffffffff80219370
R8 =0000032000000000 R9 =0000033000000000 R10=0000034000000000 R11=0000035000000000
R12=0000036000000000 R13=0000037000000000 R14=0000038000000000 R15=0000039000000000
RIP=ffffffff802000a9 RFL=00000246 [---Z-P-] CPL=0 II=0 A20=1 SMM=0 HLT=0
ES =0000 0000000000000000 00000000 00201300
CS =0008 0000000000000000 00000000 00209800 DPL=0 CS64 [---]
SS =0010 0000000000000000 00000000 00209300 DPL=0 DS   [-WA]
DS =0000 0000000000000000 00000000 00201300
FS =0000 0000000000000000 00000000 00201300
GS =0000 0000000000000000 00000000 00201300
LDT=0000 0000000000000000 0000ffff 00008200 DPL=0 LDT
TR =0028 ffffffff80215100 00000068 00008900 DPL=0 TSS64-avl
GDT=     ffffffff802043d0 00000037
IDT=     ffffffff802151e0 00000fff
CR0=80000011 CR2=0000000000000000 CR3=0000000000206000 CR4=00000020
DR0=0000000000000000 DR1=0000000000000000 DR2=0000000000000000 DR3=0000000000000000 
DR6=00000000ffff0ff0 DR7=0000000000000400
CCS=0000000000000044 CCD=0000000000000000 CCO=EFLAGS
EFER=0000000000000500
   108: v=20 e=0000 i=0 cpl=3 IP=001b:000000000040007c pc=000000000040007c SP=0023:00007fffffffffe8 env->regs[R_EAX]=ffffffff8021822d
RAX=ffffffff8021822d RBX=0000000000000000 RCX=0000000000000780 RDX=0000000000000008
RSI=00007ffffffffff0 RDI=ffffffff8021822d RBP=00007fffffffffe8 RSP=00007fffffffffe8
R8 =0000000000000000 R9 =0000000000000000 R10=0000000000000000 R11=0000000000000000
R12=0000000000000000 R13=0000000000000000 R14=0000000000000000 R15=0000000000000000
RIP=000000000040007c RFL=00000202 [-------] CPL=3 II=0 A20=1 SMM=0 HLT=0
ES =0000 0000000000000000 00000000 00201300
CS =001b 0000000000000000 ffffffff 00affa00 DPL=3 CS64 [-R-]
SS =0023 0000000000000000 ffffffff 008ff200 DPL=3 DS   [-W-]
DS =0000 0000000000000000 00000000 00201300
FS =0000 0000000000000000 00000000 00201300
GS =0000 0000000000000000 00000000 00201300
LDT=0000 0000000000000000 0000ffff 00008200 DPL=0 LDT
TR =0028 ffffffff80215100 00000068 00008900 DPL=0 TSS64-avl
GDT=     ffffffff802043d0 00000037
IDT=     ffffffff802151e0 00000fff
CR0=80000011 CR2=0000000000000000 CR3=0000000000206000 CR4=00000020
DR0=0000000000000000 DR1=0000000000000000 DR2=0000000000000000 DR3=0000000000000000 
DR6=00000000ffff0ff0 DR7=0000000000000400
CCS=0000000000000000 CCD=0000000000000006 CCO=EFLAGS
EFER=0000000000000500
   109: v=20 e=0000 i=0 cpl=3 IP=001b:000000000040007c pc=000000000040007c SP=0023:00007fffffffffe8 env->regs[R_EAX]=ffffffff8021822d
RAX=ffffffff8021822d RBX=0000000000000000 RCX=0000000000000780 RDX=0000000000000008
RSI=00007ffffffffff0 RDI=ffffffff8021822d RBP=00007fffffffffe8 RSP=00007fffffffffe8
R8 =0000000000000000 R9 =0000000000000000 R10=0000000000000000 R11=0000000000000000
R12=0000000000000000 R13=0000000000000000 R14=0000000000000000 R15=0000000000000000
RIP=000000000040007c RFL=00000202 [-------] CPL=3 II=0 A20=1 SMM=0 HLT=0
ES =0000 0000000000000000 00000000 00201300
CS =001b 0000000000000000 ffffffff 00affa00 DPL=3 CS64 [-R-]
SS =0023 0000000000000000 ffffffff 008ff200 DPL=3 DS   [-W-]
DS =0000 0000000000000000 00000000 00201300
FS =0000 0000000000000000 00000000 00201300
GS =0000 0000000000000000 00000000 00201300
LDT=0000 0000000000000000 0000ffff 00008200 DPL=0 LDT
TR =0028 ffffffff80215100 00000068 00008900 DPL=0 TSS64-avl
GDT=     ffffffff802043d0 00000037
IDT=     ffffffff802151e0 00000fff
CR0=80000011 CR2=0000000000000000 CR3=0000000000206000 CR4=00000020
DR0=0000000000000000 DR1=0000000000000000 DR2=0000000000000000 DR3=0000000000000000 
DR6=00000000ffff0ff0 DR7=0000000000000400
CCS=0000000000000000 CCD=fffffffffffffff0 CCO=EFLAGS
EFER=0000000000000500
   110: v=20 e=0000 i=0 cpl=3 IP=001b:000000000040007c pc=000000000040007c SP=0023:00007fffffffffe8 env->regs[R_EAX]=ffffffff8021822d
RAX=ffffffff8021822d RBX=0000000000000000 RCX=0000000000000780 RDX=0000000000000008
RSI=00007ffffffffff0 RDI=ffffffff8021822d RBP=00007fffffffffe8 RSP=00007fffffffffe8
R8 =0000000000000000 R9 =0000000000000000 R10=0000000000000000 R11=0000000000000000
R12=0000000000000000 R13=0000000000000000 R14=0000000000000000 R15=0000000000000000
RIP=000000000040007c RFL=00000202 [-------] CPL=3 II=0 A20=1 SMM=0 HLT=0
ES =0000 0000000000000000 00000000 00201300
CS =001b 0000000000000000 ffffffff 00affa00 DPL=3 CS64 [-R-]
SS =0023 0000000000000000 ffffffff 008ff200 DPL=3 DS   [-W-]
DS =0000 0000000000000000 00000000 00201300
FS =0000 0000000000000000 00000000 00201300
GS =0000 0000000000000000 00000000 00201300
LDT=0000 0000000000000000 0000ffff 00008200 DPL=0 LDT
TR =0028 ffffffff80215100 00000068 00008900 DPL=0 TSS64-avl
GDT=     ffffffff802043d0 00000037
IDT=     ffffffff802151e0 00000fff
CR0=80000011 CR2=0000000000000000 CR3=0000000000206000 CR4=00000020
DR0=0000000000000000 DR1=0000000000000000 DR2=0000000000000000 DR3=0000000000000000 
DR6=00000000ffff0ff0 DR7=0000000000000400
CCS=0000000000000000 CCD=fffffffffffffff1 CCO=EFLAGS
EFER=0000000000000500
   111: v=20 e=0000 i=0 cpl=3 IP=001b:000000000040007c pc=000000000040007c SP=0023:00007fffffffffe8 env->regs[R_EAX]=ffffffff8021822d
RAX=ffffffff8021822d RBX=0000000000000000 RCX=0000000000000780 RDX=0000000000000008
RSI=00007ffffffffff0 RDI=ffffffff8021822d RBP=00007fffffffffe8 RSP=00007fffffffffe8
R8 =0000000000000000 R9 =0000000000000000 R10=0000000000000000 R11=0000000000000000
R12=0000000000000000 R13=0000000000000000 R14=0000000000000000 R15=0000000000000000
RIP=000000000040007c RFL=00000202 [-------] CPL=3 II=0 A20=1 SMM=0 HLT=0
ES =0000 0000000000000000 00000000 00201300
CS =001b 0000000000000000 ffffffff 00affa00 DPL=3 CS64 [-R-]
SS =0023 0000000000000000 ffffffff 008ff200 DPL=3 DS   [-W-]
DS =0000 0000000000000000 00000000 00201300
FS =0000 0000000000000000 00000000 00201300
GS =0000 0000000000000000 00000000 00201300
LDT=0000 0000000000000000 0000ffff 00008200 DPL=0 LDT
TR =0028 ffffffff80215100 00000068 00008900 DPL=0 TSS64-avl
GDT=     ffffffff802043d0 00000037
IDT=     ffffffff802151e0 00000fff
CR0=80000011 CR2=0000000000000000 CR3=0000000000206000 CR4=00000020
DR0=0000000000000000 DR1=0000000000000000 DR2=0000000000000000 DR3=0000000000000000 
DR6=00000000ffff0ff0 DR7=0000000000000400
CCS=0000000000000000 CCD=fffffffffffffff2 CCO=EFLAGS
EFER=0000000000000500
   112: v=20 e=0000 i=0 cpl=3 IP=001b:000000000040007c pc=000000000040007c SP=0023:00007fffffffffe8 env->regs[R_EAX]=ffffffff8021822d
RAX=ffffffff8021822d RBX=0000000000000000 RCX=0000000000000780 RDX=0000000000000008
RSI=00007ffffffffff0 RDI=ffffffff8021822d RBP=00007fffffffffe8 RSP=00007fffffffffe8
R8 =0000000000000000 R9 =0000000000000000 R10=0000000000000000 R11=0000000000000000
R12=0000000000000000 R13=0000000000000000 R14=0000000000000000 R15=0000000000000000
RIP=000000000040007c RFL=00000202 [-------] CPL=3 II=0 A20=1 SMM=0 HLT=0
ES =0000 0000000000000000 00000000 00201300
CS =001b 0000000000000000 ffffffff 00affa00 DPL=3 CS64 [-R-]
SS =0023 0000000000000000 ffffffff 008ff200 DPL=3 DS   [-W-]
DS =0000 0000000000000000 00000000 00201300
FS =0000 0000000000000000 00000000 00201300
GS =0000 0000000000000000 00000000 00201300
LDT=0000 0000000000000000 0000ffff 00008200 DPL=0 LDT
TR =0028 ffffffff80215100 00000068 00008900 DPL=0 TSS64-avl
GDT=     ffffffff802043d0 00000037
IDT=     ffffffff802151e0 00000fff
CR0=80000011 CR2=0000000000000000 CR3=0000000000206000 CR4=00000020
DR0=0000000000000000 DR1=0000000000000000 DR2=0000000000000000 DR3=0000000000000000 
DR6=00000000ffff0ff0 DR7=0000000000000400
CCS=0000000000000000 CCD=fffffffffffffff3 CCO=EFLAGS
EFER=0000000000000500
   113: v=20 e=0000 i=0 cpl=3 IP=001b:000000000040007c pc=000000000040007c SP=0023:00007fffffffffe8 env->regs[R_EAX]=ffffffff8021822d
RAX=ffffffff8021822d RBX=0000000000000000 RCX=0000000000000780 RDX=0000000000000008
RSI=00007ffffffffff0 RDI=ffffffff8021822d RBP=00007fffffffffe8 RSP=00007fffffffffe8
R8 =0000000000000000 R9 =0000000000000000 R10=0000000000000000 R11=0000000000000000
R12=0000000000000000 R13=0000000000000000 R14=0000000000000000 R15=0000000000000000
RIP=000000000040007c RFL=00000202 [-------] CPL=3 II=0 A20=1 SMM=0 HLT=0
ES =0000 0000000000000000 00000000 00201300
CS =001b 0000000000000000 ffffffff 00affa00 DPL=3 CS64 [-R-]
SS =0023 0000000000000000 ffffffff 008ff200 DPL=3 DS   [-W-]
DS =0000 0000000000000000 00000000 00201300
FS =0000 0000000000000000 00000000 00201300
GS =0000 0000000000000000 00000000 00201300
LDT=0000 0000000000000000 0000ffff 00008200 DPL=0 LDT
TR =0028 ffffffff80215100 00000068 00008900 DPL=0 TSS64-avl
GDT=     ffffffff802043d0 00000037
IDT=     ffffffff802151e0 00000fff
CR0=80000011 CR2=0000000000000000 CR3=0000000000206000 CR4=00000020
DR0=0000000000000000 DR1=0000000000000000 DR2=0000000000000000 DR3=0000000000000000 
DR6=00000000ffff0ff0 DR7=0000000000000400
CCS=0000000000000000 CCD=fffffffffffffff4 CCO=EFLAGS
EFER=0000000000000500
   114: v=20 e=0000 i=0 cpl=3 IP=001b:000000000040007c pc=000000000040007c SP=0023:00007fffffffffe8 env->regs[R_EAX]=ffffffff8021822d
RAX=ffffffff8021822d RBX=0000000000000000 RCX=0000000000000780 RDX=0000000000000008
RSI=00007ffffffffff0 RDI=ffffffff8021822d RBP=00007fffffffffe8 RSP=00007fffffffffe8
R8 =0000000000000000 R9 =0000000000000000 R10=0000000000000000 R11=0000000000000000
R12=0000000000000000 R13=0000000000000000 R14=0000000000000000 R15=0000000000000000
RIP=000000000040007c RFL=00000202 [-------] CPL=3 II=0 A20=1 SMM=0 HLT=0
ES =0000 0000000000000000 00000000 00201300
CS =001b 0000000000000000 ffffffff 00affa00 DPL=3 CS64 [-R-]
SS =0023 0000000000000000 ffffffff 008ff200 DPL=3 DS   [-W-]
DS =0000 0000000000000000 00000000 00201300
FS =0000 0000000000000000 00000000 00201300
GS =0000 0000000000000000 00000000 00201300
LDT=0000 0000000000000000 0000ffff 00008200 DPL=0 LDT
TR =0028 ffffffff80215100 00000068 00008900 DPL=0 TSS64-avl
GDT=     ffffffff802043d0 00000037
IDT=     ffffffff802151e0 00000fff
CR0=80000011 CR2=0000000000000000 CR3=0000000000206000 CR4=00000020
DR0=0000000000000000 DR1=0000000000000000 DR2=0000000000000000 DR3=0000000000000000 
DR6=00000000ffff0ff0 DR7=0000000000000400
CCS=0000000000000000 CCD=fffffffffffffff5 CCO=EFLAGS
EFER=0000000000000500
   115: v=20 e=0000 i=0 cpl=3 IP=001b:000000000040007c pc=000000000040007c SP=0023:00007fffffffffe8 env->regs[R_EAX]=ffffffff8021822d
RAX=ffffffff8021822d RBX=0000000000000000 RCX=0000000000000780 RDX=0000000000000008
RSI=00007ffffffffff0 RDI=ffffffff8021822d RBP=00007fffffffffe8 RSP=00007fffffffffe8
R8 =0000000000000000 R9 =0000000000000000 R10=0000000000000000 R11=0000000000000000
R12=0000000000000000 R13=0000000000000000 R14=0000000000000000 R15=0000000000000000
RIP=000000000040007c RFL=00000202 [-------] CPL=3 II=0 A20=1 SMM=0 HLT=0
ES =0000 0000000000000000 00000000 00201300
CS =001b 0000000000000000 ffffffff 00affa00 DPL=3 CS64 [-R-]
SS =0023 0000000000000000 ffffffff 008ff200 DPL=3 DS   [-W-]
DS =0000 0000000000000000 00000000 00201300
FS =0000 0000000000000000 00000000 00201300
GS =0000 0000000000000000 00000000 00201300
LDT=0000 0000000000000000 0000ffff 00008200 DPL=0 LDT
TR =0028 ffffffff80215100 00000068 00008900 DPL=0 TSS64-avl
GDT=     ffffffff802043d0 00000037
IDT=     ffffffff802151e0 00000fff
CR0=80000011 CR2=0000000000000000 CR3=0000000000206000 CR4=00000020
DR0=0000000000000000 DR1=0000000000000000 DR2=0000000000000000 DR3=0000000000000000 
DR6=00000000ffff0ff0 DR7=0000000000000400
CCS=0000000000000000 CCD=fffffffffffffff6 CCO=EFLAGS
EFER=0000000000000500
   116: v=20 e=0000 i=0 cpl=3 IP=001b:000000000040007c pc=000000000040007c SP=0023:00007fffffffffe8 env->regs[R_EAX]=ffffffff8021822d
RAX=ffffffff8021822d RBX=0000000000000000 RCX=0000000000000780 RDX=0000000000000008
RSI=00007ffffffffff0 RDI=ffffffff8021822d RBP=00007fffffffffe8 RSP=00007fffffffffe8
R8 =0000000000000000 R9 =0000000000000000 R10=0000000000000000 R11=0000000000000000
R12=0000000000000000 R13=0000000000000000 R14=0000000000000000 R15=0000000000000000
RIP=000000000040007c RFL=00000202 [-------] CPL=3 II=0 A20=1 SMM=0 HLT=0
ES =0000 0000000000000000 00000000 00201300
CS =001b 0000000000000000 ffffffff 00affa00 DPL=3 CS64 [-R-]
SS =0023 0000000000000000 ffffffff 008ff200 DPL=3 DS   [-W-]
DS =0000 0000000000000000 00000000 00201300
FS =0000 0000000000000000 00000000 00201300
GS =0000 0000000000000000 00000000 00201300
LDT=0000 0000000000000000 0000ffff 00008200 DPL=0 LDT
TR =0028 ffffffff80215100 00000068 00008900 DPL=0 TSS64-avl
GDT=     ffffffff802043d0 00000037
IDT=     ffffffff802151e0 00000fff
CR0=80000011 CR2=0000000000000000 CR3=0000000000206000 CR4=00000020
DR0=0000000000000000 DR1=0000000000000000 DR2=0000000000000000 DR3=0000000000000000 
DR6=00000000ffff0ff0 DR7=0000000000000400
CCS=0000000000000000 CCD=fffffffffffffff7 CCO=EFLAGS
EFER=0000000000000500
   117: v=20 e=0000 i=0 cpl=3 IP=001b:000000000040007c pc=000000000040007c SP=0023:00007fffffffffe8 env->regs[R_EAX]=ffffffff8021822d
RAX=ffffffff8021822d RBX=0000000000000000 RCX=0000000000000780 RDX=0000000000000008
RSI=00007ffffffffff0 RDI=ffffffff8021822d RBP=00007fffffffffe8 RSP=00007fffffffffe8
R8 =0000000000000000 R9 =0000000000000000 R10=0000000000000000 R11=0000000000000000
R12=0000000000000000 R13=0000000000000000 R14=0000000000000000 R15=0000000000000000
RIP=000000000040007c RFL=00000202 [-------] CPL=3 II=0 A20=1 SMM=0 HLT=0
ES =0000 0000000000000000 00000000 00201300
CS =001b 0000000000000000 ffffffff 00affa00 DPL=3 CS64 [-R-]
SS =0023 0000000000000000 ffffffff 008ff200 DPL=3 DS   [-W-]
DS =0000 0000000000000000 00000000 00201300
FS =0000 0000000000000000 00000000 00201300
GS =0000 0000000000000000 00000000 00201300
LDT=0000 0000000000000000 0000ffff 00008200 DPL=0 LDT
TR =0028 ffffffff80215100 00000068 00008900 DPL=0 TSS64-avl
GDT=     ffffffff802043d0 00000037
IDT=     ffffffff802151e0 00000fff
CR0=80000011 CR2=0000000000000000 CR3=0000000000206000 CR4=00000020
DR0=0000000000000000 DR1=0000000000000000 DR2=0000000000000000 DR3=0000000000000000 
DR6=00000000ffff0ff0 DR7=0000000000000400
CCS=0000000000000000 CCD=fffffffffffffff8 CCO=EFLAGS
EFER=0000000000000500
   118: v=20 e=0000 i=0 cpl=3 IP=001b:000000000040007c pc=000000000040007c SP=0023:00007fffffffffe8 env->regs[R_EAX]=ffffffff8021822d
RAX=ffffffff8021822d RBX=0000000000000000 RCX=0000000000000780 RDX=0000000000000008
RSI=00007ffffffffff0 RDI=ffffffff8021822d RBP=00007fffffffffe8 RSP=00007fffffffffe8
R8 =0000000000000000 R9 =0000000000000000 R10=0000000000000000 R11=0000000000000000
R12=0000000000000000 R13=0000000000000000 R14=0000000000000000 R15=0000000000000000
RIP=000000000040007c RFL=00000202 [-------] CPL=3 II=0 A20=1 SMM=0 HLT=0
ES =0000 0000000000000000 00000000 00201300
CS =001b 0000000000000000 ffffffff 00affa00 DPL=3 CS64 [-R-]
SS =0023 0000000000000000 ffffffff 008ff200 DPL=3 DS   [-W-]
DS =0000 0000000000000000 00000000 00201300
FS =0000 0000000000000000 00000000 00201300
GS =0000 0000000000000000 00000000 00201300
LDT=0000 0000000000000000 0000ffff 00008200 DPL=0 LDT
TR =0028 ffffffff80215100 00000068 00008900 DPL=0 TSS64-avl
GDT=     ffffffff802043d0 00000037
IDT=     ffffffff802151e0 00000fff
CR0=80000011 CR2=0000000000000000 CR3=0000000000206000 CR4=00000020
DR0=0000000000000000 DR1=0000000000000000 DR2=0000000000000000 DR3=0000000000000000 
DR6=00000000ffff0ff0 DR7=0000000000000400
CCS=0000000000000000 CCD=fffffffffffffff9 CCO=EFLAGS
EFER=0000000000000500
   119: v=20 e=0000 i=0 cpl=3 IP=001b:000000000040007c pc=000000000040007c SP=0023:00007fffffffffe8 env->regs[R_EAX]=ffffffff8021822d
RAX=ffffffff8021822d RBX=0000000000000000 RCX=0000000000000780 RDX=0000000000000008
RSI=00007ffffffffff0 RDI=ffffffff8021822d RBP=00007fffffffffe8 RSP=00007fffffffffe8
R8 =0000000000000000 R9 =0000000000000000 R10=0000000000000000 R11=0000000000000000
R12=0000000000000000 R13=0000000000000000 R14=0000000000000000 R15=0000000000000000
RIP=000000000040007c RFL=00000202 [-------] CPL=3 II=0 A20=1 SMM=0 HLT=0
ES =0000 0000000000000000 00000000 00201300
CS =001b 0000000000000000 ffffffff 00affa00 DPL=3 CS64 [-R-]
SS =0023 0000000000000000 ffffffff 008ff200 DPL=3 DS   [-W-]
DS =0000 0000000000000000 00000000 00201300
FS =0000 0000000000000000 00000000 00201300
GS =0000 0000000000000000 00000000 00201300
LDT=0000 0000000000000000 0000ffff 00008200 DPL=0 LDT
TR =0028 ffffffff80215100 00000068 00008900 DPL=0 TSS64-avl
GDT=     ffffffff802043d0 00000037
IDT=     ffffffff802151e0 00000fff
CR0=80000011 CR2=0000000000000000 CR3=0000000000206000 CR4=00000020
DR0=0000000000000000 DR1=0000000000000000 DR2=0000000000000000 DR3=0000000000000000 
DR6=00000000ffff0ff0 DR7=0000000000000400
CCS=0000000000000000 CCD=fffffffffffffffa CCO=EFLAGS
EFER=0000000000000500
   120: v=20 e=0000 i=0 cpl=3 IP=001b:000000000040007c pc=000000000040007c SP=0023:00007fffffffffe8 env->regs[R_EAX]=ffffffff8021822d
RAX=ffffffff8021822d RBX=0000000000000000 RCX=0000000000000780 RDX=0000000000000008
RSI=00007ffffffffff0 RDI=ffffffff8021822d RBP=00007fffffffffe8 RSP=00007fffffffffe8
R8 =0000000000000000 R9 =0000000000000000 R10=0000000000000000 R11=0000000000000000
R12=0000000000000000 R13=0000000000000000 R14=0000000000000000 R15=0000000000000000
RIP=000000000040007c RFL=00000202 [-------] CPL=3 II=0 A20=1 SMM=0 HLT=0
ES =0000 0000000000000000 00000000 00201300
CS =001b 0000000000000000 ffffffff 00affa00 DPL=3 CS64 [-R-]
SS =0023 0000000000000000 ffffffff 008ff200 DPL=3 DS   [-W-]
DS =0000 0000000000000000 00000000 00201300
FS =0000 0000000000000000 00000000 00201300
GS =0000 0000000000000000 00000000 00201300
LDT=0000 0000000000000000 0000ffff 00008200 DPL=0 LDT
TR =0028 ffffffff80215100 00000068 00008900 DPL=0 TSS64-avl
GDT=     ffffffff802043d0 00000037
IDT=     ffffffff802151e0 00000fff
CR0=80000011 CR2=0000000000000000 CR3=0000000000206000 CR4=00000020
DR0=0000000000000000 DR1=0000000000000000 DR2=0000000000000000 DR3=0000000000000000 
DR6=00000000ffff0ff0 DR7=0000000000000400
CCS=0000000000000000 CCD=fffffffffffffffb CCO=EFLAGS
EFER=0000000000000500
   121: v=20 e=0000 i=0 cpl=3 IP=001b:000000000040007c pc=000000000040007c SP=0023:00007fffffffffe8 env->regs[R_EAX]=ffffffff8021822d
RAX=ffffffff8021822d RBX=0000000000000000 RCX=0000000000000780 RDX=0000000000000008
RSI=00007ffffffffff0 RDI=ffffffff8021822d RBP=00007fffffffffe8 RSP=00007fffffffffe8
R8 =0000000000000000 R9 =0000000000000000 R10=0000000000000000 R11=0000000000000000
R12=0000000000000000 R13=0000000000000000 R14=0000000000000000 R15=0000000000000000
RIP=000000000040007c RFL=00000202 [-------] CPL=3 II=0 A20=1 SMM=0 HLT=0
ES =0000 0000000000000000 00000000 00201300
CS =001b 0000000000000000 ffffffff 00affa00 DPL=3 CS64 [-R-]
SS =0023 0000000000000000 ffffffff 008ff200 DPL=3 DS   [-W-]
DS =0000 0000000000000000 00000000 00201300
FS =0000 0000000000000000 00000000 00201300
GS =0000 0000000000000000 00000000 00201300
LDT=0000 0000000000000000 0000ffff 00008200 DPL=0 LDT
TR =0028 ffffffff80215100 00000068 00008900 DPL=0 TSS64-avl
GDT=     ffffffff802043d0 00000037
IDT=     ffffffff802151e0 00000fff
CR0=80000011 CR2=0000000000000000 CR3=0000000000206000 CR4=00000020
DR0=0000000000000000 DR1=0000000000000000 DR2=0000000000000000 DR3=0000000000000000 
DR6=00000000ffff0ff0 DR7=0000000000000400
CCS=0000000000000000 CCD=fffffffffffffffc CCO=EFLAGS
EFER=0000000000000500
   122: v=20 e=0000 i=0 cpl=3 IP=001b:000000000040007c pc=000000000040007c SP=0023:00007fffffffffe8 env->regs[R_EAX]=ffffffff8021822d
RAX=ffffffff8021822d RBX=0000000000000000 RCX=0000000000000780 RDX=0000000000000008
RSI=00007ffffffffff0 RDI=ffffffff8021822d RBP=00007fffffffffe8 RSP=00007fffffffffe8
R8 =0000000000000000 R9 =0000000000000000 R10=0000000000000000 R11=0000000000000000
R12=0000000000000000 R13=0000000000000000 R14=0000000000000000 R15=0000000000000000
RIP=000000000040007c RFL=00000202 [-------] CPL=3 II=0 A20=1 SMM=0 HLT=0
ES =0000 0000000000000000 00000000 00201300
CS =001b 0000000000000000 ffffffff 00affa00 DPL=3 CS64 [-R-]
SS =0023 0000000000000000 ffffffff 008ff200 DPL=3 DS   [-W-]
DS =0000 0000000000000000 00000000 00201300
FS =0000 0000000000000000 00000000 00201300
GS =0000 0000000000000000 00000000 00201300
LDT=0000 0000000000000000 0000ffff 00008200 DPL=0 LDT
TR =0028 ffffffff80215100 00000068 00008900 DPL=0 TSS64-avl
GDT=     ffffffff802043d0 00000037
IDT=     ffffffff802151e0 00000fff
CR0=80000011 CR2=0000000000000000 CR3=0000000000206000 CR4=00000020
DR0=0000000000000000 DR1=0000000000000000 DR2=0000000000000000 DR3=0000000000000000 
DR6=00000000ffff0ff0 DR7=0000000000000400
CCS=0000000000000000 CCD=fffffffffffffffd CCO=EFLAGS
EFER=0000000000000500
   123: v=20 e=0000 i=0 cpl=3 IP=001b:000000000040007c pc=000000000040007c SP=0023:00007fffffffffe8 env->regs[R_EAX]=ffffffff8021822d
RAX=ffffffff8021822d RBX=0000000000000000 RCX=0000000000000780 RDX=0000000000000008
RSI=00007ffffffffff0 RDI=ffffffff8021822d RBP=00007fffffffffe8 RSP=00007fffffffffe8
R8 =0000000000000000 R9 =0000000000000000 R10=0000000000000000 R11=0000000000000000
R12=0000000000000000 R13=0000000000000000 R14=0000000000000000 R15=0000000000000000
RIP=000000000040007c RFL=00000202 [-------] CPL=3 II=0 A20=1 SMM=0 HLT=0
ES =0000 0000000000000000 00000000 00201300
CS =001b 0000000000000000 ffffffff 00affa00 DPL=3 CS64 [-R-]
SS =0023 0000000000000000 ffffffff 008ff200 DPL=3 DS   [-W-]
DS =0000 0000000000000000 00000000 00201300
FS =0000 0000000000000000 00000000 00201300
GS =0000 0000000000000000 00000000 00201300
LDT=0000 0000000000000000 0000ffff 00008200 DPL=0 LDT
TR =0028 ffffffff80215100 00000068 00008900 DPL=0 TSS64-avl
GDT=     ffffffff802043d0 00000037
IDT=     ffffffff802151e0 00000fff
CR0=80000011 CR2=0000000000000000 CR3=0000000000206000 CR4=00000020
DR0=0000000000000000 DR1=0000000000000000 DR2=0000000000000000 DR3=0000000000000000 
DR6=00000000ffff0ff0 DR7=0000000000000400
CCS=0000000000000000 CCD=fffffffffffffffe CCO=EFLAGS
EFER=0000000000000500
   124: v=20 e=0000 i=0 cpl=3 IP=001b:000000000040007c pc=000000000040007c SP=0023:00007fffffffffe8 env->regs[R_EAX]=ffffffff8021822d
RAX=ffffffff8021822d RBX=0000000000000000 RCX=0000000000000780 RDX=0000000000000008
RSI=00007ffffffffff0 RDI=ffffffff8021822d RBP=00007fffffffffe8 RSP=00007fffffffffe8
R8 =0000000000000000 R9 =0000000000000000 R10=0000000000000000 R11=0000000000000000
R12=0000000000000000 R13=0000000000000000 R14=0000000000000000 R15=0000000000000000
RIP=000000000040007c RFL=00000202 [-------] CPL=3 II=0 A20=1 SMM=0 HLT=0
ES =0000 0000000000000000 00000000 00201300
CS =001b 0000000000000000 ffffffff 00affa00 DPL=3 CS64 [-R-]
SS =0023 0000000000000000 ffffffff 008ff200 DPL=3 DS   [-W-]
DS =0000 0000000000000000 00000000 00201300
FS =0000 0000000000000000 00000000 00201300
GS =0000 0000000000000000 00000000 00201300
LDT=0000 0000000000000000 0000ffff 00008200 DPL=0 LDT
TR =0028 ffffffff80215100 00000068 00008900 DPL=0 TSS64-avl
GDT=     ffffffff802043d0 00000037
IDT=     ffffffff802151e0 00000fff
CR0=80000011 CR2=0000000000000000 CR3=0000000000206000 CR4=00000020
DR0=0000000000000000 DR1=0000000000000000 DR2=0000000000000000 DR3=0000000000000000 
DR6=00000000ffff0ff0 DR7=0000000000000400
CCS=0000000000000000 CCD=ffffffffffffffff CCO=EFLAGS
EFER=0000000000000500
   125: v=20 e=0000 i=0 cpl=3 IP=001b:000000000040007c pc=000000000040007c SP=0023:00007fffffffffe8 env->regs[R_EAX]=ffffffff8021822d
RAX=ffffffff8021822d RBX=0000000000000000 RCX=0000000000000780 RDX=0000000000000008
RSI=00007ffffffffff0 RDI=ffffffff8021822d RBP=00007fffffffffe8 RSP=00007fffffffffe8
R8 =0000000000000000 R9 =0000000000000000 R10=0000000000000000 R11=0000000000000000
R12=0000000000000000 R13=0000000000000000 R14=0000000000000000 R15=0000000000000000
RIP=000000000040007c RFL=00000202 [-------] CPL=3 II=0 A20=1 SMM=0 HLT=0
ES =0000 0000000000000000 00000000 00201300
CS =001b 0000000000000000 ffffffff 00affa00 DPL=3 CS64 [-R-]
SS =0023 0000000000000000 ffffffff 008ff200 DPL=3 DS   [-W-]
DS =0000 0000000000000000 00000000 00201300
FS =0000 0000000000000000 00000000 00201300
GS =0000 0000000000000000 00000000 00201300
LDT=0000 0000000000000000 0000ffff 00008200 DPL=0 LDT
TR =0028 ffffffff80215100 00000068 00008900 DPL=0 TSS64-avl
GDT=     ffffffff802043d0 00000037
IDT=     ffffffff802151e0 00000fff
CR0=80000011 CR2=0000000000000000 CR3=0000000000206000 CR4=00000020
DR0=0000000000000000 DR1=0000000000000000 DR2=0000000000000000 DR3=0000000000000000 
DR6=00000000ffff0ff0 DR7=0000000000000400
CCS=0000000000000000 CCD=0000000000000000 CCO=EFLAGS
EFER=0000000000000500
   126: v=20 e=0000 i=0 cpl=0 IP=0008:ffffffff802000a9 pc=ffffffff802000a9 SP=0010:ffffffff80219370 env->regs[R_EAX]=0000000000000000
RAX=0000000000000000 RBX=000002d000000000 RCX=0000000000000780 RDX=000000000000001a
RSI=0000030000000000 RDI=0000000000000018 RBP=ffffffff80219370 RSP=ffffffff80219370
R8 =0000032000000000 R9 =0000033000000000 R10=0000034000000000 R11=0000035000000000
R12=0000036000000000 R13=0000037000000000 R14=0000038000000000 R15=0000039000000000
RIP=ffffffff802000a9 RFL=00000246 [---Z-P-] CPL=0 II=0 A20=1 SMM=0 HLT=0
ES =0000 0000000000000000 00000000 00201300
CS =0008 0000000000000000 00000000 00209800 DPL=0 CS64 [---]
SS =0010 0000000000000000 00000000 00209300 DPL=0 DS   [-WA]
DS =0000 0000000000000000 00000000 00201300
FS =0000 0000000000000000 00000000 00201300
GS =0000 0000000000000000 00000000 00201300
LDT=0000 0000000000000000 0000ffff 00008200 DPL=0 LDT
TR =0028 ffffffff80215100 00000068 00008900 DPL=0 TSS64-avl
GDT=     ffffffff802043d0 00000037
IDT=     ffffffff802151e0 00000fff
CR0=80000011 CR2=0000000000000000 CR3=0000000000206000 CR4=00000020
DR0=0000000000000000 DR1=0000000000000000 DR2=0000000000000000 DR3=0000000000000000 
DR6=00000000ffff0ff0 DR7=0000000000000400
CCS=0000000000000044 CCD=0000000000000007 CCO=EFLAGS
EFER=0000000000000500
   127: v=20 e=0000 i=0 cpl=0 IP=0008:ffffffff802000a9 pc=ffffffff802000a9 SP=0010:ffffffff80219370 env->regs[R_EAX]=0000000000000000
RAX=0000000000000000 RBX=000002d000000000 RCX=0000000000000780 RDX=000000000000001a
RSI=0000030000000000 RDI=0000000000000018 RBP=ffffffff80219370 RSP=ffffffff80219370
R8 =0000032000000000 R9 =0000033000000000 R10=0000034000000000 R11=0000035000000000
R12=0000036000000000 R13=0000037000000000 R14=0000038000000000 R15=0000039000000000
RIP=ffffffff802000a9 RFL=00000246 [---Z-P-] CPL=0 II=0 A20=1 SMM=0 HLT=0
ES =0000 0000000000000000 00000000 00201300
CS =0008 0000000000000000 00000000 00209800 DPL=0 CS64 [---]
SS =0010 0000000000000000 00000000 00209300 DPL=0 DS   [-WA]
DS =0000 0000000000000000 00000000 00201300
FS =0000 0000000000000000 00000000 00201300
GS =0000 0000000000000000 00000000 00201300
LDT=0000 0000000000000000 0000ffff 00008200 DPL=0 LDT
TR =0028 ffffffff80215100 00000068 00008900 DPL=0 TSS64-avl
GDT=     ffffffff802043d0 00000037
IDT=     ffffffff802151e0 00000fff
CR0=80000011 CR2=0000000000000000 CR3=0000000000206000 CR4=00000020
DR0=0000000000000000 DR1=0000000000000000 DR2=0000000000000000 DR3=0000000000000000 
DR6=00000000ffff0ff0 DR7=0000000000000400
CCS=0000000000000044 CCD=fffffffffffffff0 CCO=EFLAGS
EFER=0000000000000500
   128: v=20 e=0000 i=0 cpl=0 IP=0008:ffffffff802000a9 pc=ffffffff802000a9 SP=0010:ffffffff80219370 env->regs[R_EAX]=0000000000000000
RAX=0000000000000000 RBX=000002d000000000 RCX=0000000000000780 RDX=000000000000001a
RSI=0000030000000000 RDI=0000000000000018 RBP=ffffffff80219370 RSP=ffffffff80219370
R8 =0000032000000000 R9 =0000033000000000 R10=0000034000000000 R11=0000035000000000
R12=0000036000000000 R13=0000037000000000 R14=0000038000000000 R15=0000039000000000
RIP=ffffffff802000a9 RFL=00000246 [---Z-P-] CPL=0 II=0 A20=1 SMM=0 HLT=0
ES =0000 0000000000000000 00000000 00201300
CS =0008 0000000000000000 00000000 00209800 DPL=0 CS64 [---]
SS =0010 0000000000000000 00000000 00209300 DPL=0 DS   [-WA]
DS =0000 0000000000000000 00000000 00201300
FS =0000 0000000000000000 00000000 00201300
GS =0000 0000000000000000 00000000 00201300
LDT=0000 0000000000000000 0000ffff 00008200 DPL=0 LDT
TR =0028 ffffffff80215100 00000068 00008900 DPL=0 TSS64-avl
GDT=     ffffffff802043d0 00000037
IDT=     ffffffff802151e0 00000fff
CR0=80000011 CR2=0000000000000000 CR3=0000000000206000 CR4=00000020
DR0=0000000000000000 DR1=0000000000000000 DR2=0000000000000000 DR3=0000000000000000 
DR6=00000000ffff0ff0 DR7=0000000000000400
CCS=0000000000000044 CCD=fffffffffffffff1 CCO=EFLAGS
EFER=0000000000000500
   129: v=20 e=0000 i=0 cpl=0 IP=0008:ffffffff802000a9 pc=ffffffff802000a9 SP=0010:ffffffff80219370 env->regs[R_EAX]=0000000000000000
RAX=0000000000000000 RBX=000002d000000000 RCX=0000000000000780 RDX=000000000000001a
RSI=0000030000000000 RDI=0000000000000018 RBP=ffffffff80219370 RSP=ffffffff80219370
R8 =0000032000000000 R9 =0000033000000000 R10=0000034000000000 R11=0000035000000000
R12=0000036000000000 R13=0000037000000000 R14=0000038000000000 R15=0000039000000000
RIP=ffffffff802000a9 RFL=00000246 [---Z-P-] CPL=0 II=0 A20=1 SMM=0 HLT=0
ES =0000 0000000000000000 00000000 00201300
CS =0008 0000000000000000 00000000 00209800 DPL=0 CS64 [---]
SS =0010 0000000000000000 00000000 00209300 DPL=0 DS   [-WA]
DS =0000 0000000000000000 00000000 00201300
FS =0000 0000000000000000 00000000 00201300
GS =0000 0000000000000000 00000000 00201300
LDT=0000 0000000000000000 0000ffff 00008200 DPL=0 LDT
TR =0028 ffffffff80215100 00000068 00008900 DPL=0 TSS64-avl
GDT=     ffffffff802043d0 00000037
IDT=     ffffffff802151e0 00000fff
CR0=80000011 CR2=0000000000000000 CR3=0000000000206000 CR4=00000020
DR0=0000000000000000 DR1=0000000000000000 DR2=0000000000000000 DR3=0000000000000000 
DR6=00000000ffff0ff0 DR7=0000000000000400
CCS=0000000000000044 CCD=fffffffffffffff2 CCO=EFLAGS
EFER=0000000000000500
   130: v=20 e=0000 i=0 cpl=0 IP=0008:ffffffff802000a9 pc=ffffffff802000a9 SP=0010:ffffffff80219370 env->regs[R_EAX]=0000000000000000
RAX=0000000000000000 RBX=000002d000000000 RCX=0000000000000780 RDX=000000000000001a
RSI=0000030000000000 RDI=0000000000000018 RBP=ffffffff80219370 RSP=ffffffff80219370
R8 =0000032000000000 R9 =0000033000000000 R10=0000034000000000 R11=0000035000000000
R12=0000036000000000 R13=0000037000000000 R14=0000038000000000 R15=0000039000000000
RIP=ffffffff802000a9 RFL=00000246 [---Z-P-] CPL=0 II=0 A20=1 SMM=0 HLT=0
ES =0000 0000000000000000 00000000 00201300
CS =0008 0000000000000000 00000000 00209800 DPL=0 CS64 [---]
SS =0010 0000000000000000 00000000 00209300 DPL=0 DS   [-WA]
DS =0000 0000000000000000 00000000 00201300
FS =0000 0000000000000000 00000000 00201300
GS =0000 0000000000000000 00000000 00201300
LDT=0000 0000000000000000 0000ffff 00008200 DPL=0 LDT
TR =0028 ffffffff80215100 00000068 00008900 DPL=0 TSS64-avl
GDT=     ffffffff802043d0 00000037
IDT=     ffffffff802151e0 00000fff
CR0=80000011 CR2=0000000000000000 CR3=0000000000206000 CR4=00000020
DR0=0000000000000000 DR1=0000000000000000 DR2=0000000000000000 DR3=0000000000000000 
DR6=00000000ffff0ff0 DR7=0000000000000400
CCS=0000000000000044 CCD=fffffffffffffff3 CCO=EFLAGS
EFER=0000000000000500
   131: v=20 e=0000 i=0 cpl=0 IP=0008:ffffffff802000a9 pc=ffffffff802000a9 SP=0010:ffffffff80219370 env->regs[R_EAX]=0000000000000000
RAX=0000000000000000 RBX=000002d000000000 RCX=0000000000000780 RDX=000000000000001a
RSI=0000030000000000 RDI=0000000000000018 RBP=ffffffff80219370 RSP=ffffffff80219370
R8 =0000032000000000 R9 =0000033000000000 R10=0000034000000000 R11=0000035000000000
R12=0000036000000000 R13=0000037000000000 R14=0000038000000000 R15=0000039000000000
RIP=ffffffff802000a9 RFL=00000246 [---Z-P-] CPL=0 II=0 A20=1 SMM=0 HLT=0
ES =0000 0000000000000000 00000000 00201300
CS =0008 0000000000000000 00000000 00209800 DPL=0 CS64 [---]
SS =0010 0000000000000000 00000000 00209300 DPL=0 DS   [-WA]
DS =0000 0000000000000000 00000000 00201300
FS =0000 0000000000000000 00000000 00201300
GS =0000 0000000000000000 00000000 00201300
LDT=0000 0000000000000000 0000ffff 00008200 DPL=0 LDT
TR =0028 ffffffff80215100 00000068 00008900 DPL=0 TSS64-avl
GDT=     ffffffff802043d0 00000037
IDT=     ffffffff802151e0 00000fff
CR0=80000011 CR2=0000000000000000 CR3=0000000000206000 CR4=00000020
DR0=0000000000000000 DR1=0000000000000000 DR2=0000000000000000 DR3=0000000000000000 
DR6=00000000ffff0ff0 DR7=0000000000000400
CCS=0000000000000044 CCD=fffffffffffffff4 CCO=EFLAGS
EFER=0000000000000500
   132: v=20 e=0000 i=0 cpl=0 IP=0008:ffffffff802000a9 pc=ffffffff802000a9 SP=0010:ffffffff80219370 env->regs[R_EAX]=0000000000000000
RAX=0000000000000000 RBX=000002d000000000 RCX=0000000000000780 RDX=000000000000001a
RSI=0000030000000000 RDI=0000000000000018 RBP=ffffffff80219370 RSP=ffffffff80219370
R8 =0000032000000000 R9 =0000033000000000 R10=0000034000000000 R11=0000035000000000
R12=0000036000000000 R13=0000037000000000 R14=0000038000000000 R15=0000039000000000
RIP=ffffffff802000a9 RFL=00000246 [---Z-P-] CPL=0 II=0 A20=1 SMM=0 HLT=0
ES =0000 0000000000000000 00000000 00201300
CS =0008 0000000000000000 00000000 00209800 DPL=0 CS64 [---]
SS =0010 0000000000000000 00000000 00209300 DPL=0 DS   [-WA]
DS =0000 0000000000000000 00000000 00201300
FS =0000 0000000000000000 00000000 00201300
GS =0000 0000000000000000 00000000 00201300
LDT=0000 0000000000000000 0000ffff 00008200 DPL=0 LDT
TR =0028 ffffffff80215100 00000068 00008900 DPL=0 TSS64-avl
GDT=     ffffffff802043d0 00000037
IDT=     ffffffff802151e0 00000fff
CR0=80000011 CR2=0000000000000000 CR3=0000000000206000 CR4=00000020
DR0=0000000000000000 DR1=0000000000000000 DR2=0000000000000000 DR3=0000000000000000 
DR6=00000000ffff0ff0 DR7=0000000000000400
CCS=0000000000000044 CCD=fffffffffffffff5 CCO=EFLAGS
EFER=0000000000000500
   133: v=20 e=0000 i=0 cpl=0 IP=0008:ffffffff802000a9 pc=ffffffff802000a9 SP=0010:ffffffff80219370 env->regs[R_EAX]=0000000000000000
RAX=0000000000000000 RBX=000002d000000000 RCX=0000000000000780 RDX=000000000000001a
RSI=0000030000000000 RDI=0000000000000018 RBP=ffffffff80219370 RSP=ffffffff80219370
R8 =0000032000000000 R9 =0000033000000000 R10=0000034000000000 R11=0000035000000000
R12=0000036000000000 R13=0000037000000000 R14=0000038000000000 R15=0000039000000000
RIP=ffffffff802000a9 RFL=00000246 [---Z-P-] CPL=0 II=0 A20=1 SMM=0 HLT=0
ES =0000 0000000000000000 00000000 00201300
CS =0008 0000000000000000 00000000 00209800 DPL=0 CS64 [---]
SS =0010 0000000000000000 00000000 00209300 DPL=0 DS   [-WA]
DS =0000 0000000000000000 00000000 00201300
FS =0000 0000000000000000 00000000 00201300
GS =0000 0000000000000000 00000000 00201300
LDT=0000 0000000000000000 0000ffff 00008200 DPL=0 LDT
TR =0028 ffffffff80215100 00000068 00008900 DPL=0 TSS64-avl
GDT=     ffffffff802043d0 00000037
IDT=     ffffffff802151e0 00000fff
CR0=80000011 CR2=0000000000000000 CR3=0000000000206000 CR4=00000020
DR0=0000000000000000 DR1=0000000000000000 DR2=0000000000000000 DR3=0000000000000000 
DR6=00000000ffff0ff0 DR7=0000000000000400
CCS=0000000000000044 CCD=fffffffffffffff6 CCO=EFLAGS
EFER=0000000000000500
   134: v=20 e=0000 i=0 cpl=0 IP=0008:ffffffff802000a9 pc=ffffffff802000a9 SP=0010:ffffffff80219370 env->regs[R_EAX]=0000000000000000
RAX=0000000000000000 RBX=000002d000000000 RCX=0000000000000780 RDX=000000000000001a
RSI=0000030000000000 RDI=0000000000000018 RBP=ffffffff80219370 RSP=ffffffff80219370
R8 =0000032000000000 R9 =0000033000000000 R10=0000034000000000 R11=0000035000000000
R12=0000036000000000 R13=0000037000000000 R14=0000038000000000 R15=0000039000000000
RIP=ffffffff802000a9 RFL=00000246 [---Z-P-] CPL=0 II=0 A20=1 SMM=0 HLT=0
ES =0000 0000000000000000 00000000 00201300
CS =0008 0000000000000000 00000000 00209800 DPL=0 CS64 [---]
SS =0010 0000000000000000 00000000 00209300 DPL=0 DS   [-WA]
DS =0000 0000000000000000 00000000 00201300
FS =0000 0000000000000000 00000000 00201300
GS =0000 0000000000000000 00000000 00201300
LDT=0000 0000000000000000 0000ffff 00008200 DPL=0 LDT
TR =0028 ffffffff80215100 00000068 00008900 DPL=0 TSS64-avl
GDT=     ffffffff802043d0 00000037
IDT=     ffffffff802151e0 00000fff
CR0=80000011 CR2=0000000000000000 CR3=0000000000206000 CR4=00000020
DR0=0000000000000000 DR1=0000000000000000 DR2=0000000000000000 DR3=0000000000000000 
DR6=00000000ffff0ff0 DR7=0000000000000400
CCS=0000000000000044 CCD=fffffffffffffff7 CCO=EFLAGS
EFER=0000000000000500
   135: v=20 e=0000 i=0 cpl=0 IP=0008:ffffffff802000a9 pc=ffffffff802000a9 SP=0010:ffffffff80219370 env->regs[R_EAX]=0000000000000000
RAX=0000000000000000 RBX=000002d000000000 RCX=0000000000000780 RDX=000000000000001a
RSI=0000030000000000 RDI=0000000000000018 RBP=ffffffff80219370 RSP=ffffffff80219370
R8 =0000032000000000 R9 =0000033000000000 R10=0000034000000000 R11=0000035000000000
R12=0000036000000000 R13=0000037000000000 R14=0000038000000000 R15=0000039000000000
RIP=ffffffff802000a9 RFL=00000246 [---Z-P-] CPL=0 II=0 A20=1 SMM=0 HLT=0
ES =0000 0000000000000000 00000000 00201300
CS =0008 0000000000000000 00000000 00209800 DPL=0 CS64 [---]
SS =0010 0000000000000000 00000000 00209300 DPL=0 DS   [-WA]
DS =0000 0000000000000000 00000000 00201300
FS =0000 0000000000000000 00000000 00201300
GS =0000 0000000000000000 00000000 00201300
LDT=0000 0000000000000000 0000ffff 00008200 DPL=0 LDT
TR =0028 ffffffff80215100 00000068 00008900 DPL=0 TSS64-avl
GDT=     ffffffff802043d0 00000037
IDT=     ffffffff802151e0 00000fff
CR0=80000011 CR2=0000000000000000 CR3=0000000000206000 CR4=00000020
DR0=0000000000000000 DR1=0000000000000000 DR2=0000000000000000 DR3=0000000000000000 
DR6=00000000ffff0ff0 DR7=0000000000000400
CCS=0000000000000044 CCD=fffffffffffffff8 CCO=EFLAGS
EFER=0000000000000500
   136: v=20 e=0000 i=0 cpl=0 IP=0008:ffffffff802000a9 pc=ffffffff802000a9 SP=0010:ffffffff80219370 env->regs[R_EAX]=0000000000000000
RAX=0000000000000000 RBX=000002d000000000 RCX=0000000000000780 RDX=000000000000001a
RSI=0000030000000000 RDI=0000000000000018 RBP=ffffffff80219370 RSP=ffffffff80219370
R8 =0000032000000000 R9 =0000033000000000 R10=0000034000000000 R11=0000035000000000
R12=0000036000000000 R13=0000037000000000 R14=0000038000000000 R15=0000039000000000
RIP=ffffffff802000a9 RFL=00000246 [---Z-P-] CPL=0 II=0 A20=1 SMM=0 HLT=0
ES =0000 0000000000000000 00000000 00201300
CS =0008 0000000000000000 00000000 00209800 DPL=0 CS64 [---]
SS =0010 0000000000000000 00000000 00209300 DPL=0 DS   [-WA]
DS =0000 0000000000000000 00000000 00201300
FS =0000 0000000000000000 00000000 00201300
GS =0000 0000000000000000 00000000 00201300
LDT=0000 0000000000000000 0000ffff 00008200 DPL=0 LDT
TR =0028 ffffffff80215100 00000068 00008900 DPL=0 TSS64-avl
GDT=     ffffffff802043d0 00000037
IDT=     ffffffff802151e0 00000fff
CR0=80000011 CR2=0000000000000000 CR3=0000000000206000 CR4=00000020
DR0=0000000000000000 DR1=0000000000000000 DR2=0000000000000000 DR3=0000000000000000 
DR6=00000000ffff0ff0 DR7=0000000000000400
CCS=0000000000000044 CCD=fffffffffffffff9 CCO=EFLAGS
EFER=0000000000000500
   137: v=20 e=0000 i=0 cpl=0 IP=0008:ffffffff802000a9 pc=ffffffff802000a9 SP=0010:ffffffff80219370 env->regs[R_EAX]=0000000000000000
RAX=0000000000000000 RBX=000002d000000000 RCX=0000000000000780 RDX=000000000000001a
RSI=0000030000000000 RDI=0000000000000018 RBP=ffffffff80219370 RSP=ffffffff80219370
R8 =0000032000000000 R9 =0000033000000000 R10=0000034000000000 R11=0000035000000000
R12=0000036000000000 R13=0000037000000000 R14=0000038000000000 R15=0000039000000000
RIP=ffffffff802000a9 RFL=00000246 [---Z-P-] CPL=0 II=0 A20=1 SMM=0 HLT=0
ES =0000 0000000000000000 00000000 00201300
CS =0008 0000000000000000 00000000 00209800 DPL=0 CS64 [---]
SS =0010 0000000000000000 00000000 00209300 DPL=0 DS   [-WA]
DS =0000 0000000000000000 00000000 00201300
FS =0000 0000000000000000 00000000 00201300
GS =0000 0000000000000000 00000000 00201300
LDT=0000 0000000000000000 0000ffff 00008200 DPL=0 LDT
TR =0028 ffffffff80215100 00000068 00008900 DPL=0 TSS64-avl
GDT=     ffffffff802043d0 00000037
IDT=     ffffffff802151e0 00000fff
CR0=80000011 CR2=0000000000000000 CR3=0000000000206000 CR4=00000020
DR0=0000000000000000 DR1=0000000000000000 DR2=0000000000000000 DR3=0000000000000000 
DR6=00000000ffff0ff0 DR7=0000000000000400
CCS=0000000000000044 CCD=fffffffffffffffa CCO=EFLAGS
EFER=0000000000000500
   138: v=20 e=0000 i=0 cpl=0 IP=0008:ffffffff802000a9 pc=ffffffff802000a9 SP=0010:ffffffff80219370 env->regs[R_EAX]=0000000000000000
RAX=0000000000000000 RBX=000002d000000000 RCX=0000000000000780 RDX=000000000000001a
RSI=0000030000000000 RDI=0000000000000018 RBP=ffffffff80219370 RSP=ffffffff80219370
R8 =0000032000000000 R9 =0000033000000000 R10=0000034000000000 R11=0000035000000000
R12=0000036000000000 R13=0000037000000000 R14=0000038000000000 R15=0000039000000000
RIP=ffffffff802000a9 RFL=00000246 [---Z-P-] CPL=0 II=0 A20=1 SMM=0 HLT=0
ES =0000 0000000000000000 00000000 00201300
CS =0008 0000000000000000 00000000 00209800 DPL=0 CS64 [---]
SS =0010 0000000000000000 00000000 00209300 DPL=0 DS   [-WA]
DS =0000 0000000000000000 00000000 00201300
FS =0000 0000000000000000 00000000 00201300
GS =0000 0000000000000000 00000000 00201300
LDT=0000 0000000000000000 0000ffff 00008200 DPL=0 LDT
TR =0028 ffffffff80215100 00000068 00008900 DPL=0 TSS64-avl
GDT=     ffffffff802043d0 00000037
IDT=     ffffffff802151e0 00000fff
CR0=80000011 CR2=0000000000000000 CR3=0000000000206000 CR4=00000020
DR0=0000000000000000 DR1=0000000000000000 DR2=0000000000000000 DR3=0000000000000000 
DR6=00000000ffff0ff0 DR7=0000000000000400
CCS=0000000000000044 CCD=fffffffffffffffb CCO=EFLAGS
EFER=0000000000000500
   139: v=20 e=0000 i=0 cpl=0 IP=0008:ffffffff802000a9 pc=ffffffff802000a9 SP=0010:ffffffff80219370 env->regs[R_EAX]=0000000000000000
RAX=0000000000000000 RBX=000002d000000000 RCX=0000000000000780 RDX=000000000000001a
RSI=0000030000000000 RDI=0000000000000018 RBP=ffffffff80219370 RSP=ffffffff80219370
R8 =0000032000000000 R9 =0000033000000000 R10=0000034000000000 R11=0000035000000000
R12=0000036000000000 R13=0000037000000000 R14=0000038000000000 R15=0000039000000000
RIP=ffffffff802000a9 RFL=00000246 [---Z-P-] CPL=0 II=0 A20=1 SMM=0 HLT=0
ES =0000 0000000000000000 00000000 00201300
CS =0008 0000000000000000 00000000 00209800 DPL=0 CS64 [---]
SS =0010 0000000000000000 00000000 00209300 DPL=0 DS   [-WA]
DS =0000 0000000000000000 00000000 00201300
FS =0000 0000000000000000 00000000 00201300
GS =0000 0000000000000000 00000000 00201300
LDT=0000 0000000000000000 0000ffff 00008200 DPL=0 LDT
TR =0028 ffffffff80215100 00000068 00008900 DPL=0 TSS64-avl
GDT=     ffffffff802043d0 00000037
IDT=     ffffffff802151e0 00000fff
CR0=80000011 CR2=0000000000000000 CR3=0000000000206000 CR4=00000020
DR0=0000000000000000 DR1=0000000000000000 DR2=0000000000000000 DR3=0000000000000000 
DR6=00000000ffff0ff0 DR7=0000000000000400
CCS=0000000000000044 CCD=fffffffffffffffc CCO=EFLAGS
EFER=0000000000000500
   140: v=20 e=0000 i=0 cpl=0 IP=0008:ffffffff802000a9 pc=ffffffff802000a9 SP=0010:ffffffff80219370 env->regs[R_EAX]=0000000000000000
RAX=0000000000000000 RBX=000002d000000000 RCX=0000000000000780 RDX=000000000000001a
RSI=0000030000000000 RDI=0000000000000018 RBP=ffffffff80219370 RSP=ffffffff80219370
R8 =0000032000000000 R9 =0000033000000000 R10=0000034000000000 R11=0000035000000000
R12=0000036000000000 R13=0000037000000000 R14=0000038000000000 R15=0000039000000000
RIP=ffffffff802000a9 RFL=00000246 [---Z-P-] CPL=0 II=0 A20=1 SMM=0 HLT=0
ES =0000 0000000000000000 00000000 00201300
CS =0008 0000000000000000 00000000 00209800 DPL=0 CS64 [---]
SS =0010 0000000000000000 00000000 00209300 DPL=0 DS   [-WA]
DS =0000 0000000000000000 00000000 00201300
FS =0000 0000000000000000 00000000 00201300
GS =0000 0000000000000000 00000000 00201300
LDT=0000 0000000000000000 0000ffff 00008200 DPL=0 LDT
TR =0028 ffffffff80215100 00000068 00008900 DPL=0 TSS64-avl
GDT=     ffffffff802043d0 00000037
IDT=     ffffffff802151e0 00000fff
CR0=80000011 CR2=0000000000000000 CR3=0000000000206000 CR4=00000020
DR0=0000000000000000 DR1=0000000000000000 DR2=0000000000000000 DR3=0000000000000000 
DR6=00000000ffff0ff0 DR7=0000000000000400
CCS=0000000000000044 CCD=fffffffffffffffd CCO=EFLAGS
EFER=0000000000000500
   141: v=20 e=0000 i=0 cpl=0 IP=0008:ffffffff802000a9 pc=ffffffff802000a9 SP=0010:ffffffff80219370 env->regs[R_EAX]=0000000000000000
RAX=0000000000000000 RBX=000002d000000000 RCX=0000000000000780 RDX=000000000000001a
RSI=0000030000000000 RDI=0000000000000018 RBP=ffffffff80219370 RSP=ffffffff80219370
R8 =0000032000000000 R9 =0000033000000000 R10=0000034000000000 R11=0000035000000000
R12=0000036000000000 R13=0000037000000000 R14=0000038000000000 R15=0000039000000000
RIP=ffffffff802000a9 RFL=00000246 [---Z-P-] CPL=0 II=0 A20=1 SMM=0 HLT=0
ES =0000 0000000000000000 00000000 00201300
CS =0008 0000000000000000 00000000 00209800 DPL=0 CS64 [---]
SS =0010 0000000000000000 00000000 00209300 DPL=0 DS   [-WA]
DS =0000 0000000000000000 00000000 00201300
FS =0000 0000000000000000 00000000 00201300
GS =0000 0000000000000000 00000000 00201300
LDT=0000 0000000000000000 0000ffff 00008200 DPL=0 LDT
TR =0028 ffffffff80215100 00000068 00008900 DPL=0 TSS64-avl
GDT=     ffffffff802043d0 00000037
IDT=     ffffffff802151e0 00000fff
CR0=80000011 CR2=0000000000000000 CR3=0000000000206000 CR4=00000020
DR0=0000000000000000 DR1=0000000000000000 DR2=0000000000000000 DR3=0000000000000000 
DR6=00000000ffff0ff0 DR7=0000000000000400
CCS=0000000000000044 CCD=fffffffffffffffe CCO=EFLAGS
EFER=0000000000000500
   142: v=20 e=0000 i=0 cpl=0 IP=0008:ffffffff802000a9 pc=ffffffff802000a9 SP=0010:ffffffff80219370 env->regs[R_EAX]=0000000000000000
RAX=0000000000000000 RBX=000002d000000000 RCX=0000000000000780 RDX=000000000000001a
RSI=0000030000000000 RDI=0000000000000018 RBP=ffffffff80219370 RSP=ffffffff80219370
R8 =0000032000000000 R9 =0000033000000000 R10=0000034000000000 R11=0000035000000000
R12=0000036000000000 R13=0000037000000000 R14=0000038000000000 R15=0000039000000000
RIP=ffffffff802000a9 RFL=00000246 [---Z-P-] CPL=0 II=0 A20=1 SMM=0 HLT=0
ES =0000 0000000000000000 00000000 00201300
CS =0008 0000000000000000 00000000 00209800 DPL=0 CS64 [---]
SS =0010 0000000000000000 00000000 00209300 DPL=0 DS   [-WA]
DS =0000 0000000000000000 00000000 00201300
FS =0000 0000000000000000 00000000 00201300
GS =0000 0000000000000000 00000000 00201300
LDT=0000 0000000000000000 0000ffff 00008200 DPL=0 LDT
TR =0028 ffffffff80215100 00000068 00008900 DPL=0 TSS64-avl
GDT=     ffffffff802043d0 00000037
IDT=     ffffffff802151e0 00000fff
CR0=80000011 CR2=0000000000000000 CR3=0000000000206000 CR4=00000020
DR0=0000000000000000 DR1=0000000000000000 DR2=0000000000000000 DR3=0000000000000000 
DR6=00000000ffff0ff0 DR7=0000000000000400
CCS=0000000000000044 CCD=ffffffffffffffff CCO=EFLAGS
EFER=0000000000000500
   143: v=20 e=0000 i=0 cpl=0 IP=0008:ffffffff802000a9 pc=ffffffff802000a9 SP=0010:ffffffff80219370 env->regs[R_EAX]=0000000000000000
RAX=0000000000000000 RBX=000002d000000000 RCX=0000000000000780 RDX=000000000000001a
RSI=0000030000000000 RDI=0000000000000018 RBP=ffffffff80219370 RSP=ffffffff80219370
R8 =0000032000000000 R9 =0000033000000000 R10=0000034000000000 R11=0000035000000000
R12=0000036000000000 R13=0000037000000000 R14=0000038000000000 R15=0000039000000000
RIP=ffffffff802000a9 RFL=00000246 [---Z-P-] CPL=0 II=0 A20=1 SMM=0 HLT=0
ES =0000 0000000000000000 00000000 00201300
CS =0008 0000000000000000 00000000 00209800 DPL=0 CS64 [---]
SS =0010 0000000000000000 00000000 00209300 DPL=0 DS   [-WA]
DS =0000 0000000000000000 00000000 00201300
FS =0000 0000000000000000 00000000 00201300
GS =0000 0000000000000000 00000000 00201300
LDT=0000 0000000000000000 0000ffff 00008200 DPL=0 LDT
TR =0028 ffffffff80215100 00000068 00008900 DPL=0 TSS64-avl
GDT=     ffffffff802043d0 00000037
IDT=     ffffffff802151e0 00000fff
CR0=80000011 CR2=0000000000000000 CR3=0000000000206000 CR4=00000020
DR0=0000000000000000 DR1=0000000000000000 DR2=0000000000000000 DR3=0000000000000000 
DR6=00000000ffff0ff0 DR7=0000000000000400
CCS=0000000000000044 CCD=0000000000000000 CCO=EFLAGS
EFER=0000000000000500
   144: v=20 e=0000 i=0 cpl=3 IP=001b:000000000040007c pc=000000000040007c SP=0023:00007fffffffffe8 env->regs[R_EAX]=ffffffff8021822d
RAX=ffffffff8021822d RBX=0000000000000000 RCX=0000000000000780 RDX=0000000000000008
RSI=00007ffffffffff0 RDI=ffffffff8021822d RBP=00007fffffffffe8 RSP=00007fffffffffe8
R8 =0000000000000000 R9 =0000000000000000 R10=0000000000000000 R11=0000000000000000
R12=0000000000000000 R13=0000000000000000 R14=0000000000000000 R15=0000000000000000
RIP=000000000040007c RFL=00000202 [-------] CPL=3 II=0 A20=1 SMM=0 HLT=0
ES =0000 0000000000000000 00000000 00201300
CS =001b 0000000000000000 ffffffff 00affa00 DPL=3 CS64 [-R-]
SS =0023 0000000000000000 ffffffff 008ff200 DPL=3 DS   [-W-]
DS =0000 0000000000000000 00000000 00201300
FS =0000 0000000000000000 00000000 00201300
GS =0000 0000000000000000 00000000 00201300
LDT=0000 0000000000000000 0000ffff 00008200 DPL=0 LDT
TR =0028 ffffffff80215100 00000068 00008900 DPL=0 TSS64-avl
GDT=     ffffffff802043d0 00000037
IDT=     ffffffff802151e0 00000fff
CR0=80000011 CR2=0000000000000000 CR3=0000000000206000 CR4=00000020
DR0=0000000000000000 DR1=0000000000000000 DR2=0000000000000000 DR3=0000000000000000 
DR6=00000000ffff0ff0 DR7=0000000000000400
CCS=0000000000000000 CCD=0000000000000008 CCO=EFLAGS
EFER=0000000000000500
   145: v=20 e=0000 i=0 cpl=3 IP=001b:000000000040007c pc=000000000040007c SP=0023:00007fffffffffe8 env->regs[R_EAX]=ffffffff8021822d
RAX=ffffffff8021822d RBX=0000000000000000 RCX=0000000000000780 RDX=0000000000000008
RSI=00007ffffffffff0 RDI=ffffffff8021822d RBP=00007fffffffffe8 RSP=00007fffffffffe8
R8 =0000000000000000 R9 =0000000000000000 R10=0000000000000000 R11=0000000000000000
R12=0000000000000000 R13=0000000000000000 R14=0000000000000000 R15=0000000000000000
RIP=000000000040007c RFL=00000202 [-------] CPL=3 II=0 A20=1 SMM=0 HLT=0
ES =0000 0000000000000000 00000000 00201300
CS =001b 0000000000000000 ffffffff 00affa00 DPL=3 CS64 [-R-]
SS =0023 0000000000000000 ffffffff 008ff200 DPL=3 DS   [-W-]
DS =0000 0000000000000000 00000000 00201300
FS =0000 0000000000000000 00000000 00201300
GS =0000 0000000000000000 00000000 00201300
LDT=0000 0000000000000000 0000ffff 00008200 DPL=0 LDT
TR =0028 ffffffff80215100 00000068 00008900 DPL=0 TSS64-avl
GDT=     ffffffff802043d0 00000037
IDT=     ffffffff802151e0 00000fff
CR0=80000011 CR2=0000000000000000 CR3=0000000000206000 CR4=00000020
DR0=0000000000000000 DR1=0000000000000000 DR2=0000000000000000 DR3=0000000000000000 
DR6=00000000ffff0ff0 DR7=0000000000000400
CCS=0000000000000000 CCD=fffffffffffffff0 CCO=EFLAGS
EFER=0000000000000500
   146: v=20 e=0000 i=0 cpl=3 IP=001b:000000000040007c pc=000000000040007c SP=0023:00007fffffffffe8 env->regs[R_EAX]=ffffffff8021822d
RAX=ffffffff8021822d RBX=0000000000000000 RCX=0000000000000780 RDX=0000000000000008
RSI=00007ffffffffff0 RDI=ffffffff8021822d RBP=00007fffffffffe8 RSP=00007fffffffffe8
R8 =0000000000000000 R9 =0000000000000000 R10=0000000000000000 R11=0000000000000000
R12=0000000000000000 R13=0000000000000000 R14=0000000000000000 R15=0000000000000000
RIP=000000000040007c RFL=00000202 [-------] CPL=3 II=0 A20=1 SMM=0 HLT=0
ES =0000 0000000000000000 00000000 00201300
CS =001b 0000000000000000 ffffffff 00affa00 DPL=3 CS64 [-R-]
SS =0023 0000000000000000 ffffffff 008ff200 DPL=3 DS   [-W-]
DS =0000 0000000000000000 00000000 00201300
FS =0000 0000000000000000 00000000 00201300
GS =0000 0000000000000000 00000000 00201300
LDT=0000 0000000000000000 0000ffff 00008200 DPL=0 LDT
TR =0028 ffffffff80215100 00000068 00008900 DPL=0 TSS64-avl
GDT=     ffffffff802043d0 00000037
IDT=     ffffffff802151e0 00000fff
CR0=80000011 CR2=0000000000000000 CR3=0000000000206000 CR4=00000020
DR0=0000000000000000 DR1=0000000000000000 DR2=0000000000000000 DR3=0000000000000000 
DR6=00000000ffff0ff0 DR7=0000000000000400
CCS=0000000000000000 CCD=fffffffffffffff1 CCO=EFLAGS
EFER=0000000000000500
   147: v=20 e=0000 i=0 cpl=3 IP=001b:000000000040007c pc=000000000040007c SP=0023:00007fffffffffe8 env->regs[R_EAX]=ffffffff8021822d
RAX=ffffffff8021822d RBX=0000000000000000 RCX=0000000000000780 RDX=0000000000000008
RSI=00007ffffffffff0 RDI=ffffffff8021822d RBP=00007fffffffffe8 RSP=00007fffffffffe8
R8 =0000000000000000 R9 =0000000000000000 R10=0000000000000000 R11=0000000000000000
R12=0000000000000000 R13=0000000000000000 R14=0000000000000000 R15=0000000000000000
RIP=000000000040007c RFL=00000202 [-------] CPL=3 II=0 A20=1 SMM=0 HLT=0
ES =0000 0000000000000000 00000000 00201300
CS =001b 0000000000000000 ffffffff 00affa00 DPL=3 CS64 [-R-]
SS =0023 0000000000000000 ffffffff 008ff200 DPL=3 DS   [-W-]
DS =0000 0000000000000000 00000000 00201300
FS =0000 0000000000000000 00000000 00201300
GS =0000 0000000000000000 00000000 00201300
LDT=0000 0000000000000000 0000ffff 00008200 DPL=0 LDT
TR =0028 ffffffff80215100 00000068 00008900 DPL=0 TSS64-avl
GDT=     ffffffff802043d0 00000037
IDT=     ffffffff802151e0 00000fff
CR0=80000011 CR2=0000000000000000 CR3=0000000000206000 CR4=00000020
DR0=0000000000000000 DR1=0000000000000000 DR2=0000000000000000 DR3=0000000000000000 
DR6=00000000ffff0ff0 DR7=0000000000000400
CCS=0000000000000000 CCD=fffffffffffffff2 CCO=EFLAGS
EFER=0000000000000500
   148: v=20 e=0000 i=0 cpl=3 IP=001b:000000000040007c pc=000000000040007c SP=0023:00007fffffffffe8 env->regs[R_EAX]=ffffffff8021822d
RAX=ffffffff8021822d RBX=0000000000000000 RCX=0000000000000780 RDX=0000000000000008
RSI=00007ffffffffff0 RDI=ffffffff8021822d RBP=00007fffffffffe8 RSP=00007fffffffffe8
R8 =0000000000000000 R9 =0000000000000000 R10=0000000000000000 R11=0000000000000000
R12=0000000000000000 R13=0000000000000000 R14=0000000000000000 R15=0000000000000000
RIP=000000000040007c RFL=00000202 [-------] CPL=3 II=0 A20=1 SMM=0 HLT=0
ES =0000 0000000000000000 00000000 00201300
CS =001b 0000000000000000 ffffffff 00affa00 DPL=3 CS64 [-R-]
SS =0023 0000000000000000 ffffffff 008ff200 DPL=3 DS   [-W-]
DS =0000 0000000000000000 00000000 00201300
FS =0000 0000000000000000 00000000 00201300
GS =0000 0000000000000000 00000000 00201300
LDT=0000 0000000000000000 0000ffff 00008200 DPL=0 LDT
TR =0028 ffffffff80215100 00000068 00008900 DPL=0 TSS64-avl
GDT=     ffffffff802043d0 00000037
IDT=     ffffffff802151e0 00000fff
CR0=80000011 CR2=0000000000000000 CR3=0000000000206000 CR4=00000020
DR0=0000000000000000 DR1=0000000000000000 DR2=0000000000000000 DR3=0000000000000000 
DR6=00000000ffff0ff0 DR7=0000000000000400
CCS=0000000000000000 CCD=fffffffffffffff3 CCO=EFLAGS
EFER=0000000000000500
   149: v=20 e=0000 i=0 cpl=3 IP=001b:000000000040007c pc=000000000040007c SP=0023:00007fffffffffe8 env->regs[R_EAX]=ffffffff8021822d
RAX=ffffffff8021822d RBX=0000000000000000 RCX=0000000000000780 RDX=0000000000000008
RSI=00007ffffffffff0 RDI=ffffffff8021822d RBP=00007fffffffffe8 RSP=00007fffffffffe8
R8 =0000000000000000 R9 =0000000000000000 R10=0000000000000000 R11=0000000000000000
R12=0000000000000000 R13=0000000000000000 R14=0000000000000000 R15=0000000000000000
RIP=000000000040007c RFL=00000202 [-------] CPL=3 II=0 A20=1 SMM=0 HLT=0
ES =0000 0000000000000000 00000000 00201300
CS =001b 0000000000000000 ffffffff 00affa00 DPL=3 CS64 [-R-]
SS =0023 0000000000000000 ffffffff 008ff200 DPL=3 DS   [-W-]
DS =0000 0000000000000000 00000000 00201300
FS =0000 0000000000000000 00000000 00201300
GS =0000 0000000000000000 00000000 00201300
LDT=0000 0000000000000000 0000ffff 00008200 DPL=0 LDT
TR =0028 ffffffff80215100 00000068 00008900 DPL=0 TSS64-avl
GDT=     ffffffff802043d0 00000037
IDT=     ffffffff802151e0 00000fff
CR0=80000011 CR2=0000000000000000 CR3=0000000000206000 CR4=00000020
DR0=0000000000000000 DR1=0000000000000000 DR2=0000000000000000 DR3=0000000000000000 
DR6=00000000ffff0ff0 DR7=0000000000000400
CCS=0000000000000000 CCD=fffffffffffffff4 CCO=EFLAGS
EFER=0000000000000500
   150: v=20 e=0000 i=0 cpl=3 IP=001b:000000000040007c pc=000000000040007c SP=0023:00007fffffffffe8 env->regs[R_EAX]=ffffffff8021822d
RAX=ffffffff8021822d RBX=0000000000000000 RCX=0000000000000780 RDX=0000000000000008
RSI=00007ffffffffff0 RDI=ffffffff8021822d RBP=00007fffffffffe8 RSP=00007fffffffffe8
R8 =0000000000000000 R9 =0000000000000000 R10=0000000000000000 R11=0000000000000000
R12=0000000000000000 R13=0000000000000000 R14=0000000000000000 R15=0000000000000000
RIP=000000000040007c RFL=00000202 [-------] CPL=3 II=0 A20=1 SMM=0 HLT=0
ES =0000 0000000000000000 00000000 00201300
CS =001b 0000000000000000 ffffffff 00affa00 DPL=3 CS64 [-R-]
SS =0023 0000000000000000 ffffffff 008ff200 DPL=3 DS   [-W-]
DS =0000 0000000000000000 00000000 00201300
FS =0000 0000000000000000 00000000 00201300
GS =0000 0000000000000000 00000000 00201300
LDT=0000 0000000000000000 0000ffff 00008200 DPL=0 LDT
TR =0028 ffffffff80215100 00000068 00008900 DPL=0 TSS64-avl
GDT=     ffffffff802043d0 00000037
IDT=     ffffffff802151e0 00000fff
CR0=80000011 CR2=0000000000000000 CR3=0000000000206000 CR4=00000020
DR0=0000000000000000 DR1=0000000000000000 DR2=0000000000000000 DR3=0000000000000000 
DR6=00000000ffff0ff0 DR7=0000000000000400
CCS=0000000000000000 CCD=fffffffffffffff5 CCO=EFLAGS
EFER=0000000000000500
   151: v=20 e=0000 i=0 cpl=3 IP=001b:000000000040007c pc=000000000040007c SP=0023:00007fffffffffe8 env->regs[R_EAX]=ffffffff8021822d
RAX=ffffffff8021822d RBX=0000000000000000 RCX=0000000000000780 RDX=0000000000000008
RSI=00007ffffffffff0 RDI=ffffffff8021822d RBP=00007fffffffffe8 RSP=00007fffffffffe8
R8 =0000000000000000 R9 =0000000000000000 R10=0000000000000000 R11=0000000000000000
R12=0000000000000000 R13=0000000000000000 R14=0000000000000000 R15=0000000000000000
RIP=000000000040007c RFL=00000202 [-------] CPL=3 II=0 A20=1 SMM=0 HLT=0
ES =0000 0000000000000000 00000000 00201300
CS =001b 0000000000000000 ffffffff 00affa00 DPL=3 CS64 [-R-]
SS =0023 0000000000000000 ffffffff 008ff200 DPL=3 DS   [-W-]
DS =0000 0000000000000000 00000000 00201300
FS =0000 0000000000000000 00000000 00201300
GS =0000 0000000000000000 00000000 00201300
LDT=0000 0000000000000000 0000ffff 00008200 DPL=0 LDT
TR =0028 ffffffff80215100 00000068 00008900 DPL=0 TSS64-avl
GDT=     ffffffff802043d0 00000037
IDT=     ffffffff802151e0 00000fff
CR0=80000011 CR2=0000000000000000 CR3=0000000000206000 CR4=00000020
DR0=0000000000000000 DR1=0000000000000000 DR2=0000000000000000 DR3=0000000000000000 
DR6=00000000ffff0ff0 DR7=0000000000000400
CCS=0000000000000000 CCD=fffffffffffffff6 CCO=EFLAGS
EFER=0000000000000500
   152: v=20 e=0000 i=0 cpl=3 IP=001b:000000000040007c pc=000000000040007c SP=0023:00007fffffffffe8 env->regs[R_EAX]=ffffffff8021822d
RAX=ffffffff8021822d RBX=0000000000000000 RCX=0000000000000780 RDX=0000000000000008
RSI=00007ffffffffff0 RDI=ffffffff8021822d RBP=00007fffffffffe8 RSP=00007fffffffffe8
R8 =0000000000000000 R9 =0000000000000000 R10=0000000000000000 R11=0000000000000000
R12=0000000000000000 R13=0000000000000000 R14=0000000000000000 R15=0000000000000000
RIP=000000000040007c RFL=00000202 [-------] CPL=3 II=0 A20=1 SMM=0 HLT=0
ES =0000 0000000000000000 00000000 00201300
CS =001b 0000000000000000 ffffffff 00affa00 DPL=3 CS64 [-R-]
SS =0023 0000000000000000 ffffffff 008ff200 DPL=3 DS   [-W-]
DS =0000 0000000000000000 00000000 00201300
FS =0000 0000000000000000 00000000 00201300
GS =0000 0000000000000000 00000000 00201300
LDT=0000 0000000000000000 0000ffff 00008200 DPL=0 LDT
TR =0028 ffffffff80215100 00000068 00008900 DPL=0 TSS64-avl
GDT=     ffffffff802043d0 00000037
IDT=     ffffffff802151e0 00000fff
CR0=80000011 CR2=0000000000000000 CR3=0000000000206000 CR4=00000020
DR0=0000000000000000 DR1=0000000000000000 DR2=0000000000000000 DR3=0000000000000000 
DR6=00000000ffff0ff0 DR7=0000000000000400
CCS=0000000000000000 CCD=fffffffffffffff7 CCO=EFLAGS
EFER=0000000000000500
   153: v=20 e=0000 i=0 cpl=3 IP=001b:000000000040007c pc=000000000040007c SP=0023:00007fffffffffe8 env->regs[R_EAX]=ffffffff8021822d
RAX=ffffffff8021822d RBX=0000000000000000 RCX=0000000000000780 RDX=0000000000000008
RSI=00007ffffffffff0 RDI=ffffffff8021822d RBP=00007fffffffffe8 RSP=00007fffffffffe8
R8 =0000000000000000 R9 =0000000000000000 R10=0000000000000000 R11=0000000000000000
R12=0000000000000000 R13=0000000000000000 R14=0000000000000000 R15=0000000000000000
RIP=000000000040007c RFL=00000202 [-------] CPL=3 II=0 A20=1 SMM=0 HLT=0
ES =0000 0000000000000000 00000000 00201300
CS =001b 0000000000000000 ffffffff 00affa00 DPL=3 CS64 [-R-]
SS =0023 0000000000000000 ffffffff 008ff200 DPL=3 DS   [-W-]
DS =0000 0000000000000000 00000000 00201300
FS =0000 0000000000000000 00000000 00201300
GS =0000 0000000000000000 00000000 00201300
LDT=0000 0000000000000000 0000ffff 00008200 DPL=0 LDT
TR =0028 ffffffff80215100 00000068 00008900 DPL=0 TSS64-avl
GDT=     ffffffff802043d0 00000037
IDT=     ffffffff802151e0 00000fff
CR0=80000011 CR2=0000000000000000 CR3=0000000000206000 CR4=00000020
DR0=0000000000000000 DR1=0000000000000000 DR2=0000000000000000 DR3=0000000000000000 
DR6=00000000ffff0ff0 DR7=0000000000000400
CCS=0000000000000000 CCD=fffffffffffffff8 CCO=EFLAGS
EFER=0000000000000500
   154: v=20 e=0000 i=0 cpl=3 IP=001b:000000000040007c pc=000000000040007c SP=0023:00007fffffffffe8 env->regs[R_EAX]=ffffffff8021822d
RAX=ffffffff8021822d RBX=0000000000000000 RCX=0000000000000780 RDX=0000000000000008
RSI=00007ffffffffff0 RDI=ffffffff8021822d RBP=00007fffffffffe8 RSP=00007fffffffffe8
R8 =0000000000000000 R9 =0000000000000000 R10=0000000000000000 R11=0000000000000000
R12=0000000000000000 R13=0000000000000000 R14=0000000000000000 R15=0000000000000000
RIP=000000000040007c RFL=00000202 [-------] CPL=3 II=0 A20=1 SMM=0 HLT=0
ES =0000 0000000000000000 00000000 00201300
CS =001b 0000000000000000 ffffffff 00affa00 DPL=3 CS64 [-R-]
SS =0023 0000000000000000 ffffffff 008ff200 DPL=3 DS   [-W-]
DS =0000 0000000000000000 00000000 00201300
FS =0000 0000000000000000 00000000 00201300
GS =0000 0000000000000000 00000000 00201300
LDT=0000 0000000000000000 0000ffff 00008200 DPL=0 LDT
TR =0028 ffffffff80215100 00000068 00008900 DPL=0 TSS64-avl
GDT=     ffffffff802043d0 00000037
IDT=     ffffffff802151e0 00000fff
CR0=80000011 CR2=0000000000000000 CR3=0000000000206000 CR4=00000020
DR0=0000000000000000 DR1=0000000000000000 DR2=0000000000000000 DR3=0000000000000000 
DR6=00000000ffff0ff0 DR7=0000000000000400
CCS=0000000000000000 CCD=fffffffffffffff9 CCO=EFLAGS
EFER=0000000000000500
   155: v=20 e=0000 i=0 cpl=3 IP=001b:000000000040007c pc=000000000040007c SP=0023:00007fffffffffe8 env->regs[R_EAX]=ffffffff8021822d
RAX=ffffffff8021822d RBX=0000000000000000 RCX=0000000000000780 RDX=0000000000000008
RSI=00007ffffffffff0 RDI=ffffffff8021822d RBP=00007fffffffffe8 RSP=00007fffffffffe8
R8 =0000000000000000 R9 =0000000000000000 R10=0000000000000000 R11=0000000000000000
R12=0000000000000000 R13=0000000000000000 R14=0000000000000000 R15=0000000000000000
RIP=000000000040007c RFL=00000202 [-------] CPL=3 II=0 A20=1 SMM=0 HLT=0
ES =0000 0000000000000000 00000000 00201300
CS =001b 0000000000000000 ffffffff 00affa00 DPL=3 CS64 [-R-]
SS =0023 0000000000000000 ffffffff 008ff200 DPL=3 DS   [-W-]
DS =0000 0000000000000000 00000000 00201300
FS =0000 0000000000000000 00000000 00201300
GS =0000 0000000000000000 00000000 00201300
LDT=0000 0000000000000000 0000ffff 00008200 DPL=0 LDT
TR =0028 ffffffff80215100 00000068 00008900 DPL=0 TSS64-avl
GDT=     ffffffff802043d0 00000037
IDT=     ffffffff802151e0 00000fff
CR0=80000011 CR2=0000000000000000 CR3=0000000000206000 CR4=00000020
DR0=0000000000000000 DR1=0000000000000000 DR2=0000000000000000 DR3=0000000000000000 
DR6=00000000ffff0ff0 DR7=0000000000000400
CCS=0000000000000000 CCD=fffffffffffffffa CCO=EFLAGS
EFER=0000000000000500
   156: v=20 e=0000 i=0 cpl=3 IP=001b:000000000040007c pc=000000000040007c SP=0023:00007fffffffffe8 env->regs[R_EAX]=ffffffff8021822d
RAX=ffffffff8021822d RBX=0000000000000000 RCX=0000000000000780 RDX=0000000000000008
RSI=00007ffffffffff0 RDI=ffffffff8021822d RBP=00007fffffffffe8 RSP=00007fffffffffe8
R8 =0000000000000000 R9 =0000000000000000 R10=0000000000000000 R11=0000000000000000
R12=0000000000000000 R13=0000000000000000 R14=0000000000000000 R15=0000000000000000
RIP=000000000040007c RFL=00000202 [-------] CPL=3 II=0 A20=1 SMM=0 HLT=0
ES =0000 0000000000000000 00000000 00201300
CS =001b 0000000000000000 ffffffff 00affa00 DPL=3 CS64 [-R-]
SS =0023 0000000000000000 ffffffff 008ff200 DPL=3 DS   [-W-]
DS =0000 0000000000000000 00000000 00201300
FS =0000 0000000000000000 00000000 00201300
GS =0000 0000000000000000 00000000 00201300
LDT=0000 0000000000000000 0000ffff 00008200 DPL=0 LDT
TR =0028 ffffffff80215100 00000068 00008900 DPL=0 TSS64-avl
GDT=     ffffffff802043d0 00000037
IDT=     ffffffff802151e0 00000fff
CR0=80000011 CR2=0000000000000000 CR3=0000000000206000 CR4=00000020
DR0=0000000000000000 DR1=0000000000000000 DR2=0000000000000000 DR3=0000000000000000 
DR6=00000000ffff0ff0 DR7=0000000000000400
CCS=0000000000000000 CCD=fffffffffffffffb CCO=EFLAGS
EFER=0000000000000500
   157: v=20 e=0000 i=0 cpl=3 IP=001b:000000000040007c pc=000000000040007c SP=0023:00007fffffffffe8 env->regs[R_EAX]=ffffffff8021822d
RAX=ffffffff8021822d RBX=0000000000000000 RCX=0000000000000780 RDX=0000000000000008
RSI=00007ffffffffff0 RDI=ffffffff8021822d RBP=00007fffffffffe8 RSP=00007fffffffffe8
R8 =0000000000000000 R9 =0000000000000000 R10=0000000000000000 R11=0000000000000000
R12=0000000000000000 R13=0000000000000000 R14=0000000000000000 R15=0000000000000000
RIP=000000000040007c RFL=00000202 [-------] CPL=3 II=0 A20=1 SMM=0 HLT=0
ES =0000 0000000000000000 00000000 00201300
CS =001b 0000000000000000 ffffffff 00affa00 DPL=3 CS64 [-R-]
SS =0023 0000000000000000 ffffffff 008ff200 DPL=3 DS   [-W-]
DS =0000 0000000000000000 00000000 00201300
FS =0000 0000000000000000 00000000 00201300
GS =0000 0000000000000000 00000000 00201300
LDT=0000 0000000000000000 0000ffff 00008200 DPL=0 LDT
TR =0028 ffffffff80215100 00000068 00008900 DPL=0 TSS64-avl
GDT=     ffffffff802043d0 00000037
IDT=     ffffffff802151e0 00000fff
CR0=80000011 CR2=0000000000000000 CR3=0000000000206000 CR4=00000020
DR0=0000000000000000 DR1=0000000000000000 DR2=0000000000000000 DR3=0000000000000000 
DR6=00000000ffff0ff0 DR7=0000000000000400
CCS=0000000000000000 CCD=fffffffffffffffc CCO=EFLAGS
EFER=0000000000000500
   158: v=20 e=0000 i=0 cpl=3 IP=001b:000000000040007c pc=000000000040007c SP=0023:00007fffffffffe8 env->regs[R_EAX]=ffffffff8021822d
RAX=ffffffff8021822d RBX=0000000000000000 RCX=0000000000000780 RDX=0000000000000008
RSI=00007ffffffffff0 RDI=ffffffff8021822d RBP=00007fffffffffe8 RSP=00007fffffffffe8
R8 =0000000000000000 R9 =0000000000000000 R10=0000000000000000 R11=0000000000000000
R12=0000000000000000 R13=0000000000000000 R14=0000000000000000 R15=0000000000000000
RIP=000000000040007c RFL=00000202 [-------] CPL=3 II=0 A20=1 SMM=0 HLT=0
ES =0000 0000000000000000 00000000 00201300
CS =001b 0000000000000000 ffffffff 00affa00 DPL=3 CS64 [-R-]
SS =0023 0000000000000000 ffffffff 008ff200 DPL=3 DS   [-W-]
DS =0000 0000000000000000 00000000 00201300
FS =0000 0000000000000000 00000000 00201300
GS =0000 0000000000000000 00000000 00201300
LDT=0000 0000000000000000 0000ffff 00008200 DPL=0 LDT
TR =0028 ffffffff80215100 00000068 00008900 DPL=0 TSS64-avl
GDT=     ffffffff802043d0 00000037
IDT=     ffffffff802151e0 00000fff
CR0=80000011 CR2=0000000000000000 CR3=0000000000206000 CR4=00000020
DR0=0000000000000000 DR1=0000000000000000 DR2=0000000000000000 DR3=0000000000000000 
DR6=00000000ffff0ff0 DR7=0000000000000400
CCS=0000000000000000 CCD=fffffffffffffffd CCO=EFLAGS
EFER=0000000000000500
   159: v=20 e=0000 i=0 cpl=3 IP=001b:000000000040007c pc=000000000040007c SP=0023:00007fffffffffe8 env->regs[R_EAX]=ffffffff8021822d
RAX=ffffffff8021822d RBX=0000000000000000 RCX=0000000000000780 RDX=0000000000000008
RSI=00007ffffffffff0 RDI=ffffffff8021822d RBP=00007fffffffffe8 RSP=00007fffffffffe8
R8 =0000000000000000 R9 =0000000000000000 R10=0000000000000000 R11=0000000000000000
R12=0000000000000000 R13=0000000000000000 R14=0000000000000000 R15=0000000000000000
RIP=000000000040007c RFL=00000202 [-------] CPL=3 II=0 A20=1 SMM=0 HLT=0
ES =0000 0000000000000000 00000000 00201300
CS =001b 0000000000000000 ffffffff 00affa00 DPL=3 CS64 [-R-]
SS =0023 0000000000000000 ffffffff 008ff200 DPL=3 DS   [-W-]
DS =0000 0000000000000000 00000000 00201300
FS =0000 0000000000000000 00000000 00201300
GS =0000 0000000000000000 00000000 00201300
LDT=0000 0000000000000000 0000ffff 00008200 DPL=0 LDT
TR =0028 ffffffff80215100 00000068 00008900 DPL=0 TSS64-avl
GDT=     ffffffff802043d0 00000037
IDT=     ffffffff802151e0 00000fff
CR0=80000011 CR2=0000000000000000 CR3=0000000000206000 CR4=00000020
DR0=0000000000000000 DR1=0000000000000000 DR2=0000000000000000 DR3=0000000000000000 
DR6=00000000ffff0ff0 DR7=0000000000000400
CCS=0000000000000000 CCD=fffffffffffffffe CCO=EFLAGS
EFER=0000000000000500
   160: v=20 e=0000 i=0 cpl=3 IP=001b:000000000040007c pc=000000000040007c SP=0023:00007fffffffffe8 env->regs[R_EAX]=ffffffff8021822d
RAX=ffffffff8021822d RBX=0000000000000000 RCX=0000000000000780 RDX=0000000000000008
RSI=00007ffffffffff0 RDI=ffffffff8021822d RBP=00007fffffffffe8 RSP=00007fffffffffe8
R8 =0000000000000000 R9 =0000000000000000 R10=0000000000000000 R11=0000000000000000
R12=0000000000000000 R13=0000000000000000 R14=0000000000000000 R15=0000000000000000
RIP=000000000040007c RFL=00000202 [-------] CPL=3 II=0 A20=1 SMM=0 HLT=0
ES =0000 0000000000000000 00000000 00201300
CS =001b 0000000000000000 ffffffff 00affa00 DPL=3 CS64 [-R-]
SS =0023 0000000000000000 ffffffff 008ff200 DPL=3 DS   [-W-]
DS =0000 0000000000000000 00000000 00201300
FS =0000 0000000000000000 00000000 00201300
GS =0000 0000000000000000 00000000 00201300
LDT=0000 0000000000000000 0000ffff 00008200 DPL=0 LDT
TR =0028 ffffffff80215100 00000068 00008900 DPL=0 TSS64-avl
GDT=     ffffffff802043d0 00000037
IDT=     ffffffff802151e0 00000fff
CR0=80000011 CR2=0000000000000000 CR3=0000000000206000 CR4=00000020
DR0=0000000000000000 DR1=0000000000000000 DR2=0000000000000000 DR3=0000000000000000 
DR6=00000000ffff0ff0 DR7=0000000000000400
CCS=0000000000000000 CCD=ffffffffffffffff CCO=EFLAGS
EFER=0000000000000500
   161: v=20 e=0000 i=0 cpl=3 IP=001b:000000000040007c pc=000000000040007c SP=0023:00007fffffffffe8 env->regs[R_EAX]=ffffffff8021822d
RAX=ffffffff8021822d RBX=0000000000000000 RCX=0000000000000780 RDX=0000000000000008
RSI=00007ffffffffff0 RDI=ffffffff8021822d RBP=00007fffffffffe8 RSP=00007fffffffffe8
R8 =0000000000000000 R9 =0000000000000000 R10=0000000000000000 R11=0000000000000000
R12=0000000000000000 R13=0000000000000000 R14=0000000000000000 R15=0000000000000000
RIP=000000000040007c RFL=00000202 [-------] CPL=3 II=0 A20=1 SMM=0 HLT=0
ES =0000 0000000000000000 00000000 00201300
CS =001b 0000000000000000 ffffffff 00affa00 DPL=3 CS64 [-R-]
SS =0023 0000000000000000 ffffffff 008ff200 DPL=3 DS   [-W-]
DS =0000 0000000000000000 00000000 00201300
FS =0000 0000000000000000 00000000 00201300
GS =0000 0000000000000000 00000000 00201300
LDT=0000 0000000000000000 0000ffff 00008200 DPL=0 LDT
TR =0028 ffffffff80215100 00000068 00008900 DPL=0 TSS64-avl
GDT=     ffffffff802043d0 00000037
IDT=     ffffffff802151e0 00000fff
CR0=80000011 CR2=0000000000000000 CR3=0000000000206000 CR4=00000020
DR0=0000000000000000 DR1=0000000000000000 DR2=0000000000000000 DR3=0000000000000000 
DR6=00000000ffff0ff0 DR7=0000000000000400
CCS=0000000000000000 CCD=0000000000000000 CCO=EFLAGS
EFER=0000000000000500
   162: v=20 e=0000 i=0 cpl=0 IP=0008:ffffffff802000a9 pc=ffffffff802000a9 SP=0010:ffffffff80219370 env->regs[R_EAX]=0000000000000000
RAX=0000000000000000 RBX=000002d000000000 RCX=0000000000000780 RDX=000000000000001a
RSI=0000030000000000 RDI=0000000000000018 RBP=ffffffff80219370 RSP=ffffffff80219370
R8 =0000032000000000 R9 =0000033000000000 R10=0000034000000000 R11=0000035000000000
R12=0000036000000000 R13=0000037000000000 R14=0000038000000000 R15=0000039000000000
RIP=ffffffff802000a9 RFL=00000246 [---Z-P-] CPL=0 II=0 A20=1 SMM=0 HLT=0
ES =0000 0000000000000000 00000000 00201300
CS =0008 0000000000000000 00000000 00209800 DPL=0 CS64 [---]
SS =0010 0000000000000000 00000000 00209300 DPL=0 DS   [-WA]
DS =0000 0000000000000000 00000000 00201300
FS =0000 0000000000000000 00000000 00201300
GS =0000 0000000000000000 00000000 00201300
LDT=0000 0000000000000000 0000ffff 00008200 DPL=0 LDT
TR =0028 ffffffff80215100 00000068 00008900 DPL=0 TSS64-avl
GDT=     ffffffff802043d0 00000037
IDT=     ffffffff802151e0 00000fff
CR0=80000011 CR2=0000000000000000 CR3=0000000000206000 CR4=00000020
DR0=0000000000000000 DR1=0000000000000000 DR2=0000000000000000 DR3=0000000000000000 
DR6=00000000ffff0ff0 DR7=0000000000000400
CCS=0000000000000044 CCD=0000000000000009 CCO=EFLAGS
EFER=0000000000000500
   163: v=20 e=0000 i=0 cpl=0 IP=0008:ffffffff802000a9 pc=ffffffff802000a9 SP=0010:ffffffff80219370 env->regs[R_EAX]=0000000000000000
RAX=0000000000000000 RBX=000002d000000000 RCX=0000000000000780 RDX=000000000000001a
RSI=0000030000000000 RDI=0000000000000018 RBP=ffffffff80219370 RSP=ffffffff80219370
R8 =0000032000000000 R9 =0000033000000000 R10=0000034000000000 R11=0000035000000000
R12=0000036000000000 R13=0000037000000000 R14=0000038000000000 R15=0000039000000000
RIP=ffffffff802000a9 RFL=00000246 [---Z-P-] CPL=0 II=0 A20=1 SMM=0 HLT=0
ES =0000 0000000000000000 00000000 00201300
CS =0008 0000000000000000 00000000 00209800 DPL=0 CS64 [---]
SS =0010 0000000000000000 00000000 00209300 DPL=0 DS   [-WA]
DS =0000 0000000000000000 00000000 00201300
FS =0000 0000000000000000 00000000 00201300
GS =0000 0000000000000000 00000000 00201300
LDT=0000 0000000000000000 0000ffff 00008200 DPL=0 LDT
TR =0028 ffffffff80215100 00000068 00008900 DPL=0 TSS64-avl
GDT=     ffffffff802043d0 00000037
IDT=     ffffffff802151e0 00000fff
CR0=80000011 CR2=0000000000000000 CR3=0000000000206000 CR4=00000020
DR0=0000000000000000 DR1=0000000000000000 DR2=0000000000000000 DR3=0000000000000000 
DR6=00000000ffff0ff0 DR7=0000000000000400
CCS=0000000000000044 CCD=fffffffffffffff0 CCO=EFLAGS
EFER=0000000000000500
   164: v=20 e=0000 i=0 cpl=0 IP=0008:ffffffff802000a9 pc=ffffffff802000a9 SP=0010:ffffffff80219370 env->regs[R_EAX]=0000000000000000
RAX=0000000000000000 RBX=000002d000000000 RCX=0000000000000780 RDX=000000000000001a
RSI=0000030000000000 RDI=0000000000000018 RBP=ffffffff80219370 RSP=ffffffff80219370
R8 =0000032000000000 R9 =0000033000000000 R10=0000034000000000 R11=0000035000000000
R12=0000036000000000 R13=0000037000000000 R14=0000038000000000 R15=0000039000000000
RIP=ffffffff802000a9 RFL=00000246 [---Z-P-] CPL=0 II=0 A20=1 SMM=0 HLT=0
ES =0000 0000000000000000 00000000 00201300
CS =0008 0000000000000000 00000000 00209800 DPL=0 CS64 [---]
SS =0010 0000000000000000 00000000 00209300 DPL=0 DS   [-WA]
DS =0000 0000000000000000 00000000 00201300
FS =0000 0000000000000000 00000000 00201300
GS =0000 0000000000000000 00000000 00201300
LDT=0000 0000000000000000 0000ffff 00008200 DPL=0 LDT
TR =0028 ffffffff80215100 00000068 00008900 DPL=0 TSS64-avl
GDT=     ffffffff802043d0 00000037
IDT=     ffffffff802151e0 00000fff
CR0=80000011 CR2=0000000000000000 CR3=0000000000206000 CR4=00000020
DR0=0000000000000000 DR1=0000000000000000 DR2=0000000000000000 DR3=0000000000000000 
DR6=00000000ffff0ff0 DR7=0000000000000400
CCS=0000000000000044 CCD=fffffffffffffff1 CCO=EFLAGS
EFER=0000000000000500
   165: v=20 e=0000 i=0 cpl=0 IP=0008:ffffffff802000a9 pc=ffffffff802000a9 SP=0010:ffffffff80219370 env->regs[R_EAX]=0000000000000000
RAX=0000000000000000 RBX=000002d000000000 RCX=0000000000000780 RDX=000000000000001a
RSI=0000030000000000 RDI=0000000000000018 RBP=ffffffff80219370 RSP=ffffffff80219370
R8 =0000032000000000 R9 =0000033000000000 R10=0000034000000000 R11=0000035000000000
R12=0000036000000000 R13=0000037000000000 R14=0000038000000000 R15=0000039000000000
RIP=ffffffff802000a9 RFL=00000246 [---Z-P-] CPL=0 II=0 A20=1 SMM=0 HLT=0
ES =0000 0000000000000000 00000000 00201300
CS =0008 0000000000000000 00000000 00209800 DPL=0 CS64 [---]
SS =0010 0000000000000000 00000000 00209300 DPL=0 DS   [-WA]
DS =0000 0000000000000000 00000000 00201300
FS =0000 0000000000000000 00000000 00201300
GS =0000 0000000000000000 00000000 00201300
LDT=0000 0000000000000000 0000ffff 00008200 DPL=0 LDT
TR =0028 ffffffff80215100 00000068 00008900 DPL=0 TSS64-avl
GDT=     ffffffff802043d0 00000037
IDT=     ffffffff802151e0 00000fff
CR0=80000011 CR2=0000000000000000 CR3=0000000000206000 CR4=00000020
DR0=0000000000000000 DR1=0000000000000000 DR2=0000000000000000 DR3=0000000000000000 
DR6=00000000ffff0ff0 DR7=0000000000000400
CCS=0000000000000044 CCD=fffffffffffffff2 CCO=EFLAGS
EFER=0000000000000500
   166: v=20 e=0000 i=0 cpl=0 IP=0008:ffffffff802000a9 pc=ffffffff802000a9 SP=0010:ffffffff80219370 env->regs[R_EAX]=0000000000000000
RAX=0000000000000000 RBX=000002d000000000 RCX=0000000000000780 RDX=000000000000001a
RSI=0000030000000000 RDI=0000000000000018 RBP=ffffffff80219370 RSP=ffffffff80219370
R8 =0000032000000000 R9 =0000033000000000 R10=0000034000000000 R11=0000035000000000
R12=0000036000000000 R13=0000037000000000 R14=0000038000000000 R15=0000039000000000
RIP=ffffffff802000a9 RFL=00000246 [---Z-P-] CPL=0 II=0 A20=1 SMM=0 HLT=0
ES =0000 0000000000000000 00000000 00201300
CS =0008 0000000000000000 00000000 00209800 DPL=0 CS64 [---]
SS =0010 0000000000000000 00000000 00209300 DPL=0 DS   [-WA]
DS =0000 0000000000000000 00000000 00201300
FS =0000 0000000000000000 00000000 00201300
GS =0000 0000000000000000 00000000 00201300
LDT=0000 0000000000000000 0000ffff 00008200 DPL=0 LDT
TR =0028 ffffffff80215100 00000068 00008900 DPL=0 TSS64-avl
GDT=     ffffffff802043d0 00000037
IDT=     ffffffff802151e0 00000fff
CR0=80000011 CR2=0000000000000000 CR3=0000000000206000 CR4=00000020
DR0=0000000000000000 DR1=0000000000000000 DR2=0000000000000000 DR3=0000000000000000 
DR6=00000000ffff0ff0 DR7=0000000000000400
CCS=0000000000000044 CCD=fffffffffffffff3 CCO=EFLAGS
EFER=0000000000000500
   167: v=20 e=0000 i=0 cpl=0 IP=0008:ffffffff802000a9 pc=ffffffff802000a9 SP=0010:ffffffff80219370 env->regs[R_EAX]=0000000000000000
RAX=0000000000000000 RBX=000002d000000000 RCX=0000000000000780 RDX=000000000000001a
RSI=0000030000000000 RDI=0000000000000018 RBP=ffffffff80219370 RSP=ffffffff80219370
R8 =0000032000000000 R9 =0000033000000000 R10=0000034000000000 R11=0000035000000000
R12=0000036000000000 R13=0000037000000000 R14=0000038000000000 R15=0000039000000000
RIP=ffffffff802000a9 RFL=00000246 [---Z-P-] CPL=0 II=0 A20=1 SMM=0 HLT=0
ES =0000 0000000000000000 00000000 00201300
CS =0008 0000000000000000 00000000 00209800 DPL=0 CS64 [---]
SS =0010 0000000000000000 00000000 00209300 DPL=0 DS   [-WA]
DS =0000 0000000000000000 00000000 00201300
FS =0000 0000000000000000 00000000 00201300
GS =0000 0000000000000000 00000000 00201300
LDT=0000 0000000000000000 0000ffff 00008200 DPL=0 LDT
TR =0028 ffffffff80215100 00000068 00008900 DPL=0 TSS64-avl
GDT=     ffffffff802043d0 00000037
IDT=     ffffffff802151e0 00000fff
CR0=80000011 CR2=0000000000000000 CR3=0000000000206000 CR4=00000020
DR0=0000000000000000 DR1=0000000000000000 DR2=0000000000000000 DR3=0000000000000000 
DR6=00000000ffff0ff0 DR7=0000000000000400
CCS=0000000000000044 CCD=fffffffffffffff4 CCO=EFLAGS
EFER=0000000000000500
   168: v=20 e=0000 i=0 cpl=0 IP=0008:ffffffff802000a9 pc=ffffffff802000a9 SP=0010:ffffffff80219370 env->regs[R_EAX]=0000000000000000
RAX=0000000000000000 RBX=000002d000000000 RCX=0000000000000780 RDX=000000000000001a
RSI=0000030000000000 RDI=0000000000000018 RBP=ffffffff80219370 RSP=ffffffff80219370
R8 =0000032000000000 R9 =0000033000000000 R10=0000034000000000 R11=0000035000000000
R12=0000036000000000 R13=0000037000000000 R14=0000038000000000 R15=0000039000000000
RIP=ffffffff802000a9 RFL=00000246 [---Z-P-] CPL=0 II=0 A20=1 SMM=0 HLT=0
ES =0000 0000000000000000 00000000 00201300
CS =0008 0000000000000000 00000000 00209800 DPL=0 CS64 [---]
SS =0010 0000000000000000 00000000 00209300 DPL=0 DS   [-WA]
DS =0000 0000000000000000 00000000 00201300
FS =0000 0000000000000000 00000000 00201300
GS =0000 0000000000000000 00000000 00201300
LDT=0000 0000000000000000 0000ffff 00008200 DPL=0 LDT
TR =0028 ffffffff80215100 00000068 00008900 DPL=0 TSS64-avl
GDT=     ffffffff802043d0 00000037
IDT=     ffffffff802151e0 00000fff
CR0=80000011 CR2=0000000000000000 CR3=0000000000206000 CR4=00000020
DR0=0000000000000000 DR1=0000000000000000 DR2=0000000000000000 DR3=0000000000000000 
DR6=00000000ffff0ff0 DR7=0000000000000400
CCS=0000000000000044 CCD=fffffffffffffff5 CCO=EFLAGS
EFER=0000000000000500
   169: v=20 e=0000 i=0 cpl=0 IP=0008:ffffffff802000a9 pc=ffffffff802000a9 SP=0010:ffffffff80219370 env->regs[R_EAX]=0000000000000000
RAX=0000000000000000 RBX=000002d000000000 RCX=0000000000000780 RDX=000000000000001a
RSI=0000030000000000 RDI=0000000000000018 RBP=ffffffff80219370 RSP=ffffffff80219370
R8 =0000032000000000 R9 =0000033000000000 R10=0000034000000000 R11=0000035000000000
R12=0000036000000000 R13=0000037000000000 R14=0000038000000000 R15=0000039000000000
RIP=ffffffff802000a9 RFL=00000246 [---Z-P-] CPL=0 II=0 A20=1 SMM=0 HLT=0
ES =0000 0000000000000000 00000000 00201300
CS =0008 0000000000000000 00000000 00209800 DPL=0 CS64 [---]
SS =0010 0000000000000000 00000000 00209300 DPL=0 DS   [-WA]
DS =0000 0000000000000000 00000000 00201300
FS =0000 0000000000000000 00000000 00201300
GS =0000 0000000000000000 00000000 00201300
LDT=0000 0000000000000000 0000ffff 00008200 DPL=0 LDT
TR =0028 ffffffff80215100 00000068 00008900 DPL=0 TSS64-avl
GDT=     ffffffff802043d0 00000037
IDT=     ffffffff802151e0 00000fff
CR0=80000011 CR2=0000000000000000 CR3=0000000000206000 CR4=00000020
DR0=0000000000000000 DR1=0000000000000000 DR2=0000000000000000 DR3=0000000000000000 
DR6=00000000ffff0ff0 DR7=0000000000000400
CCS=0000000000000044 CCD=fffffffffffffff6 CCO=EFLAGS
EFER=0000000000000500
   170: v=20 e=0000 i=0 cpl=0 IP=0008:ffffffff802000a9 pc=ffffffff802000a9 SP=0010:ffffffff80219370 env->regs[R_EAX]=0000000000000000
RAX=0000000000000000 RBX=000002d000000000 RCX=0000000000000780 RDX=000000000000001a
RSI=0000030000000000 RDI=0000000000000018 RBP=ffffffff80219370 RSP=ffffffff80219370
R8 =0000032000000000 R9 =0000033000000000 R10=0000034000000000 R11=0000035000000000
R12=0000036000000000 R13=0000037000000000 R14=0000038000000000 R15=0000039000000000
RIP=ffffffff802000a9 RFL=00000246 [---Z-P-] CPL=0 II=0 A20=1 SMM=0 HLT=0
ES =0000 0000000000000000 00000000 00201300
CS =0008 0000000000000000 00000000 00209800 DPL=0 CS64 [---]
SS =0010 0000000000000000 00000000 00209300 DPL=0 DS   [-WA]
DS =0000 0000000000000000 00000000 00201300
FS =0000 0000000000000000 00000000 00201300
GS =0000 0000000000000000 00000000 00201300
LDT=0000 0000000000000000 0000ffff 00008200 DPL=0 LDT
TR =0028 ffffffff80215100 00000068 00008900 DPL=0 TSS64-avl
GDT=     ffffffff802043d0 00000037
IDT=     ffffffff802151e0 00000fff
CR0=80000011 CR2=0000000000000000 CR3=0000000000206000 CR4=00000020
DR0=0000000000000000 DR1=0000000000000000 DR2=0000000000000000 DR3=0000000000000000 
DR6=00000000ffff0ff0 DR7=0000000000000400
CCS=0000000000000044 CCD=fffffffffffffff7 CCO=EFLAGS
EFER=0000000000000500
   171: v=20 e=0000 i=0 cpl=0 IP=0008:ffffffff802000a9 pc=ffffffff802000a9 SP=0010:ffffffff80219370 env->regs[R_EAX]=0000000000000000
RAX=0000000000000000 RBX=000002d000000000 RCX=0000000000000780 RDX=000000000000001a
RSI=0000030000000000 RDI=0000000000000018 RBP=ffffffff80219370 RSP=ffffffff80219370
R8 =0000032000000000 R9 =0000033000000000 R10=0000034000000000 R11=0000035000000000
R12=0000036000000000 R13=0000037000000000 R14=0000038000000000 R15=0000039000000000
RIP=ffffffff802000a9 RFL=00000246 [---Z-P-] CPL=0 II=0 A20=1 SMM=0 HLT=0
ES =0000 0000000000000000 00000000 00201300
CS =0008 0000000000000000 00000000 00209800 DPL=0 CS64 [---]
SS =0010 0000000000000000 00000000 00209300 DPL=0 DS   [-WA]
DS =0000 0000000000000000 00000000 00201300
FS =0000 0000000000000000 00000000 00201300
GS =0000 0000000000000000 00000000 00201300
LDT=0000 0000000000000000 0000ffff 00008200 DPL=0 LDT
TR =0028 ffffffff80215100 00000068 00008900 DPL=0 TSS64-avl
GDT=     ffffffff802043d0 00000037
IDT=     ffffffff802151e0 00000fff
CR0=80000011 CR2=0000000000000000 CR3=0000000000206000 CR4=00000020
DR0=0000000000000000 DR1=0000000000000000 DR2=0000000000000000 DR3=0000000000000000 
DR6=00000000ffff0ff0 DR7=0000000000000400
CCS=0000000000000044 CCD=fffffffffffffff8 CCO=EFLAGS
EFER=0000000000000500
   172: v=20 e=0000 i=0 cpl=0 IP=0008:ffffffff802000a9 pc=ffffffff802000a9 SP=0010:ffffffff80219370 env->regs[R_EAX]=0000000000000000
RAX=0000000000000000 RBX=000002d000000000 RCX=0000000000000780 RDX=000000000000001a
RSI=0000030000000000 RDI=0000000000000018 RBP=ffffffff80219370 RSP=ffffffff80219370
R8 =0000032000000000 R9 =0000033000000000 R10=0000034000000000 R11=0000035000000000
R12=0000036000000000 R13=0000037000000000 R14=0000038000000000 R15=0000039000000000
RIP=ffffffff802000a9 RFL=00000246 [---Z-P-] CPL=0 II=0 A20=1 SMM=0 HLT=0
ES =0000 0000000000000000 00000000 00201300
CS =0008 0000000000000000 00000000 00209800 DPL=0 CS64 [---]
SS =0010 0000000000000000 00000000 00209300 DPL=0 DS   [-WA]
DS =0000 0000000000000000 00000000 00201300
FS =0000 0000000000000000 00000000 00201300
GS =0000 0000000000000000 00000000 00201300
LDT=0000 0000000000000000 0000ffff 00008200 DPL=0 LDT
TR =0028 ffffffff80215100 00000068 00008900 DPL=0 TSS64-avl
GDT=     ffffffff802043d0 00000037
IDT=     ffffffff802151e0 00000fff
CR0=80000011 CR2=0000000000000000 CR3=0000000000206000 CR4=00000020
DR0=0000000000000000 DR1=0000000000000000 DR2=0000000000000000 DR3=0000000000000000 
DR6=00000000ffff0ff0 DR7=0000000000000400
CCS=0000000000000044 CCD=fffffffffffffff9 CCO=EFLAGS
EFER=0000000000000500
   173: v=20 e=0000 i=0 cpl=0 IP=0008:ffffffff802000a9 pc=ffffffff802000a9 SP=0010:ffffffff80219370 env->regs[R_EAX]=0000000000000000
RAX=0000000000000000 RBX=000002d000000000 RCX=0000000000000780 RDX=000000000000001a
RSI=0000030000000000 RDI=0000000000000018 RBP=ffffffff80219370 RSP=ffffffff80219370
R8 =0000032000000000 R9 =0000033000000000 R10=0000034000000000 R11=0000035000000000
R12=0000036000000000 R13=0000037000000000 R14=0000038000000000 R15=0000039000000000
RIP=ffffffff802000a9 RFL=00000246 [---Z-P-] CPL=0 II=0 A20=1 SMM=0 HLT=0
ES =0000 0000000000000000 00000000 00201300
CS =0008 0000000000000000 00000000 00209800 DPL=0 CS64 [---]
SS =0010 0000000000000000 00000000 00209300 DPL=0 DS   [-WA]
DS =0000 0000000000000000 00000000 00201300
FS =0000 0000000000000000 00000000 00201300
GS =0000 0000000000000000 00000000 00201300
LDT=0000 0000000000000000 0000ffff 00008200 DPL=0 LDT
TR =0028 ffffffff80215100 00000068 00008900 DPL=0 TSS64-avl
GDT=     ffffffff802043d0 00000037
IDT=     ffffffff802151e0 00000fff
CR0=80000011 CR2=0000000000000000 CR3=0000000000206000 CR4=00000020
DR0=0000000000000000 DR1=0000000000000000 DR2=0000000000000000 DR3=0000000000000000 
DR6=00000000ffff0ff0 DR7=0000000000000400
CCS=0000000000000044 CCD=fffffffffffffffa CCO=EFLAGS
EFER=0000000000000500
   174: v=20 e=0000 i=0 cpl=0 IP=0008:ffffffff802000a9 pc=ffffffff802000a9 SP=0010:ffffffff80219370 env->regs[R_EAX]=0000000000000000
RAX=0000000000000000 RBX=000002d000000000 RCX=0000000000000780 RDX=000000000000001a
RSI=0000030000000000 RDI=0000000000000018 RBP=ffffffff80219370 RSP=ffffffff80219370
R8 =0000032000000000 R9 =0000033000000000 R10=0000034000000000 R11=0000035000000000
R12=0000036000000000 R13=0000037000000000 R14=0000038000000000 R15=0000039000000000
RIP=ffffffff802000a9 RFL=00000246 [---Z-P-] CPL=0 II=0 A20=1 SMM=0 HLT=0
ES =0000 0000000000000000 00000000 00201300
CS =0008 0000000000000000 00000000 00209800 DPL=0 CS64 [---]
SS =0010 0000000000000000 00000000 00209300 DPL=0 DS   [-WA]
DS =0000 0000000000000000 00000000 00201300
FS =0000 0000000000000000 00000000 00201300
GS =0000 0000000000000000 00000000 00201300
LDT=0000 0000000000000000 0000ffff 00008200 DPL=0 LDT
TR =0028 ffffffff80215100 00000068 00008900 DPL=0 TSS64-avl
GDT=     ffffffff802043d0 00000037
IDT=     ffffffff802151e0 00000fff
CR0=80000011 CR2=0000000000000000 CR3=0000000000206000 CR4=00000020
DR0=0000000000000000 DR1=0000000000000000 DR2=0000000000000000 DR3=0000000000000000 
DR6=00000000ffff0ff0 DR7=0000000000000400
CCS=0000000000000044 CCD=fffffffffffffffb CCO=EFLAGS
EFER=0000000000000500
   175: v=20 e=0000 i=0 cpl=0 IP=0008:ffffffff802000a9 pc=ffffffff802000a9 SP=0010:ffffffff80219370 env->regs[R_EAX]=0000000000000000
RAX=0000000000000000 RBX=000002d000000000 RCX=0000000000000780 RDX=000000000000001a
RSI=0000030000000000 RDI=0000000000000018 RBP=ffffffff80219370 RSP=ffffffff80219370
R8 =0000032000000000 R9 =0000033000000000 R10=0000034000000000 R11=0000035000000000
R12=0000036000000000 R13=0000037000000000 R14=0000038000000000 R15=0000039000000000
RIP=ffffffff802000a9 RFL=00000246 [---Z-P-] CPL=0 II=0 A20=1 SMM=0 HLT=0
ES =0000 0000000000000000 00000000 00201300
CS =0008 0000000000000000 00000000 00209800 DPL=0 CS64 [---]
SS =0010 0000000000000000 00000000 00209300 DPL=0 DS   [-WA]
DS =0000 0000000000000000 00000000 00201300
FS =0000 0000000000000000 00000000 00201300
GS =0000 0000000000000000 00000000 00201300
LDT=0000 0000000000000000 0000ffff 00008200 DPL=0 LDT
TR =0028 ffffffff80215100 00000068 00008900 DPL=0 TSS64-avl
GDT=     ffffffff802043d0 00000037
IDT=     ffffffff802151e0 00000fff
CR0=80000011 CR2=0000000000000000 CR3=0000000000206000 CR4=00000020
DR0=0000000000000000 DR1=0000000000000000 DR2=0000000000000000 DR3=0000000000000000 
DR6=00000000ffff0ff0 DR7=0000000000000400
CCS=0000000000000044 CCD=fffffffffffffffc CCO=EFLAGS
EFER=0000000000000500
   176: v=20 e=0000 i=0 cpl=0 IP=0008:ffffffff802000a9 pc=ffffffff802000a9 SP=0010:ffffffff80219370 env->regs[R_EAX]=0000000000000000
RAX=0000000000000000 RBX=000002d000000000 RCX=0000000000000780 RDX=000000000000001a
RSI=0000030000000000 RDI=0000000000000018 RBP=ffffffff80219370 RSP=ffffffff80219370
R8 =0000032000000000 R9 =0000033000000000 R10=0000034000000000 R11=0000035000000000
R12=0000036000000000 R13=0000037000000000 R14=0000038000000000 R15=0000039000000000
RIP=ffffffff802000a9 RFL=00000246 [---Z-P-] CPL=0 II=0 A20=1 SMM=0 HLT=0
ES =0000 0000000000000000 00000000 00201300
CS =0008 0000000000000000 00000000 00209800 DPL=0 CS64 [---]
SS =0010 0000000000000000 00000000 00209300 DPL=0 DS   [-WA]
DS =0000 0000000000000000 00000000 00201300
FS =0000 0000000000000000 00000000 00201300
GS =0000 0000000000000000 00000000 00201300
LDT=0000 0000000000000000 0000ffff 00008200 DPL=0 LDT
TR =0028 ffffffff80215100 00000068 00008900 DPL=0 TSS64-avl
GDT=     ffffffff802043d0 00000037
IDT=     ffffffff802151e0 00000fff
CR0=80000011 CR2=0000000000000000 CR3=0000000000206000 CR4=00000020
DR0=0000000000000000 DR1=0000000000000000 DR2=0000000000000000 DR3=0000000000000000 
DR6=00000000ffff0ff0 DR7=0000000000000400
CCS=0000000000000044 CCD=fffffffffffffffd CCO=EFLAGS
EFER=0000000000000500
   177: v=20 e=0000 i=0 cpl=0 IP=0008:ffffffff802000a9 pc=ffffffff802000a9 SP=0010:ffffffff80219370 env->regs[R_EAX]=0000000000000000
RAX=0000000000000000 RBX=000002d000000000 RCX=0000000000000780 RDX=000000000000001a
RSI=0000030000000000 RDI=0000000000000018 RBP=ffffffff80219370 RSP=ffffffff80219370
R8 =0000032000000000 R9 =0000033000000000 R10=0000034000000000 R11=0000035000000000
R12=0000036000000000 R13=0000037000000000 R14=0000038000000000 R15=0000039000000000
RIP=ffffffff802000a9 RFL=00000246 [---Z-P-] CPL=0 II=0 A20=1 SMM=0 HLT=0
ES =0000 0000000000000000 00000000 00201300
CS =0008 0000000000000000 00000000 00209800 DPL=0 CS64 [---]
SS =0010 0000000000000000 00000000 00209300 DPL=0 DS   [-WA]
DS =0000 0000000000000000 00000000 00201300
FS =0000 0000000000000000 00000000 00201300
GS =0000 0000000000000000 00000000 00201300
LDT=0000 0000000000000000 0000ffff 00008200 DPL=0 LDT
TR =0028 ffffffff80215100 00000068 00008900 DPL=0 TSS64-avl
GDT=     ffffffff802043d0 00000037
IDT=     ffffffff802151e0 00000fff
CR0=80000011 CR2=0000000000000000 CR3=0000000000206000 CR4=00000020
DR0=0000000000000000 DR1=0000000000000000 DR2=0000000000000000 DR3=0000000000000000 
DR6=00000000ffff0ff0 DR7=0000000000000400
CCS=0000000000000044 CCD=fffffffffffffffe CCO=EFLAGS
EFER=0000000000000500
   178: v=20 e=0000 i=0 cpl=0 IP=0008:ffffffff802000a9 pc=ffffffff802000a9 SP=0010:ffffffff80219370 env->regs[R_EAX]=0000000000000000
RAX=0000000000000000 RBX=000002d000000000 RCX=0000000000000780 RDX=000000000000001a
RSI=0000030000000000 RDI=0000000000000018 RBP=ffffffff80219370 RSP=ffffffff80219370
R8 =0000032000000000 R9 =0000033000000000 R10=0000034000000000 R11=0000035000000000
R12=0000036000000000 R13=0000037000000000 R14=0000038000000000 R15=0000039000000000
RIP=ffffffff802000a9 RFL=00000246 [---Z-P-] CPL=0 II=0 A20=1 SMM=0 HLT=0
ES =0000 0000000000000000 00000000 00201300
CS =0008 0000000000000000 00000000 00209800 DPL=0 CS64 [---]
SS =0010 0000000000000000 00000000 00209300 DPL=0 DS   [-WA]
DS =0000 0000000000000000 00000000 00201300
FS =0000 0000000000000000 00000000 00201300
GS =0000 0000000000000000 00000000 00201300
LDT=0000 0000000000000000 0000ffff 00008200 DPL=0 LDT
TR =0028 ffffffff80215100 00000068 00008900 DPL=0 TSS64-avl
GDT=     ffffffff802043d0 00000037
IDT=     ffffffff802151e0 00000fff
CR0=80000011 CR2=0000000000000000 CR3=0000000000206000 CR4=00000020
DR0=0000000000000000 DR1=0000000000000000 DR2=0000000000000000 DR3=0000000000000000 
DR6=00000000ffff0ff0 DR7=0000000000000400
CCS=0000000000000044 CCD=ffffffffffffffff CCO=EFLAGS
EFER=0000000000000500
   179: v=20 e=0000 i=0 cpl=0 IP=0008:ffffffff802000a9 pc=ffffffff802000a9 SP=0010:ffffffff80219370 env->regs[R_EAX]=0000000000000000
RAX=0000000000000000 RBX=000002d000000000 RCX=0000000000000780 RDX=000000000000001a
RSI=0000030000000000 RDI=0000000000000018 RBP=ffffffff80219370 RSP=ffffffff80219370
R8 =0000032000000000 R9 =0000033000000000 R10=0000034000000000 R11=0000035000000000
R12=0000036000000000 R13=0000037000000000 R14=0000038000000000 R15=0000039000000000
RIP=ffffffff802000a9 RFL=00000246 [---Z-P-] CPL=0 II=0 A20=1 SMM=0 HLT=0
ES =0000 0000000000000000 00000000 00201300
CS =0008 0000000000000000 00000000 00209800 DPL=0 CS64 [---]
SS =0010 0000000000000000 00000000 00209300 DPL=0 DS   [-WA]
DS =0000 0000000000000000 00000000 00201300
FS =0000 0000000000000000 00000000 00201300
GS =0000 0000000000000000 00000000 00201300
LDT=0000 0000000000000000 0000ffff 00008200 DPL=0 LDT
TR =0028 ffffffff80215100 00000068 00008900 DPL=0 TSS64-avl
GDT=     ffffffff802043d0 00000037
IDT=     ffffffff802151e0 00000fff
CR0=80000011 CR2=0000000000000000 CR3=0000000000206000 CR4=00000020
DR0=0000000000000000 DR1=0000000000000000 DR2=0000000000000000 DR3=0000000000000000 
DR6=00000000ffff0ff0 DR7=0000000000000400
CCS=0000000000000044 CCD=0000000000000000 CCO=EFLAGS
EFER=0000000000000500
   180: v=20 e=0000 i=0 cpl=3 IP=001b:000000000040007c pc=000000000040007c SP=0023:00007fffffffffe8 env->regs[R_EAX]=ffffffff8021822d
RAX=ffffffff8021822d RBX=0000000000000000 RCX=0000000000000780 RDX=0000000000000008
RSI=00007ffffffffff0 RDI=ffffffff8021822d RBP=00007fffffffffe8 RSP=00007fffffffffe8
R8 =0000000000000000 R9 =0000000000000000 R10=0000000000000000 R11=0000000000000000
R12=0000000000000000 R13=0000000000000000 R14=0000000000000000 R15=0000000000000000
RIP=000000000040007c RFL=00000202 [-------] CPL=3 II=0 A20=1 SMM=0 HLT=0
ES =0000 0000000000000000 00000000 00201300
CS =001b 0000000000000000 ffffffff 00affa00 DPL=3 CS64 [-R-]
SS =0023 0000000000000000 ffffffff 008ff200 DPL=3 DS   [-W-]
DS =0000 0000000000000000 00000000 00201300
FS =0000 0000000000000000 00000000 00201300
GS =0000 0000000000000000 00000000 00201300
LDT=0000 0000000000000000 0000ffff 00008200 DPL=0 LDT
TR =0028 ffffffff80215100 00000068 00008900 DPL=0 TSS64-avl
GDT=     ffffffff802043d0 00000037
IDT=     ffffffff802151e0 00000fff
CR0=80000011 CR2=0000000000000000 CR3=0000000000206000 CR4=00000020
DR0=0000000000000000 DR1=0000000000000000 DR2=0000000000000000 DR3=0000000000000000 
DR6=00000000ffff0ff0 DR7=0000000000000400
CCS=0000000000000000 CCD=000000000000000a CCO=EFLAGS
EFER=0000000000000500
   181: v=20 e=0000 i=0 cpl=3 IP=001b:000000000040007c pc=000000000040007c SP=0023:00007fffffffffe8 env->regs[R_EAX]=ffffffff8021822d
RAX=ffffffff8021822d RBX=0000000000000000 RCX=0000000000000780 RDX=0000000000000008
RSI=00007ffffffffff0 RDI=ffffffff8021822d RBP=00007fffffffffe8 RSP=00007fffffffffe8
R8 =0000000000000000 R9 =0000000000000000 R10=0000000000000000 R11=0000000000000000
R12=0000000000000000 R13=0000000000000000 R14=0000000000000000 R15=0000000000000000
RIP=000000000040007c RFL=00000202 [-------] CPL=3 II=0 A20=1 SMM=0 HLT=0
ES =0000 0000000000000000 00000000 00201300
CS =001b 0000000000000000 ffffffff 00affa00 DPL=3 CS64 [-R-]
SS =0023 0000000000000000 ffffffff 008ff200 DPL=3 DS   [-W-]
DS =0000 0000000000000000 00000000 00201300
FS =0000 0000000000000000 00000000 00201300
GS =0000 0000000000000000 00000000 00201300
LDT=0000 0000000000000000 0000ffff 00008200 DPL=0 LDT
TR =0028 ffffffff80215100 00000068 00008900 DPL=0 TSS64-avl
GDT=     ffffffff802043d0 00000037
IDT=     ffffffff802151e0 00000fff
CR0=80000011 CR2=0000000000000000 CR3=0000000000206000 CR4=00000020
DR0=0000000000000000 DR1=0000000000000000 DR2=0000000000000000 DR3=0000000000000000 
DR6=00000000ffff0ff0 DR7=0000000000000400
CCS=0000000000000000 CCD=fffffffffffffff0 CCO=EFLAGS
EFER=0000000000000500
   182: v=20 e=0000 i=0 cpl=3 IP=001b:000000000040007c pc=000000000040007c SP=0023:00007fffffffffe8 env->regs[R_EAX]=ffffffff8021822d
RAX=ffffffff8021822d RBX=0000000000000000 RCX=0000000000000780 RDX=0000000000000008
RSI=00007ffffffffff0 RDI=ffffffff8021822d RBP=00007fffffffffe8 RSP=00007fffffffffe8
R8 =0000000000000000 R9 =0000000000000000 R10=0000000000000000 R11=0000000000000000
R12=0000000000000000 R13=0000000000000000 R14=0000000000000000 R15=0000000000000000
RIP=000000000040007c RFL=00000202 [-------] CPL=3 II=0 A20=1 SMM=0 HLT=0
ES =0000 0000000000000000 00000000 00201300
CS =001b 0000000000000000 ffffffff 00affa00 DPL=3 CS64 [-R-]
SS =0023 0000000000000000 ffffffff 008ff200 DPL=3 DS   [-W-]
DS =0000 0000000000000000 00000000 00201300
FS =0000 0000000000000000 00000000 00201300
GS =0000 0000000000000000 00000000 00201300
LDT=0000 0000000000000000 0000ffff 00008200 DPL=0 LDT
TR =0028 ffffffff80215100 00000068 00008900 DPL=0 TSS64-avl
GDT=     ffffffff802043d0 00000037
IDT=     ffffffff802151e0 00000fff
CR0=80000011 CR2=0000000000000000 CR3=0000000000206000 CR4=00000020
DR0=0000000000000000 DR1=0000000000000000 DR2=0000000000000000 DR3=0000000000000000 
DR6=00000000ffff0ff0 DR7=0000000000000400
CCS=0000000000000000 CCD=fffffffffffffff1 CCO=EFLAGS
EFER=0000000000000500
   183: v=20 e=0000 i=0 cpl=3 IP=001b:000000000040007c pc=000000000040007c SP=0023:00007fffffffffe8 env->regs[R_EAX]=ffffffff8021822d
RAX=ffffffff8021822d RBX=0000000000000000 RCX=0000000000000780 RDX=0000000000000008
RSI=00007ffffffffff0 RDI=ffffffff8021822d RBP=00007fffffffffe8 RSP=00007fffffffffe8
R8 =0000000000000000 R9 =0000000000000000 R10=0000000000000000 R11=0000000000000000
R12=0000000000000000 R13=0000000000000000 R14=0000000000000000 R15=0000000000000000
RIP=000000000040007c RFL=00000202 [-------] CPL=3 II=0 A20=1 SMM=0 HLT=0
ES =0000 0000000000000000 00000000 00201300
CS =001b 0000000000000000 ffffffff 00affa00 DPL=3 CS64 [-R-]
SS =0023 0000000000000000 ffffffff 008ff200 DPL=3 DS   [-W-]
DS =0000 0000000000000000 00000000 00201300
FS =0000 0000000000000000 00000000 00201300
GS =0000 0000000000000000 00000000 00201300
LDT=0000 0000000000000000 0000ffff 00008200 DPL=0 LDT
TR =0028 ffffffff80215100 00000068 00008900 DPL=0 TSS64-avl
GDT=     ffffffff802043d0 00000037
IDT=     ffffffff802151e0 00000fff
CR0=80000011 CR2=0000000000000000 CR3=0000000000206000 CR4=00000020
DR0=0000000000000000 DR1=0000000000000000 DR2=0000000000000000 DR3=0000000000000000 
DR6=00000000ffff0ff0 DR7=0000000000000400
CCS=0000000000000000 CCD=fffffffffffffff2 CCO=EFLAGS
EFER=0000000000000500
   184: v=20 e=0000 i=0 cpl=3 IP=001b:000000000040007c pc=000000000040007c SP=0023:00007fffffffffe8 env->regs[R_EAX]=ffffffff8021822d
RAX=ffffffff8021822d RBX=0000000000000000 RCX=0000000000000780 RDX=0000000000000008
RSI=00007ffffffffff0 RDI=ffffffff8021822d RBP=00007fffffffffe8 RSP=00007fffffffffe8
R8 =0000000000000000 R9 =0000000000000000 R10=0000000000000000 R11=0000000000000000
R12=0000000000000000 R13=0000000000000000 R14=0000000000000000 R15=0000000000000000
RIP=000000000040007c RFL=00000202 [-------] CPL=3 II=0 A20=1 SMM=0 HLT=0
ES =0000 0000000000000000 00000000 00201300
CS =001b 0000000000000000 ffffffff 00affa00 DPL=3 CS64 [-R-]
SS =0023 0000000000000000 ffffffff 008ff200 DPL=3 DS   [-W-]
DS =0000 0000000000000000 00000000 00201300
FS =0000 0000000000000000 00000000 00201300
GS =0000 0000000000000000 00000000 00201300
LDT=0000 0000000000000000 0000ffff 00008200 DPL=0 LDT
TR =0028 ffffffff80215100 00000068 00008900 DPL=0 TSS64-avl
GDT=     ffffffff802043d0 00000037
IDT=     ffffffff802151e0 00000fff
CR0=80000011 CR2=0000000000000000 CR3=0000000000206000 CR4=00000020
DR0=0000000000000000 DR1=0000000000000000 DR2=0000000000000000 DR3=0000000000000000 
DR6=00000000ffff0ff0 DR7=0000000000000400
CCS=0000000000000000 CCD=fffffffffffffff3 CCO=EFLAGS
EFER=0000000000000500
   185: v=20 e=0000 i=0 cpl=3 IP=001b:000000000040007c pc=000000000040007c SP=0023:00007fffffffffe8 env->regs[R_EAX]=ffffffff8021822d
RAX=ffffffff8021822d RBX=0000000000000000 RCX=0000000000000780 RDX=0000000000000008
RSI=00007ffffffffff0 RDI=ffffffff8021822d RBP=00007fffffffffe8 RSP=00007fffffffffe8
R8 =0000000000000000 R9 =0000000000000000 R10=0000000000000000 R11=0000000000000000
R12=0000000000000000 R13=0000000000000000 R14=0000000000000000 R15=0000000000000000
RIP=000000000040007c RFL=00000202 [-------] CPL=3 II=0 A20=1 SMM=0 HLT=0
ES =0000 0000000000000000 00000000 00201300
CS =001b 0000000000000000 ffffffff 00affa00 DPL=3 CS64 [-R-]
SS =0023 0000000000000000 ffffffff 008ff200 DPL=3 DS   [-W-]
DS =0000 0000000000000000 00000000 00201300
FS =0000 0000000000000000 00000000 00201300
GS =0000 0000000000000000 00000000 00201300
LDT=0000 0000000000000000 0000ffff 00008200 DPL=0 LDT
TR =0028 ffffffff80215100 00000068 00008900 DPL=0 TSS64-avl
GDT=     ffffffff802043d0 00000037
IDT=     ffffffff802151e0 00000fff
CR0=80000011 CR2=0000000000000000 CR3=0000000000206000 CR4=00000020
DR0=0000000000000000 DR1=0000000000000000 DR2=0000000000000000 DR3=0000000000000000 
DR6=00000000ffff0ff0 DR7=0000000000000400
CCS=0000000000000000 CCD=fffffffffffffff4 CCO=EFLAGS
EFER=0000000000000500
   186: v=20 e=0000 i=0 cpl=3 IP=001b:000000000040007c pc=000000000040007c SP=0023:00007fffffffffe8 env->regs[R_EAX]=ffffffff8021822d
RAX=ffffffff8021822d RBX=0000000000000000 RCX=0000000000000780 RDX=0000000000000008
RSI=00007ffffffffff0 RDI=ffffffff8021822d RBP=00007fffffffffe8 RSP=00007fffffffffe8
R8 =0000000000000000 R9 =0000000000000000 R10=0000000000000000 R11=0000000000000000
R12=0000000000000000 R13=0000000000000000 R14=0000000000000000 R15=0000000000000000
RIP=000000000040007c RFL=00000202 [-------] CPL=3 II=0 A20=1 SMM=0 HLT=0
ES =0000 0000000000000000 00000000 00201300
CS =001b 0000000000000000 ffffffff 00affa00 DPL=3 CS64 [-R-]
SS =0023 0000000000000000 ffffffff 008ff200 DPL=3 DS   [-W-]
DS =0000 0000000000000000 00000000 00201300
FS =0000 0000000000000000 00000000 00201300
GS =0000 0000000000000000 00000000 00201300
LDT=0000 0000000000000000 0000ffff 00008200 DPL=0 LDT
TR =0028 ffffffff80215100 00000068 00008900 DPL=0 TSS64-avl
GDT=     ffffffff802043d0 00000037
IDT=     ffffffff802151e0 00000fff
CR0=80000011 CR2=0000000000000000 CR3=0000000000206000 CR4=00000020
DR0=0000000000000000 DR1=0000000000000000 DR2=0000000000000000 DR3=0000000000000000 
DR6=00000000ffff0ff0 DR7=0000000000000400
CCS=0000000000000000 CCD=fffffffffffffff5 CCO=EFLAGS
EFER=0000000000000500
   187: v=20 e=0000 i=0 cpl=3 IP=001b:000000000040007c pc=000000000040007c SP=0023:00007fffffffffe8 env->regs[R_EAX]=ffffffff8021822d
RAX=ffffffff8021822d RBX=0000000000000000 RCX=0000000000000780 RDX=0000000000000008
RSI=00007ffffffffff0 RDI=ffffffff8021822d RBP=00007fffffffffe8 RSP=00007fffffffffe8
R8 =0000000000000000 R9 =0000000000000000 R10=0000000000000000 R11=0000000000000000
R12=0000000000000000 R13=0000000000000000 R14=0000000000000000 R15=0000000000000000
RIP=000000000040007c RFL=00000202 [-------] CPL=3 II=0 A20=1 SMM=0 HLT=0
ES =0000 0000000000000000 00000000 00201300
CS =001b 0000000000000000 ffffffff 00affa00 DPL=3 CS64 [-R-]
SS =0023 0000000000000000 ffffffff 008ff200 DPL=3 DS   [-W-]
DS =0000 0000000000000000 00000000 00201300
FS =0000 0000000000000000 00000000 00201300
GS =0000 0000000000000000 00000000 00201300
LDT=0000 0000000000000000 0000ffff 00008200 DPL=0 LDT
TR =0028 ffffffff80215100 00000068 00008900 DPL=0 TSS64-avl
GDT=     ffffffff802043d0 00000037
IDT=     ffffffff802151e0 00000fff
CR0=80000011 CR2=0000000000000000 CR3=0000000000206000 CR4=00000020
DR0=0000000000000000 DR1=0000000000000000 DR2=0000000000000000 DR3=0000000000000000 
DR6=00000000ffff0ff0 DR7=0000000000000400
CCS=0000000000000000 CCD=fffffffffffffff6 CCO=EFLAGS
EFER=0000000000000500
   188: v=20 e=0000 i=0 cpl=3 IP=001b:000000000040007c pc=000000000040007c SP=0023:00007fffffffffe8 env->regs[R_EAX]=ffffffff8021822d
RAX=ffffffff8021822d RBX=0000000000000000 RCX=0000000000000780 RDX=0000000000000008
RSI=00007ffffffffff0 RDI=ffffffff8021822d RBP=00007fffffffffe8 RSP=00007fffffffffe8
R8 =0000000000000000 R9 =0000000000000000 R10=0000000000000000 R11=0000000000000000
R12=0000000000000000 R13=0000000000000000 R14=0000000000000000 R15=0000000000000000
RIP=000000000040007c RFL=00000202 [-------] CPL=3 II=0 A20=1 SMM=0 HLT=0
ES =0000 0000000000000000 00000000 00201300
CS =001b 0000000000000000 ffffffff 00affa00 DPL=3 CS64 [-R-]
SS =0023 0000000000000000 ffffffff 008ff200 DPL=3 DS   [-W-]
DS =0000 0000000000000000 00000000 00201300
FS =0000 0000000000000000 00000000 00201300
GS =0000 0000000000000000 00000000 00201300
LDT=0000 0000000000000000 0000ffff 00008200 DPL=0 LDT
TR =0028 ffffffff80215100 00000068 00008900 DPL=0 TSS64-avl
GDT=     ffffffff802043d0 00000037
IDT=     ffffffff802151e0 00000fff
CR0=80000011 CR2=0000000000000000 CR3=0000000000206000 CR4=00000020
DR0=0000000000000000 DR1=0000000000000000 DR2=0000000000000000 DR3=0000000000000000 
DR6=00000000ffff0ff0 DR7=0000000000000400
CCS=0000000000000000 CCD=fffffffffffffff7 CCO=EFLAGS
EFER=0000000000000500
   189: v=20 e=0000 i=0 cpl=3 IP=001b:000000000040007c pc=000000000040007c SP=0023:00007fffffffffe8 env->regs[R_EAX]=ffffffff8021822d
RAX=ffffffff8021822d RBX=0000000000000000 RCX=0000000000000780 RDX=0000000000000008
RSI=00007ffffffffff0 RDI=ffffffff8021822d RBP=00007fffffffffe8 RSP=00007fffffffffe8
R8 =0000000000000000 R9 =0000000000000000 R10=0000000000000000 R11=0000000000000000
R12=0000000000000000 R13=0000000000000000 R14=0000000000000000 R15=0000000000000000
RIP=000000000040007c RFL=00000202 [-------] CPL=3 II=0 A20=1 SMM=0 HLT=0
ES =0000 0000000000000000 00000000 00201300
CS =001b 0000000000000000 ffffffff 00affa00 DPL=3 CS64 [-R-]
SS =0023 0000000000000000 ffffffff 008ff200 DPL=3 DS   [-W-]
DS =0000 0000000000000000 00000000 00201300
FS =0000 0000000000000000 00000000 00201300
GS =0000 0000000000000000 00000000 00201300
LDT=0000 0000000000000000 0000ffff 00008200 DPL=0 LDT
TR =0028 ffffffff80215100 00000068 00008900 DPL=0 TSS64-avl
GDT=     ffffffff802043d0 00000037
IDT=     ffffffff802151e0 00000fff
CR0=80000011 CR2=0000000000000000 CR3=0000000000206000 CR4=00000020
DR0=0000000000000000 DR1=0000000000000000 DR2=0000000000000000 DR3=0000000000000000 
DR6=00000000ffff0ff0 DR7=0000000000000400
CCS=0000000000000000 CCD=fffffffffffffff8 CCO=EFLAGS
EFER=0000000000000500
   190: v=20 e=0000 i=0 cpl=3 IP=001b:000000000040007c pc=000000000040007c SP=0023:00007fffffffffe8 env->regs[R_EAX]=ffffffff8021822d
RAX=ffffffff8021822d RBX=0000000000000000 RCX=0000000000000780 RDX=0000000000000008
RSI=00007ffffffffff0 RDI=ffffffff8021822d RBP=00007fffffffffe8 RSP=00007fffffffffe8
R8 =0000000000000000 R9 =0000000000000000 R10=0000000000000000 R11=0000000000000000
R12=0000000000000000 R13=0000000000000000 R14=0000000000000000 R15=0000000000000000
RIP=000000000040007c RFL=00000202 [-------] CPL=3 II=0 A20=1 SMM=0 HLT=0
ES =0000 0000000000000000 00000000 00201300
CS =001b 0000000000000000 ffffffff 00affa00 DPL=3 CS64 [-R-]
SS =0023 0000000000000000 ffffffff 008ff200 DPL=3 DS   [-W-]
DS =0000 0000000000000000 00000000 00201300
FS =0000 0000000000000000 00000000 00201300
GS =0000 0000000000000000 00000000 00201300
LDT=0000 0000000000000000 0000ffff 00008200 DPL=0 LDT
TR =0028 ffffffff80215100 00000068 00008900 DPL=0 TSS64-avl
GDT=     ffffffff802043d0 00000037
IDT=     ffffffff802151e0 00000fff
CR0=80000011 CR2=0000000000000000 CR3=0000000000206000 CR4=00000020
DR0=0000000000000000 DR1=0000000000000000 DR2=0000000000000000 DR3=0000000000000000 
DR6=00000000ffff0ff0 DR7=0000000000000400
CCS=0000000000000000 CCD=fffffffffffffff9 CCO=EFLAGS
EFER=0000000000000500
   191: v=20 e=0000 i=0 cpl=3 IP=001b:000000000040007c pc=000000000040007c SP=0023:00007fffffffffe8 env->regs[R_EAX]=ffffffff8021822d
RAX=ffffffff8021822d RBX=0000000000000000 RCX=0000000000000780 RDX=0000000000000008
RSI=00007ffffffffff0 RDI=ffffffff8021822d RBP=00007fffffffffe8 RSP=00007fffffffffe8
R8 =0000000000000000 R9 =0000000000000000 R10=0000000000000000 R11=0000000000000000
R12=0000000000000000 R13=0000000000000000 R14=0000000000000000 R15=0000000000000000
RIP=000000000040007c RFL=00000202 [-------] CPL=3 II=0 A20=1 SMM=0 HLT=0
ES =0000 0000000000000000 00000000 00201300
CS =001b 0000000000000000 ffffffff 00affa00 DPL=3 CS64 [-R-]
SS =0023 0000000000000000 ffffffff 008ff200 DPL=3 DS   [-W-]
DS =0000 0000000000000000 00000000 00201300
FS =0000 0000000000000000 00000000 00201300
GS =0000 0000000000000000 00000000 00201300
LDT=0000 0000000000000000 0000ffff 00008200 DPL=0 LDT
TR =0028 ffffffff80215100 00000068 00008900 DPL=0 TSS64-avl
GDT=     ffffffff802043d0 00000037
IDT=     ffffffff802151e0 00000fff
CR0=80000011 CR2=0000000000000000 CR3=0000000000206000 CR4=00000020
DR0=0000000000000000 DR1=0000000000000000 DR2=0000000000000000 DR3=0000000000000000 
DR6=00000000ffff0ff0 DR7=0000000000000400
CCS=0000000000000000 CCD=fffffffffffffffa CCO=EFLAGS
EFER=0000000000000500
   192: v=20 e=0000 i=0 cpl=3 IP=001b:000000000040007c pc=000000000040007c SP=0023:00007fffffffffe8 env->regs[R_EAX]=ffffffff8021822d
RAX=ffffffff8021822d RBX=0000000000000000 RCX=0000000000000780 RDX=0000000000000008
RSI=00007ffffffffff0 RDI=ffffffff8021822d RBP=00007fffffffffe8 RSP=00007fffffffffe8
R8 =0000000000000000 R9 =0000000000000000 R10=0000000000000000 R11=0000000000000000
R12=0000000000000000 R13=0000000000000000 R14=0000000000000000 R15=0000000000000000
RIP=000000000040007c RFL=00000202 [-------] CPL=3 II=0 A20=1 SMM=0 HLT=0
ES =0000 0000000000000000 00000000 00201300
CS =001b 0000000000000000 ffffffff 00affa00 DPL=3 CS64 [-R-]
SS =0023 0000000000000000 ffffffff 008ff200 DPL=3 DS   [-W-]
DS =0000 0000000000000000 00000000 00201300
FS =0000 0000000000000000 00000000 00201300
GS =0000 0000000000000000 00000000 00201300
LDT=0000 0000000000000000 0000ffff 00008200 DPL=0 LDT
TR =0028 ffffffff80215100 00000068 00008900 DPL=0 TSS64-avl
GDT=     ffffffff802043d0 00000037
IDT=     ffffffff802151e0 00000fff
CR0=80000011 CR2=0000000000000000 CR3=0000000000206000 CR4=00000020
DR0=0000000000000000 DR1=0000000000000000 DR2=0000000000000000 DR3=0000000000000000 
DR6=00000000ffff0ff0 DR7=0000000000000400
CCS=0000000000000000 CCD=fffffffffffffffb CCO=EFLAGS
EFER=0000000000000500
   193: v=20 e=0000 i=0 cpl=3 IP=001b:000000000040007c pc=000000000040007c SP=0023:00007fffffffffe8 env->regs[R_EAX]=ffffffff8021822d
RAX=ffffffff8021822d RBX=0000000000000000 RCX=0000000000000780 RDX=0000000000000008
RSI=00007ffffffffff0 RDI=ffffffff8021822d RBP=00007fffffffffe8 RSP=00007fffffffffe8
R8 =0000000000000000 R9 =0000000000000000 R10=0000000000000000 R11=0000000000000000
R12=0000000000000000 R13=0000000000000000 R14=0000000000000000 R15=0000000000000000
RIP=000000000040007c RFL=00000202 [-------] CPL=3 II=0 A20=1 SMM=0 HLT=0
ES =0000 0000000000000000 00000000 00201300
CS =001b 0000000000000000 ffffffff 00affa00 DPL=3 CS64 [-R-]
SS =0023 0000000000000000 ffffffff 008ff200 DPL=3 DS   [-W-]
DS =0000 0000000000000000 00000000 00201300
FS =0000 0000000000000000 00000000 00201300
GS =0000 0000000000000000 00000000 00201300
LDT=0000 0000000000000000 0000ffff 00008200 DPL=0 LDT
TR =0028 ffffffff80215100 00000068 00008900 DPL=0 TSS64-avl
GDT=     ffffffff802043d0 00000037
IDT=     ffffffff802151e0 00000fff
CR0=80000011 CR2=0000000000000000 CR3=0000000000206000 CR4=00000020
DR0=0000000000000000 DR1=0000000000000000 DR2=0000000000000000 DR3=0000000000000000 
DR6=00000000ffff0ff0 DR7=0000000000000400
CCS=0000000000000000 CCD=fffffffffffffffc CCO=EFLAGS
EFER=0000000000000500
   194: v=20 e=0000 i=0 cpl=3 IP=001b:000000000040007c pc=000000000040007c SP=0023:00007fffffffffe8 env->regs[R_EAX]=ffffffff8021822d
RAX=ffffffff8021822d RBX=0000000000000000 RCX=0000000000000780 RDX=0000000000000008
RSI=00007ffffffffff0 RDI=ffffffff8021822d RBP=00007fffffffffe8 RSP=00007fffffffffe8
R8 =0000000000000000 R9 =0000000000000000 R10=0000000000000000 R11=0000000000000000
R12=0000000000000000 R13=0000000000000000 R14=0000000000000000 R15=0000000000000000
RIP=000000000040007c RFL=00000202 [-------] CPL=3 II=0 A20=1 SMM=0 HLT=0
ES =0000 0000000000000000 00000000 00201300
CS =001b 0000000000000000 ffffffff 00affa00 DPL=3 CS64 [-R-]
SS =0023 0000000000000000 ffffffff 008ff200 DPL=3 DS   [-W-]
DS =0000 0000000000000000 00000000 00201300
FS =0000 0000000000000000 00000000 00201300
GS =0000 0000000000000000 00000000 00201300
LDT=0000 0000000000000000 0000ffff 00008200 DPL=0 LDT
TR =0028 ffffffff80215100 00000068 00008900 DPL=0 TSS64-avl
GDT=     ffffffff802043d0 00000037
IDT=     ffffffff802151e0 00000fff
CR0=80000011 CR2=0000000000000000 CR3=0000000000206000 CR4=00000020
DR0=0000000000000000 DR1=0000000000000000 DR2=0000000000000000 DR3=0000000000000000 
DR6=00000000ffff0ff0 DR7=0000000000000400
CCS=0000000000000000 CCD=fffffffffffffffd CCO=EFLAGS
EFER=0000000000000500
   195: v=20 e=0000 i=0 cpl=3 IP=001b:000000000040007c pc=000000000040007c SP=0023:00007fffffffffe8 env->regs[R_EAX]=ffffffff8021822d
RAX=ffffffff8021822d RBX=0000000000000000 RCX=0000000000000780 RDX=0000000000000008
RSI=00007ffffffffff0 RDI=ffffffff8021822d RBP=00007fffffffffe8 RSP=00007fffffffffe8
R8 =0000000000000000 R9 =0000000000000000 R10=0000000000000000 R11=0000000000000000
R12=0000000000000000 R13=0000000000000000 R14=0000000000000000 R15=0000000000000000
RIP=000000000040007c RFL=00000202 [-------] CPL=3 II=0 A20=1 SMM=0 HLT=0
ES =0000 0000000000000000 00000000 00201300
CS =001b 0000000000000000 ffffffff 00affa00 DPL=3 CS64 [-R-]
SS =0023 0000000000000000 ffffffff 008ff200 DPL=3 DS   [-W-]
DS =0000 0000000000000000 00000000 00201300
FS =0000 0000000000000000 00000000 00201300
GS =0000 0000000000000000 00000000 00201300
LDT=0000 0000000000000000 0000ffff 00008200 DPL=0 LDT
TR =0028 ffffffff80215100 00000068 00008900 DPL=0 TSS64-avl
GDT=     ffffffff802043d0 00000037
IDT=     ffffffff802151e0 00000fff
CR0=80000011 CR2=0000000000000000 CR3=0000000000206000 CR4=00000020
DR0=0000000000000000 DR1=0000000000000000 DR2=0000000000000000 DR3=0000000000000000 
DR6=00000000ffff0ff0 DR7=0000000000000400
CCS=0000000000000000 CCD=fffffffffffffffe CCO=EFLAGS
EFER=0000000000000500
   196: v=20 e=0000 i=0 cpl=3 IP=001b:000000000040007c pc=000000000040007c SP=0023:00007fffffffffe8 env->regs[R_EAX]=ffffffff8021822d
RAX=ffffffff8021822d RBX=0000000000000000 RCX=0000000000000780 RDX=0000000000000008
RSI=00007ffffffffff0 RDI=ffffffff8021822d RBP=00007fffffffffe8 RSP=00007fffffffffe8
R8 =0000000000000000 R9 =0000000000000000 R10=0000000000000000 R11=0000000000000000
R12=0000000000000000 R13=0000000000000000 R14=0000000000000000 R15=0000000000000000
RIP=000000000040007c RFL=00000202 [-------] CPL=3 II=0 A20=1 SMM=0 HLT=0
ES =0000 0000000000000000 00000000 00201300
CS =001b 0000000000000000 ffffffff 00affa00 DPL=3 CS64 [-R-]
SS =0023 0000000000000000 ffffffff 008ff200 DPL=3 DS   [-W-]
DS =0000 0000000000000000 00000000 00201300
FS =0000 0000000000000000 00000000 00201300
GS =0000 0000000000000000 00000000 00201300
LDT=0000 0000000000000000 0000ffff 00008200 DPL=0 LDT
TR =0028 ffffffff80215100 00000068 00008900 DPL=0 TSS64-avl
GDT=     ffffffff802043d0 00000037
IDT=     ffffffff802151e0 00000fff
CR0=80000011 CR2=0000000000000000 CR3=0000000000206000 CR4=00000020
DR0=0000000000000000 DR1=0000000000000000 DR2=0000000000000000 DR3=0000000000000000 
DR6=00000000ffff0ff0 DR7=0000000000000400
CCS=0000000000000000 CCD=ffffffffffffffff CCO=EFLAGS
EFER=0000000000000500
   197: v=20 e=0000 i=0 cpl=3 IP=001b:000000000040007c pc=000000000040007c SP=0023:00007fffffffffe8 env->regs[R_EAX]=ffffffff8021822d
RAX=ffffffff8021822d RBX=0000000000000000 RCX=0000000000000780 RDX=0000000000000008
RSI=00007ffffffffff0 RDI=ffffffff8021822d RBP=00007fffffffffe8 RSP=00007fffffffffe8
R8 =0000000000000000 R9 =0000000000000000 R10=0000000000000000 R11=0000000000000000
R12=0000000000000000 R13=0000000000000000 R14=0000000000000000 R15=0000000000000000
RIP=000000000040007c RFL=00000202 [-------] CPL=3 II=0 A20=1 SMM=0 HLT=0
ES =0000 0000000000000000 00000000 00201300
CS =001b 0000000000000000 ffffffff 00affa00 DPL=3 CS64 [-R-]
SS =0023 0000000000000000 ffffffff 008ff200 DPL=3 DS   [-W-]
DS =0000 0000000000000000 00000000 00201300
FS =0000 0000000000000000 00000000 00201300
GS =0000 0000000000000000 00000000 00201300
LDT=0000 0000000000000000 0000ffff 00008200 DPL=0 LDT
TR =0028 ffffffff80215100 00000068 00008900 DPL=0 TSS64-avl
GDT=     ffffffff802043d0 00000037
IDT=     ffffffff802151e0 00000fff
CR0=80000011 CR2=0000000000000000 CR3=0000000000206000 CR4=00000020
DR0=0000000000000000 DR1=0000000000000000 DR2=0000000000000000 DR3=0000000000000000 
DR6=00000000ffff0ff0 DR7=0000000000000400
CCS=0000000000000000 CCD=0000000000000000 CCO=EFLAGS
EFER=0000000000000500
   198: v=20 e=0000 i=0 cpl=0 IP=0008:ffffffff802000a9 pc=ffffffff802000a9 SP=0010:ffffffff80219370 env->regs[R_EAX]=0000000000000000
RAX=0000000000000000 RBX=000002d000000000 RCX=0000000000000780 RDX=000000000000001a
RSI=0000030000000000 RDI=0000000000000018 RBP=ffffffff80219370 RSP=ffffffff80219370
R8 =0000032000000000 R9 =0000033000000000 R10=0000034000000000 R11=0000035000000000
R12=0000036000000000 R13=0000037000000000 R14=0000038000000000 R15=0000039000000000
RIP=ffffffff802000a9 RFL=00000246 [---Z-P-] CPL=0 II=0 A20=1 SMM=0 HLT=0
ES =0000 0000000000000000 00000000 00201300
CS =0008 0000000000000000 00000000 00209800 DPL=0 CS64 [---]
SS =0010 0000000000000000 00000000 00209300 DPL=0 DS   [-WA]
DS =0000 0000000000000000 00000000 00201300
FS =0000 0000000000000000 00000000 00201300
GS =0000 0000000000000000 00000000 00201300
LDT=0000 0000000000000000 0000ffff 00008200 DPL=0 LDT
TR =0028 ffffffff80215100 00000068 00008900 DPL=0 TSS64-avl
GDT=     ffffffff802043d0 00000037
IDT=     ffffffff802151e0 00000fff
CR0=80000011 CR2=0000000000000000 CR3=0000000000206000 CR4=00000020
DR0=0000000000000000 DR1=0000000000000000 DR2=0000000000000000 DR3=0000000000000000 
DR6=00000000ffff0ff0 DR7=0000000000000400
CCS=0000000000000044 CCD=000000000000000b CCO=EFLAGS
EFER=0000000000000500
   199: v=20 e=0000 i=0 cpl=0 IP=0008:ffffffff802000a9 pc=ffffffff802000a9 SP=0010:ffffffff80219370 env->regs[R_EAX]=0000000000000000
RAX=0000000000000000 RBX=000002d000000000 RCX=0000000000000780 RDX=000000000000001a
RSI=0000030000000000 RDI=0000000000000018 RBP=ffffffff80219370 RSP=ffffffff80219370
R8 =0000032000000000 R9 =0000033000000000 R10=0000034000000000 R11=0000035000000000
R12=0000036000000000 R13=0000037000000000 R14=0000038000000000 R15=0000039000000000
RIP=ffffffff802000a9 RFL=00000246 [---Z-P-] CPL=0 II=0 A20=1 SMM=0 HLT=0
ES =0000 0000000000000000 00000000 00201300
CS =0008 0000000000000000 00000000 00209800 DPL=0 CS64 [---]
SS =0010 0000000000000000 00000000 00209300 DPL=0 DS   [-WA]
DS =0000 0000000000000000 00000000 00201300
FS =0000 0000000000000000 00000000 00201300
GS =0000 0000000000000000 00000000 00201300
LDT=0000 0000000000000000 0000ffff 00008200 DPL=0 LDT
TR =0028 ffffffff80215100 00000068 00008900 DPL=0 TSS64-avl
GDT=     ffffffff802043d0 00000037
IDT=     ffffffff802151e0 00000fff
CR0=80000011 CR2=0000000000000000 CR3=0000000000206000 CR4=00000020
DR0=0000000000000000 DR1=0000000000000000 DR2=0000000000000000 DR3=0000000000000000 
DR6=00000000ffff0ff0 DR7=0000000000000400
CCS=0000000000000044 CCD=fffffffffffffff0 CCO=EFLAGS
EFER=0000000000000500
   200: v=20 e=0000 i=0 cpl=0 IP=0008:ffffffff802000a9 pc=ffffffff802000a9 SP=0010:ffffffff80219370 env->regs[R_EAX]=0000000000000000
RAX=0000000000000000 RBX=000002d000000000 RCX=0000000000000780 RDX=000000000000001a
RSI=0000030000000000 RDI=0000000000000018 RBP=ffffffff80219370 RSP=ffffffff80219370
R8 =0000032000000000 R9 =0000033000000000 R10=0000034000000000 R11=0000035000000000
R12=0000036000000000 R13=0000037000000000 R14=0000038000000000 R15=0000039000000000
RIP=ffffffff802000a9 RFL=00000246 [---Z-P-] CPL=0 II=0 A20=1 SMM=0 HLT=0
ES =0000 0000000000000000 00000000 00201300
CS =0008 0000000000000000 00000000 00209800 DPL=0 CS64 [---]
SS =0010 0000000000000000 00000000 00209300 DPL=0 DS   [-WA]
DS =0000 0000000000000000 00000000 00201300
FS =0000 0000000000000000 00000000 00201300
GS =0000 0000000000000000 00000000 00201300
LDT=0000 0000000000000000 0000ffff 00008200 DPL=0 LDT
TR =0028 ffffffff80215100 00000068 00008900 DPL=0 TSS64-avl
GDT=     ffffffff802043d0 00000037
IDT=     ffffffff802151e0 00000fff
CR0=80000011 CR2=0000000000000000 CR3=0000000000206000 CR4=00000020
DR0=0000000000000000 DR1=0000000000000000 DR2=0000000000000000 DR3=0000000000000000 
DR6=00000000ffff0ff0 DR7=0000000000000400
CCS=0000000000000044 CCD=fffffffffffffff1 CCO=EFLAGS
EFER=0000000000000500
   201: v=20 e=0000 i=0 cpl=0 IP=0008:ffffffff802000a9 pc=ffffffff802000a9 SP=0010:ffffffff80219370 env->regs[R_EAX]=0000000000000000
RAX=0000000000000000 RBX=000002d000000000 RCX=0000000000000780 RDX=000000000000001a
RSI=0000030000000000 RDI=0000000000000018 RBP=ffffffff80219370 RSP=ffffffff80219370
R8 =0000032000000000 R9 =0000033000000000 R10=0000034000000000 R11=0000035000000000
R12=0000036000000000 R13=0000037000000000 R14=0000038000000000 R15=0000039000000000
RIP=ffffffff802000a9 RFL=00000246 [---Z-P-] CPL=0 II=0 A20=1 SMM=0 HLT=0
ES =0000 0000000000000000 00000000 00201300
CS =0008 0000000000000000 00000000 00209800 DPL=0 CS64 [---]
SS =0010 0000000000000000 00000000 00209300 DPL=0 DS   [-WA]
DS =0000 0000000000000000 00000000 00201300
FS =0000 0000000000000000 00000000 00201300
GS =0000 0000000000000000 00000000 00201300
LDT=0000 0000000000000000 0000ffff 00008200 DPL=0 LDT
TR =0028 ffffffff80215100 00000068 00008900 DPL=0 TSS64-avl
GDT=     ffffffff802043d0 00000037
IDT=     ffffffff802151e0 00000fff
CR0=80000011 CR2=0000000000000000 CR3=0000000000206000 CR4=00000020
DR0=0000000000000000 DR1=0000000000000000 DR2=0000000000000000 DR3=0000000000000000 
DR6=00000000ffff0ff0 DR7=0000000000000400
CCS=0000000000000044 CCD=fffffffffffffff2 CCO=EFLAGS
EFER=0000000000000500
   202: v=20 e=0000 i=0 cpl=0 IP=0008:ffffffff802000a9 pc=ffffffff802000a9 SP=0010:ffffffff80219370 env->regs[R_EAX]=0000000000000000
RAX=0000000000000000 RBX=000002d000000000 RCX=0000000000000780 RDX=000000000000001a
RSI=0000030000000000 RDI=0000000000000018 RBP=ffffffff80219370 RSP=ffffffff80219370
R8 =0000032000000000 R9 =0000033000000000 R10=0000034000000000 R11=0000035000000000
R12=0000036000000000 R13=0000037000000000 R14=0000038000000000 R15=0000039000000000
RIP=ffffffff802000a9 RFL=00000246 [---Z-P-] CPL=0 II=0 A20=1 SMM=0 HLT=0
ES =0000 0000000000000000 00000000 00201300
CS =0008 0000000000000000 00000000 00209800 DPL=0 CS64 [---]
SS =0010 0000000000000000 00000000 00209300 DPL=0 DS   [-WA]
DS =0000 0000000000000000 00000000 00201300
FS =0000 0000000000000000 00000000 00201300
GS =0000 0000000000000000 00000000 00201300
LDT=0000 0000000000000000 0000ffff 00008200 DPL=0 LDT
TR =0028 ffffffff80215100 00000068 00008900 DPL=0 TSS64-avl
GDT=     ffffffff802043d0 00000037
IDT=     ffffffff802151e0 00000fff
CR0=80000011 CR2=0000000000000000 CR3=0000000000206000 CR4=00000020
DR0=0000000000000000 DR1=0000000000000000 DR2=0000000000000000 DR3=0000000000000000 
DR6=00000000ffff0ff0 DR7=0000000000000400
CCS=0000000000000044 CCD=fffffffffffffff3 CCO=EFLAGS
EFER=0000000000000500
   203: v=20 e=0000 i=0 cpl=0 IP=0008:ffffffff802000a9 pc=ffffffff802000a9 SP=0010:ffffffff80219370 env->regs[R_EAX]=0000000000000000
RAX=0000000000000000 RBX=000002d000000000 RCX=0000000000000780 RDX=000000000000001a
RSI=0000030000000000 RDI=0000000000000018 RBP=ffffffff80219370 RSP=ffffffff80219370
R8 =0000032000000000 R9 =0000033000000000 R10=0000034000000000 R11=0000035000000000
R12=0000036000000000 R13=0000037000000000 R14=0000038000000000 R15=0000039000000000
RIP=ffffffff802000a9 RFL=00000246 [---Z-P-] CPL=0 II=0 A20=1 SMM=0 HLT=0
ES =0000 0000000000000000 00000000 00201300
CS =0008 0000000000000000 00000000 00209800 DPL=0 CS64 [---]
SS =0010 0000000000000000 00000000 00209300 DPL=0 DS   [-WA]
DS =0000 0000000000000000 00000000 00201300
FS =0000 0000000000000000 00000000 00201300
GS =0000 0000000000000000 00000000 00201300
LDT=0000 0000000000000000 0000ffff 00008200 DPL=0 LDT
TR =0028 ffffffff80215100 00000068 00008900 DPL=0 TSS64-avl
GDT=     ffffffff802043d0 00000037
IDT=     ffffffff802151e0 00000fff
CR0=80000011 CR2=0000000000000000 CR3=0000000000206000 CR4=00000020
DR0=0000000000000000 DR1=0000000000000000 DR2=0000000000000000 DR3=0000000000000000 
DR6=00000000ffff0ff0 DR7=0000000000000400
CCS=0000000000000044 CCD=fffffffffffffff4 CCO=EFLAGS
EFER=0000000000000500
   204: v=20 e=0000 i=0 cpl=0 IP=0008:ffffffff802000a9 pc=ffffffff802000a9 SP=0010:ffffffff80219370 env->regs[R_EAX]=0000000000000000
RAX=0000000000000000 RBX=000002d000000000 RCX=0000000000000780 RDX=000000000000001a
RSI=0000030000000000 RDI=0000000000000018 RBP=ffffffff80219370 RSP=ffffffff80219370
R8 =0000032000000000 R9 =0000033000000000 R10=0000034000000000 R11=0000035000000000
R12=0000036000000000 R13=0000037000000000 R14=0000038000000000 R15=0000039000000000
RIP=ffffffff802000a9 RFL=00000246 [---Z-P-] CPL=0 II=0 A20=1 SMM=0 HLT=0
ES =0000 0000000000000000 00000000 00201300
CS =0008 0000000000000000 00000000 00209800 DPL=0 CS64 [---]
SS =0010 0000000000000000 00000000 00209300 DPL=0 DS   [-WA]
DS =0000 0000000000000000 00000000 00201300
FS =0000 0000000000000000 00000000 00201300
GS =0000 0000000000000000 00000000 00201300
LDT=0000 0000000000000000 0000ffff 00008200 DPL=0 LDT
TR =0028 ffffffff80215100 00000068 00008900 DPL=0 TSS64-avl
GDT=     ffffffff802043d0 00000037
IDT=     ffffffff802151e0 00000fff
CR0=80000011 CR2=0000000000000000 CR3=0000000000206000 CR4=00000020
DR0=0000000000000000 DR1=0000000000000000 DR2=0000000000000000 DR3=0000000000000000 
DR6=00000000ffff0ff0 DR7=0000000000000400
CCS=0000000000000044 CCD=fffffffffffffff5 CCO=EFLAGS
EFER=0000000000000500
   205: v=20 e=0000 i=0 cpl=0 IP=0008:ffffffff802000a9 pc=ffffffff802000a9 SP=0010:ffffffff80219370 env->regs[R_EAX]=0000000000000000
RAX=0000000000000000 RBX=000002d000000000 RCX=0000000000000780 RDX=000000000000001a
RSI=0000030000000000 RDI=0000000000000018 RBP=ffffffff80219370 RSP=ffffffff80219370
R8 =0000032000000000 R9 =0000033000000000 R10=0000034000000000 R11=0000035000000000
R12=0000036000000000 R13=0000037000000000 R14=0000038000000000 R15=0000039000000000
RIP=ffffffff802000a9 RFL=00000246 [---Z-P-] CPL=0 II=0 A20=1 SMM=0 HLT=0
ES =0000 0000000000000000 00000000 00201300
CS =0008 0000000000000000 00000000 00209800 DPL=0 CS64 [---]
SS =0010 0000000000000000 00000000 00209300 DPL=0 DS   [-WA]
DS =0000 0000000000000000 00000000 00201300
FS =0000 0000000000000000 00000000 00201300
GS =0000 0000000000000000 00000000 00201300
LDT=0000 0000000000000000 0000ffff 00008200 DPL=0 LDT
TR =0028 ffffffff80215100 00000068 00008900 DPL=0 TSS64-avl
GDT=     ffffffff802043d0 00000037
IDT=     ffffffff802151e0 00000fff
CR0=80000011 CR2=0000000000000000 CR3=0000000000206000 CR4=00000020
DR0=0000000000000000 DR1=0000000000000000 DR2=0000000000000000 DR3=0000000000000000 
DR6=00000000ffff0ff0 DR7=0000000000000400
CCS=0000000000000044 CCD=fffffffffffffff6 CCO=EFLAGS
EFER=0000000000000500
   206: v=20 e=0000 i=0 cpl=0 IP=0008:ffffffff802000a9 pc=ffffffff802000a9 SP=0010:ffffffff80219370 env->regs[R_EAX]=0000000000000000
RAX=0000000000000000 RBX=000002d000000000 RCX=0000000000000780 RDX=000000000000001a
RSI=0000030000000000 RDI=0000000000000018 RBP=ffffffff80219370 RSP=ffffffff80219370
R8 =0000032000000000 R9 =0000033000000000 R10=0000034000000000 R11=0000035000000000
R12=0000036000000000 R13=0000037000000000 R14=0000038000000000 R15=0000039000000000
RIP=ffffffff802000a9 RFL=00000246 [---Z-P-] CPL=0 II=0 A20=1 SMM=0 HLT=0
ES =0000 0000000000000000 00000000 00201300
CS =0008 0000000000000000 00000000 00209800 DPL=0 CS64 [---]
SS =0010 0000000000000000 00000000 00209300 DPL=0 DS   [-WA]
DS =0000 0000000000000000 00000000 00201300
FS =0000 0000000000000000 00000000 00201300
GS =0000 0000000000000000 00000000 00201300
LDT=0000 0000000000000000 0000ffff 00008200 DPL=0 LDT
TR =0028 ffffffff80215100 00000068 00008900 DPL=0 TSS64-avl
GDT=     ffffffff802043d0 00000037
IDT=     ffffffff802151e0 00000fff
CR0=80000011 CR2=0000000000000000 CR3=0000000000206000 CR4=00000020
DR0=0000000000000000 DR1=0000000000000000 DR2=0000000000000000 DR3=0000000000000000 
DR6=00000000ffff0ff0 DR7=0000000000000400
CCS=0000000000000044 CCD=fffffffffffffff7 CCO=EFLAGS
EFER=0000000000000500
   207: v=20 e=0000 i=0 cpl=0 IP=0008:ffffffff802000a9 pc=ffffffff802000a9 SP=0010:ffffffff80219370 env->regs[R_EAX]=0000000000000000
RAX=0000000000000000 RBX=000002d000000000 RCX=0000000000000780 RDX=000000000000001a
RSI=0000030000000000 RDI=0000000000000018 RBP=ffffffff80219370 RSP=ffffffff80219370
R8 =0000032000000000 R9 =0000033000000000 R10=0000034000000000 R11=0000035000000000
R12=0000036000000000 R13=0000037000000000 R14=0000038000000000 R15=0000039000000000
RIP=ffffffff802000a9 RFL=00000246 [---Z-P-] CPL=0 II=0 A20=1 SMM=0 HLT=0
ES =0000 0000000000000000 00000000 00201300
CS =0008 0000000000000000 00000000 00209800 DPL=0 CS64 [---]
SS =0010 0000000000000000 00000000 00209300 DPL=0 DS   [-WA]
DS =0000 0000000000000000 00000000 00201300
FS =0000 0000000000000000 00000000 00201300
GS =0000 0000000000000000 00000000 00201300
LDT=0000 0000000000000000 0000ffff 00008200 DPL=0 LDT
TR =0028 ffffffff80215100 00000068 00008900 DPL=0 TSS64-avl
GDT=     ffffffff802043d0 00000037
IDT=     ffffffff802151e0 00000fff
CR0=80000011 CR2=0000000000000000 CR3=0000000000206000 CR4=00000020
DR0=0000000000000000 DR1=0000000000000000 DR2=0000000000000000 DR3=0000000000000000 
DR6=00000000ffff0ff0 DR7=0000000000000400
CCS=0000000000000044 CCD=fffffffffffffff8 CCO=EFLAGS
EFER=0000000000000500
   208: v=20 e=0000 i=0 cpl=0 IP=0008:ffffffff802000a9 pc=ffffffff802000a9 SP=0010:ffffffff80219370 env->regs[R_EAX]=0000000000000000
RAX=0000000000000000 RBX=000002d000000000 RCX=0000000000000780 RDX=000000000000001a
RSI=0000030000000000 RDI=0000000000000018 RBP=ffffffff80219370 RSP=ffffffff80219370
R8 =0000032000000000 R9 =0000033000000000 R10=0000034000000000 R11=0000035000000000
R12=0000036000000000 R13=0000037000000000 R14=0000038000000000 R15=0000039000000000
RIP=ffffffff802000a9 RFL=00000246 [---Z-P-] CPL=0 II=0 A20=1 SMM=0 HLT=0
ES =0000 0000000000000000 00000000 00201300
CS =0008 0000000000000000 00000000 00209800 DPL=0 CS64 [---]
SS =0010 0000000000000000 00000000 00209300 DPL=0 DS   [-WA]
DS =0000 0000000000000000 00000000 00201300
FS =0000 0000000000000000 00000000 00201300
GS =0000 0000000000000000 00000000 00201300
LDT=0000 0000000000000000 0000ffff 00008200 DPL=0 LDT
TR =0028 ffffffff80215100 00000068 00008900 DPL=0 TSS64-avl
GDT=     ffffffff802043d0 00000037
IDT=     ffffffff802151e0 00000fff
CR0=80000011 CR2=0000000000000000 CR3=0000000000206000 CR4=00000020
DR0=0000000000000000 DR1=0000000000000000 DR2=0000000000000000 DR3=0000000000000000 
DR6=00000000ffff0ff0 DR7=0000000000000400
CCS=0000000000000044 CCD=fffffffffffffff9 CCO=EFLAGS
EFER=0000000000000500
   209: v=20 e=0000 i=0 cpl=0 IP=0008:ffffffff802000a9 pc=ffffffff802000a9 SP=0010:ffffffff80219370 env->regs[R_EAX]=0000000000000000
RAX=0000000000000000 RBX=000002d000000000 RCX=0000000000000780 RDX=000000000000001a
RSI=0000030000000000 RDI=0000000000000018 RBP=ffffffff80219370 RSP=ffffffff80219370
R8 =0000032000000000 R9 =0000033000000000 R10=0000034000000000 R11=0000035000000000
R12=0000036000000000 R13=0000037000000000 R14=0000038000000000 R15=0000039000000000
RIP=ffffffff802000a9 RFL=00000246 [---Z-P-] CPL=0 II=0 A20=1 SMM=0 HLT=0
ES =0000 0000000000000000 00000000 00201300
CS =0008 0000000000000000 00000000 00209800 DPL=0 CS64 [---]
SS =0010 0000000000000000 00000000 00209300 DPL=0 DS   [-WA]
DS =0000 0000000000000000 00000000 00201300
FS =0000 0000000000000000 00000000 00201300
GS =0000 0000000000000000 00000000 00201300
LDT=0000 0000000000000000 0000ffff 00008200 DPL=0 LDT
TR =0028 ffffffff80215100 00000068 00008900 DPL=0 TSS64-avl
GDT=     ffffffff802043d0 00000037
IDT=     ffffffff802151e0 00000fff
CR0=80000011 CR2=0000000000000000 CR3=0000000000206000 CR4=00000020
DR0=0000000000000000 DR1=0000000000000000 DR2=0000000000000000 DR3=0000000000000000 
DR6=00000000ffff0ff0 DR7=0000000000000400
CCS=0000000000000044 CCD=fffffffffffffffa CCO=EFLAGS
EFER=0000000000000500
   210: v=20 e=0000 i=0 cpl=0 IP=0008:ffffffff802000a9 pc=ffffffff802000a9 SP=0010:ffffffff80219370 env->regs[R_EAX]=0000000000000000
RAX=0000000000000000 RBX=000002d000000000 RCX=0000000000000780 RDX=000000000000001a
RSI=0000030000000000 RDI=0000000000000018 RBP=ffffffff80219370 RSP=ffffffff80219370
R8 =0000032000000000 R9 =0000033000000000 R10=0000034000000000 R11=0000035000000000
R12=0000036000000000 R13=0000037000000000 R14=0000038000000000 R15=0000039000000000
RIP=ffffffff802000a9 RFL=00000246 [---Z-P-] CPL=0 II=0 A20=1 SMM=0 HLT=0
ES =0000 0000000000000000 00000000 00201300
CS =0008 0000000000000000 00000000 00209800 DPL=0 CS64 [---]
SS =0010 0000000000000000 00000000 00209300 DPL=0 DS   [-WA]
DS =0000 0000000000000000 00000000 00201300
FS =0000 0000000000000000 00000000 00201300
GS =0000 0000000000000000 00000000 00201300
LDT=0000 0000000000000000 0000ffff 00008200 DPL=0 LDT
TR =0028 ffffffff80215100 00000068 00008900 DPL=0 TSS64-avl
GDT=     ffffffff802043d0 00000037
IDT=     ffffffff802151e0 00000fff
CR0=80000011 CR2=0000000000000000 CR3=0000000000206000 CR4=00000020
DR0=0000000000000000 DR1=0000000000000000 DR2=0000000000000000 DR3=0000000000000000 
DR6=00000000ffff0ff0 DR7=0000000000000400
CCS=0000000000000044 CCD=fffffffffffffffb CCO=EFLAGS
EFER=0000000000000500
   211: v=20 e=0000 i=0 cpl=0 IP=0008:ffffffff802000a9 pc=ffffffff802000a9 SP=0010:ffffffff80219370 env->regs[R_EAX]=0000000000000000
RAX=0000000000000000 RBX=000002d000000000 RCX=0000000000000780 RDX=000000000000001a
RSI=0000030000000000 RDI=0000000000000018 RBP=ffffffff80219370 RSP=ffffffff80219370
R8 =0000032000000000 R9 =0000033000000000 R10=0000034000000000 R11=0000035000000000
R12=0000036000000000 R13=0000037000000000 R14=0000038000000000 R15=0000039000000000
RIP=ffffffff802000a9 RFL=00000246 [---Z-P-] CPL=0 II=0 A20=1 SMM=0 HLT=0
ES =0000 0000000000000000 00000000 00201300
CS =0008 0000000000000000 00000000 00209800 DPL=0 CS64 [---]
SS =0010 0000000000000000 00000000 00209300 DPL=0 DS   [-WA]
DS =0000 0000000000000000 00000000 00201300
FS =0000 0000000000000000 00000000 00201300
GS =0000 0000000000000000 00000000 00201300
LDT=0000 0000000000000000 0000ffff 00008200 DPL=0 LDT
TR =0028 ffffffff80215100 00000068 00008900 DPL=0 TSS64-avl
GDT=     ffffffff802043d0 00000037
IDT=     ffffffff802151e0 00000fff
CR0=80000011 CR2=0000000000000000 CR3=0000000000206000 CR4=00000020
DR0=0000000000000000 DR1=0000000000000000 DR2=0000000000000000 DR3=0000000000000000 
DR6=00000000ffff0ff0 DR7=0000000000000400
CCS=0000000000000044 CCD=fffffffffffffffc CCO=EFLAGS
EFER=0000000000000500
   212: v=20 e=0000 i=0 cpl=0 IP=0008:ffffffff802000a9 pc=ffffffff802000a9 SP=0010:ffffffff80219370 env->regs[R_EAX]=0000000000000000
RAX=0000000000000000 RBX=000002d000000000 RCX=0000000000000780 RDX=000000000000001a
RSI=0000030000000000 RDI=0000000000000018 RBP=ffffffff80219370 RSP=ffffffff80219370
R8 =0000032000000000 R9 =0000033000000000 R10=0000034000000000 R11=0000035000000000
R12=0000036000000000 R13=0000037000000000 R14=0000038000000000 R15=0000039000000000
RIP=ffffffff802000a9 RFL=00000246 [---Z-P-] CPL=0 II=0 A20=1 SMM=0 HLT=0
ES =0000 0000000000000000 00000000 00201300
CS =0008 0000000000000000 00000000 00209800 DPL=0 CS64 [---]
SS =0010 0000000000000000 00000000 00209300 DPL=0 DS   [-WA]
DS =0000 0000000000000000 00000000 00201300
FS =0000 0000000000000000 00000000 00201300
GS =0000 0000000000000000 00000000 00201300
LDT=0000 0000000000000000 0000ffff 00008200 DPL=0 LDT
TR =0028 ffffffff80215100 00000068 00008900 DPL=0 TSS64-avl
GDT=     ffffffff802043d0 00000037
IDT=     ffffffff802151e0 00000fff
CR0=80000011 CR2=0000000000000000 CR3=0000000000206000 CR4=00000020
DR0=0000000000000000 DR1=0000000000000000 DR2=0000000000000000 DR3=0000000000000000 
DR6=00000000ffff0ff0 DR7=0000000000000400
CCS=0000000000000044 CCD=fffffffffffffffd CCO=EFLAGS
EFER=0000000000000500
   213: v=20 e=0000 i=0 cpl=0 IP=0008:ffffffff802000a9 pc=ffffffff802000a9 SP=0010:ffffffff80219370 env->regs[R_EAX]=0000000000000000
RAX=0000000000000000 RBX=000002d000000000 RCX=0000000000000780 RDX=000000000000001a
RSI=0000030000000000 RDI=0000000000000018 RBP=ffffffff80219370 RSP=ffffffff80219370
R8 =0000032000000000 R9 =0000033000000000 R10=0000034000000000 R11=0000035000000000
R12=0000036000000000 R13=0000037000000000 R14=0000038000000000 R15=0000039000000000
RIP=ffffffff802000a9 RFL=00000246 [---Z-P-] CPL=0 II=0 A20=1 SMM=0 HLT=0
ES =0000 0000000000000000 00000000 00201300
CS =0008 0000000000000000 00000000 00209800 DPL=0 CS64 [---]
SS =0010 0000000000000000 00000000 00209300 DPL=0 DS   [-WA]
DS =0000 0000000000000000 00000000 00201300
FS =0000 0000000000000000 00000000 00201300
GS =0000 0000000000000000 00000000 00201300
LDT=0000 0000000000000000 0000ffff 00008200 DPL=0 LDT
TR =0028 ffffffff80215100 00000068 00008900 DPL=0 TSS64-avl
GDT=     ffffffff802043d0 00000037
IDT=     ffffffff802151e0 00000fff
CR0=80000011 CR2=0000000000000000 CR3=0000000000206000 CR4=00000020
DR0=0000000000000000 DR1=0000000000000000 DR2=0000000000000000 DR3=0000000000000000 
DR6=00000000ffff0ff0 DR7=0000000000000400
CCS=0000000000000044 CCD=fffffffffffffffe CCO=EFLAGS
EFER=0000000000000500
   214: v=20 e=0000 i=0 cpl=0 IP=0008:ffffffff802000a9 pc=ffffffff802000a9 SP=0010:ffffffff80219370 env->regs[R_EAX]=0000000000000000
RAX=0000000000000000 RBX=000002d000000000 RCX=0000000000000780 RDX=000000000000001a
RSI=0000030000000000 RDI=0000000000000018 RBP=ffffffff80219370 RSP=ffffffff80219370
R8 =0000032000000000 R9 =0000033000000000 R10=0000034000000000 R11=0000035000000000
R12=0000036000000000 R13=0000037000000000 R14=0000038000000000 R15=0000039000000000
RIP=ffffffff802000a9 RFL=00000246 [---Z-P-] CPL=0 II=0 A20=1 SMM=0 HLT=0
ES =0000 0000000000000000 00000000 00201300
CS =0008 0000000000000000 00000000 00209800 DPL=0 CS64 [---]
SS =0010 0000000000000000 00000000 00209300 DPL=0 DS   [-WA]
DS =0000 0000000000000000 00000000 00201300
FS =0000 0000000000000000 00000000 00201300
GS =0000 0000000000000000 00000000 00201300
LDT=0000 0000000000000000 0000ffff 00008200 DPL=0 LDT
TR =0028 ffffffff80215100 00000068 00008900 DPL=0 TSS64-avl
GDT=     ffffffff802043d0 00000037
IDT=     ffffffff802151e0 00000fff
CR0=80000011 CR2=0000000000000000 CR3=0000000000206000 CR4=00000020
DR0=0000000000000000 DR1=0000000000000000 DR2=0000000000000000 DR3=0000000000000000 
DR6=00000000ffff0ff0 DR7=0000000000000400
CCS=0000000000000044 CCD=ffffffffffffffff CCO=EFLAGS
EFER=0000000000000500
   215: v=20 e=0000 i=0 cpl=0 IP=0008:ffffffff802000a9 pc=ffffffff802000a9 SP=0010:ffffffff80219370 env->regs[R_EAX]=0000000000000000
RAX=0000000000000000 RBX=000002d000000000 RCX=0000000000000780 RDX=000000000000001a
RSI=0000030000000000 RDI=0000000000000018 RBP=ffffffff80219370 RSP=ffffffff80219370
R8 =0000032000000000 R9 =0000033000000000 R10=0000034000000000 R11=0000035000000000
R12=0000036000000000 R13=0000037000000000 R14=0000038000000000 R15=0000039000000000
RIP=ffffffff802000a9 RFL=00000246 [---Z-P-] CPL=0 II=0 A20=1 SMM=0 HLT=0
ES =0000 0000000000000000 00000000 00201300
CS =0008 0000000000000000 00000000 00209800 DPL=0 CS64 [---]
SS =0010 0000000000000000 00000000 00209300 DPL=0 DS   [-WA]
DS =0000 0000000000000000 00000000 00201300
FS =0000 0000000000000000 00000000 00201300
GS =0000 0000000000000000 00000000 00201300
LDT=0000 0000000000000000 0000ffff 00008200 DPL=0 LDT
TR =0028 ffffffff80215100 00000068 00008900 DPL=0 TSS64-avl
GDT=     ffffffff802043d0 00000037
IDT=     ffffffff802151e0 00000fff
CR0=80000011 CR2=0000000000000000 CR3=0000000000206000 CR4=00000020
DR0=0000000000000000 DR1=0000000000000000 DR2=0000000000000000 DR3=0000000000000000 
DR6=00000000ffff0ff0 DR7=0000000000000400
CCS=0000000000000044 CCD=0000000000000000 CCO=EFLAGS
EFER=0000000000000500
   216: v=20 e=0000 i=0 cpl=3 IP=001b:000000000040007c pc=000000000040007c SP=0023:00007fffffffffe8 env->regs[R_EAX]=ffffffff8021822d
RAX=ffffffff8021822d RBX=0000000000000000 RCX=0000000000000780 RDX=0000000000000008
RSI=00007ffffffffff0 RDI=ffffffff8021822d RBP=00007fffffffffe8 RSP=00007fffffffffe8
R8 =0000000000000000 R9 =0000000000000000 R10=0000000000000000 R11=0000000000000000
R12=0000000000000000 R13=0000000000000000 R14=0000000000000000 R15=0000000000000000
RIP=000000000040007c RFL=00000202 [-------] CPL=3 II=0 A20=1 SMM=0 HLT=0
ES =0000 0000000000000000 00000000 00201300
CS =001b 0000000000000000 ffffffff 00affa00 DPL=3 CS64 [-R-]
SS =0023 0000000000000000 ffffffff 008ff200 DPL=3 DS   [-W-]
DS =0000 0000000000000000 00000000 00201300
FS =0000 0000000000000000 00000000 00201300
GS =0000 0000000000000000 00000000 00201300
LDT=0000 0000000000000000 0000ffff 00008200 DPL=0 LDT
TR =0028 ffffffff80215100 00000068 00008900 DPL=0 TSS64-avl
GDT=     ffffffff802043d0 00000037
IDT=     ffffffff802151e0 00000fff
CR0=80000011 CR2=0000000000000000 CR3=0000000000206000 CR4=00000020
DR0=0000000000000000 DR1=0000000000000000 DR2=0000000000000000 DR3=0000000000000000 
DR6=00000000ffff0ff0 DR7=0000000000000400
CCS=0000000000000000 CCD=000000000000000c CCO=EFLAGS
EFER=0000000000000500
   217: v=20 e=0000 i=0 cpl=3 IP=001b:000000000040007c pc=000000000040007c SP=0023:00007fffffffffe8 env->regs[R_EAX]=ffffffff8021822d
RAX=ffffffff8021822d RBX=0000000000000000 RCX=0000000000000780 RDX=0000000000000008
RSI=00007ffffffffff0 RDI=ffffffff8021822d RBP=00007fffffffffe8 RSP=00007fffffffffe8
R8 =0000000000000000 R9 =0000000000000000 R10=0000000000000000 R11=0000000000000000
R12=0000000000000000 R13=0000000000000000 R14=0000000000000000 R15=0000000000000000
RIP=000000000040007c RFL=00000202 [-------] CPL=3 II=0 A20=1 SMM=0 HLT=0
ES =0000 0000000000000000 00000000 00201300
CS =001b 0000000000000000 ffffffff 00affa00 DPL=3 CS64 [-R-]
SS =0023 0000000000000000 ffffffff 008ff200 DPL=3 DS   [-W-]
DS =0000 0000000000000000 00000000 00201300
FS =0000 0000000000000000 00000000 00201300
GS =0000 0000000000000000 00000000 00201300
LDT=0000 0000000000000000 0000ffff 00008200 DPL=0 LDT
TR =0028 ffffffff80215100 00000068 00008900 DPL=0 TSS64-avl
GDT=     ffffffff802043d0 00000037
IDT=     ffffffff802151e0 00000fff
CR0=80000011 CR2=0000000000000000 CR3=0000000000206000 CR4=00000020
DR0=0000000000000000 DR1=0000000000000000 DR2=0000000000000000 DR3=0000000000000000 
DR6=00000000ffff0ff0 DR7=0000000000000400
CCS=0000000000000000 CCD=fffffffffffffff0 CCO=EFLAGS
EFER=0000000000000500
   218: v=20 e=0000 i=0 cpl=3 IP=001b:000000000040007c pc=000000000040007c SP=0023:00007fffffffffe8 env->regs[R_EAX]=ffffffff8021822d
RAX=ffffffff8021822d RBX=0000000000000000 RCX=0000000000000780 RDX=0000000000000008
RSI=00007ffffffffff0 RDI=ffffffff8021822d RBP=00007fffffffffe8 RSP=00007fffffffffe8
R8 =0000000000000000 R9 =0000000000000000 R10=0000000000000000 R11=0000000000000000
R12=0000000000000000 R13=0000000000000000 R14=0000000000000000 R15=0000000000000000
RIP=000000000040007c RFL=00000202 [-------] CPL=3 II=0 A20=1 SMM=0 HLT=0
ES =0000 0000000000000000 00000000 00201300
CS =001b 0000000000000000 ffffffff 00affa00 DPL=3 CS64 [-R-]
SS =0023 0000000000000000 ffffffff 008ff200 DPL=3 DS   [-W-]
DS =0000 0000000000000000 00000000 00201300
FS =0000 0000000000000000 00000000 00201300
GS =0000 0000000000000000 00000000 00201300
LDT=0000 0000000000000000 0000ffff 00008200 DPL=0 LDT
TR =0028 ffffffff80215100 00000068 00008900 DPL=0 TSS64-avl
GDT=     ffffffff802043d0 00000037
IDT=     ffffffff802151e0 00000fff
CR0=80000011 CR2=0000000000000000 CR3=0000000000206000 CR4=00000020
DR0=0000000000000000 DR1=0000000000000000 DR2=0000000000000000 DR3=0000000000000000 
DR6=00000000ffff0ff0 DR7=0000000000000400
CCS=0000000000000000 CCD=fffffffffffffff1 CCO=EFLAGS
EFER=0000000000000500
   219: v=20 e=0000 i=0 cpl=3 IP=001b:000000000040007c pc=000000000040007c SP=0023:00007fffffffffe8 env->regs[R_EAX]=ffffffff8021822d
RAX=ffffffff8021822d RBX=0000000000000000 RCX=0000000000000780 RDX=0000000000000008
RSI=00007ffffffffff0 RDI=ffffffff8021822d RBP=00007fffffffffe8 RSP=00007fffffffffe8
R8 =0000000000000000 R9 =0000000000000000 R10=0000000000000000 R11=0000000000000000
R12=0000000000000000 R13=0000000000000000 R14=0000000000000000 R15=0000000000000000
RIP=000000000040007c RFL=00000202 [-------] CPL=3 II=0 A20=1 SMM=0 HLT=0
ES =0000 0000000000000000 00000000 00201300
CS =001b 0000000000000000 ffffffff 00affa00 DPL=3 CS64 [-R-]
SS =0023 0000000000000000 ffffffff 008ff200 DPL=3 DS   [-W-]
DS =0000 0000000000000000 00000000 00201300
FS =0000 0000000000000000 00000000 00201300
GS =0000 0000000000000000 00000000 00201300
LDT=0000 0000000000000000 0000ffff 00008200 DPL=0 LDT
TR =0028 ffffffff80215100 00000068 00008900 DPL=0 TSS64-avl
GDT=     ffffffff802043d0 00000037
IDT=     ffffffff802151e0 00000fff
CR0=80000011 CR2=0000000000000000 CR3=0000000000206000 CR4=00000020
DR0=0000000000000000 DR1=0000000000000000 DR2=0000000000000000 DR3=0000000000000000 
DR6=00000000ffff0ff0 DR7=0000000000000400
CCS=0000000000000000 CCD=fffffffffffffff2 CCO=EFLAGS
EFER=0000000000000500
   220: v=20 e=0000 i=0 cpl=3 IP=001b:000000000040007c pc=000000000040007c SP=0023:00007fffffffffe8 env->regs[R_EAX]=ffffffff8021822d
RAX=ffffffff8021822d RBX=0000000000000000 RCX=0000000000000780 RDX=0000000000000008
RSI=00007ffffffffff0 RDI=ffffffff8021822d RBP=00007fffffffffe8 RSP=00007fffffffffe8
R8 =0000000000000000 R9 =0000000000000000 R10=0000000000000000 R11=0000000000000000
R12=0000000000000000 R13=0000000000000000 R14=0000000000000000 R15=0000000000000000
RIP=000000000040007c RFL=00000202 [-------] CPL=3 II=0 A20=1 SMM=0 HLT=0
ES =0000 0000000000000000 00000000 00201300
CS =001b 0000000000000000 ffffffff 00affa00 DPL=3 CS64 [-R-]
SS =0023 0000000000000000 ffffffff 008ff200 DPL=3 DS   [-W-]
DS =0000 0000000000000000 00000000 00201300
FS =0000 0000000000000000 00000000 00201300
GS =0000 0000000000000000 00000000 00201300
LDT=0000 0000000000000000 0000ffff 00008200 DPL=0 LDT
TR =0028 ffffffff80215100 00000068 00008900 DPL=0 TSS64-avl
GDT=     ffffffff802043d0 00000037
IDT=     ffffffff802151e0 00000fff
CR0=80000011 CR2=0000000000000000 CR3=0000000000206000 CR4=00000020
DR0=0000000000000000 DR1=0000000000000000 DR2=0000000000000000 DR3=0000000000000000 
DR6=00000000ffff0ff0 DR7=0000000000000400
CCS=0000000000000000 CCD=fffffffffffffff3 CCO=EFLAGS
EFER=0000000000000500
   221: v=20 e=0000 i=0 cpl=3 IP=001b:000000000040007c pc=000000000040007c SP=0023:00007fffffffffe8 env->regs[R_EAX]=ffffffff8021822d
RAX=ffffffff8021822d RBX=0000000000000000 RCX=0000000000000780 RDX=0000000000000008
RSI=00007ffffffffff0 RDI=ffffffff8021822d RBP=00007fffffffffe8 RSP=00007fffffffffe8
R8 =0000000000000000 R9 =0000000000000000 R10=0000000000000000 R11=0000000000000000
R12=0000000000000000 R13=0000000000000000 R14=0000000000000000 R15=0000000000000000
RIP=000000000040007c RFL=00000202 [-------] CPL=3 II=0 A20=1 SMM=0 HLT=0
ES =0000 0000000000000000 00000000 00201300
CS =001b 0000000000000000 ffffffff 00affa00 DPL=3 CS64 [-R-]
SS =0023 0000000000000000 ffffffff 008ff200 DPL=3 DS   [-W-]
DS =0000 0000000000000000 00000000 00201300
FS =0000 0000000000000000 00000000 00201300
GS =0000 0000000000000000 00000000 00201300
LDT=0000 0000000000000000 0000ffff 00008200 DPL=0 LDT
TR =0028 ffffffff80215100 00000068 00008900 DPL=0 TSS64-avl
GDT=     ffffffff802043d0 00000037
IDT=     ffffffff802151e0 00000fff
CR0=80000011 CR2=0000000000000000 CR3=0000000000206000 CR4=00000020
DR0=0000000000000000 DR1=0000000000000000 DR2=0000000000000000 DR3=0000000000000000 
DR6=00000000ffff0ff0 DR7=0000000000000400
CCS=0000000000000000 CCD=fffffffffffffff4 CCO=EFLAGS
EFER=0000000000000500
   222: v=20 e=0000 i=0 cpl=3 IP=001b:000000000040007c pc=000000000040007c SP=0023:00007fffffffffe8 env->regs[R_EAX]=ffffffff8021822d
RAX=ffffffff8021822d RBX=0000000000000000 RCX=0000000000000780 RDX=0000000000000008
RSI=00007ffffffffff0 RDI=ffffffff8021822d RBP=00007fffffffffe8 RSP=00007fffffffffe8
R8 =0000000000000000 R9 =0000000000000000 R10=0000000000000000 R11=0000000000000000
R12=0000000000000000 R13=0000000000000000 R14=0000000000000000 R15=0000000000000000
RIP=000000000040007c RFL=00000202 [-------] CPL=3 II=0 A20=1 SMM=0 HLT=0
ES =0000 0000000000000000 00000000 00201300
CS =001b 0000000000000000 ffffffff 00affa00 DPL=3 CS64 [-R-]
SS =0023 0000000000000000 ffffffff 008ff200 DPL=3 DS   [-W-]
DS =0000 0000000000000000 00000000 00201300
FS =0000 0000000000000000 00000000 00201300
GS =0000 0000000000000000 00000000 00201300
LDT=0000 0000000000000000 0000ffff 00008200 DPL=0 LDT
TR =0028 ffffffff80215100 00000068 00008900 DPL=0 TSS64-avl
GDT=     ffffffff802043d0 00000037
IDT=     ffffffff802151e0 00000fff
CR0=80000011 CR2=0000000000000000 CR3=0000000000206000 CR4=00000020
DR0=0000000000000000 DR1=0000000000000000 DR2=0000000000000000 DR3=0000000000000000 
DR6=00000000ffff0ff0 DR7=0000000000000400
CCS=0000000000000000 CCD=fffffffffffffff5 CCO=EFLAGS
EFER=0000000000000500
   223: v=20 e=0000 i=0 cpl=3 IP=001b:000000000040007c pc=000000000040007c SP=0023:00007fffffffffe8 env->regs[R_EAX]=ffffffff8021822d
RAX=ffffffff8021822d RBX=0000000000000000 RCX=0000000000000780 RDX=0000000000000008
RSI=00007ffffffffff0 RDI=ffffffff8021822d RBP=00007fffffffffe8 RSP=00007fffffffffe8
R8 =0000000000000000 R9 =0000000000000000 R10=0000000000000000 R11=0000000000000000
R12=0000000000000000 R13=0000000000000000 R14=0000000000000000 R15=0000000000000000
RIP=000000000040007c RFL=00000202 [-------] CPL=3 II=0 A20=1 SMM=0 HLT=0
ES =0000 0000000000000000 00000000 00201300
CS =001b 0000000000000000 ffffffff 00affa00 DPL=3 CS64 [-R-]
SS =0023 0000000000000000 ffffffff 008ff200 DPL=3 DS   [-W-]
DS =0000 0000000000000000 00000000 00201300
FS =0000 0000000000000000 00000000 00201300
GS =0000 0000000000000000 00000000 00201300
LDT=0000 0000000000000000 0000ffff 00008200 DPL=0 LDT
TR =0028 ffffffff80215100 00000068 00008900 DPL=0 TSS64-avl
GDT=     ffffffff802043d0 00000037
IDT=     ffffffff802151e0 00000fff
CR0=80000011 CR2=0000000000000000 CR3=0000000000206000 CR4=00000020
DR0=0000000000000000 DR1=0000000000000000 DR2=0000000000000000 DR3=0000000000000000 
DR6=00000000ffff0ff0 DR7=0000000000000400
CCS=0000000000000000 CCD=fffffffffffffff6 CCO=EFLAGS
EFER=0000000000000500
   224: v=20 e=0000 i=0 cpl=3 IP=001b:000000000040007c pc=000000000040007c SP=0023:00007fffffffffe8 env->regs[R_EAX]=ffffffff8021822d
RAX=ffffffff8021822d RBX=0000000000000000 RCX=0000000000000780 RDX=0000000000000008
RSI=00007ffffffffff0 RDI=ffffffff8021822d RBP=00007fffffffffe8 RSP=00007fffffffffe8
R8 =0000000000000000 R9 =0000000000000000 R10=0000000000000000 R11=0000000000000000
R12=0000000000000000 R13=0000000000000000 R14=0000000000000000 R15=0000000000000000
RIP=000000000040007c RFL=00000202 [-------] CPL=3 II=0 A20=1 SMM=0 HLT=0
ES =0000 0000000000000000 00000000 00201300
CS =001b 0000000000000000 ffffffff 00affa00 DPL=3 CS64 [-R-]
SS =0023 0000000000000000 ffffffff 008ff200 DPL=3 DS   [-W-]
DS =0000 0000000000000000 00000000 00201300
FS =0000 0000000000000000 00000000 00201300
GS =0000 0000000000000000 00000000 00201300
LDT=0000 0000000000000000 0000ffff 00008200 DPL=0 LDT
TR =0028 ffffffff80215100 00000068 00008900 DPL=0 TSS64-avl
GDT=     ffffffff802043d0 00000037
IDT=     ffffffff802151e0 00000fff
CR0=80000011 CR2=0000000000000000 CR3=0000000000206000 CR4=00000020
DR0=0000000000000000 DR1=0000000000000000 DR2=0000000000000000 DR3=0000000000000000 
DR6=00000000ffff0ff0 DR7=0000000000000400
CCS=0000000000000000 CCD=fffffffffffffff7 CCO=EFLAGS
EFER=0000000000000500
   225: v=20 e=0000 i=0 cpl=3 IP=001b:000000000040007c pc=000000000040007c SP=0023:00007fffffffffe8 env->regs[R_EAX]=ffffffff8021822d
RAX=ffffffff8021822d RBX=0000000000000000 RCX=0000000000000780 RDX=0000000000000008
RSI=00007ffffffffff0 RDI=ffffffff8021822d RBP=00007fffffffffe8 RSP=00007fffffffffe8
R8 =0000000000000000 R9 =0000000000000000 R10=0000000000000000 R11=0000000000000000
R12=0000000000000000 R13=0000000000000000 R14=0000000000000000 R15=0000000000000000
RIP=000000000040007c RFL=00000202 [-------] CPL=3 II=0 A20=1 SMM=0 HLT=0
ES =0000 0000000000000000 00000000 00201300
CS =001b 0000000000000000 ffffffff 00affa00 DPL=3 CS64 [-R-]
SS =0023 0000000000000000 ffffffff 008ff200 DPL=3 DS   [-W-]
DS =0000 0000000000000000 00000000 00201300
FS =0000 0000000000000000 00000000 00201300
GS =0000 0000000000000000 00000000 00201300
LDT=0000 0000000000000000 0000ffff 00008200 DPL=0 LDT
TR =0028 ffffffff80215100 00000068 00008900 DPL=0 TSS64-avl
GDT=     ffffffff802043d0 00000037
IDT=     ffffffff802151e0 00000fff
CR0=80000011 CR2=0000000000000000 CR3=0000000000206000 CR4=00000020
DR0=0000000000000000 DR1=0000000000000000 DR2=0000000000000000 DR3=0000000000000000 
DR6=00000000ffff0ff0 DR7=0000000000000400
CCS=0000000000000000 CCD=fffffffffffffff8 CCO=EFLAGS
EFER=0000000000000500
   226: v=20 e=0000 i=0 cpl=3 IP=001b:000000000040007c pc=000000000040007c SP=0023:00007fffffffffe8 env->regs[R_EAX]=ffffffff8021822d
RAX=ffffffff8021822d RBX=0000000000000000 RCX=0000000000000780 RDX=0000000000000008
RSI=00007ffffffffff0 RDI=ffffffff8021822d RBP=00007fffffffffe8 RSP=00007fffffffffe8
R8 =0000000000000000 R9 =0000000000000000 R10=0000000000000000 R11=0000000000000000
R12=0000000000000000 R13=0000000000000000 R14=0000000000000000 R15=0000000000000000
RIP=000000000040007c RFL=00000202 [-------] CPL=3 II=0 A20=1 SMM=0 HLT=0
ES =0000 0000000000000000 00000000 00201300
CS =001b 0000000000000000 ffffffff 00affa00 DPL=3 CS64 [-R-]
SS =0023 0000000000000000 ffffffff 008ff200 DPL=3 DS   [-W-]
DS =0000 0000000000000000 00000000 00201300
FS =0000 0000000000000000 00000000 00201300
GS =0000 0000000000000000 00000000 00201300
LDT=0000 0000000000000000 0000ffff 00008200 DPL=0 LDT
TR =0028 ffffffff80215100 00000068 00008900 DPL=0 TSS64-avl
GDT=     ffffffff802043d0 00000037
IDT=     ffffffff802151e0 00000fff
CR0=80000011 CR2=0000000000000000 CR3=0000000000206000 CR4=00000020
DR0=0000000000000000 DR1=0000000000000000 DR2=0000000000000000 DR3=0000000000000000 
DR6=00000000ffff0ff0 DR7=0000000000000400
CCS=0000000000000000 CCD=fffffffffffffff9 CCO=EFLAGS
EFER=0000000000000500
   227: v=20 e=0000 i=0 cpl=3 IP=001b:000000000040007c pc=000000000040007c SP=0023:00007fffffffffe8 env->regs[R_EAX]=ffffffff8021822d
RAX=ffffffff8021822d RBX=0000000000000000 RCX=0000000000000780 RDX=0000000000000008
RSI=00007ffffffffff0 RDI=ffffffff8021822d RBP=00007fffffffffe8 RSP=00007fffffffffe8
R8 =0000000000000000 R9 =0000000000000000 R10=0000000000000000 R11=0000000000000000
R12=0000000000000000 R13=0000000000000000 R14=0000000000000000 R15=0000000000000000
RIP=000000000040007c RFL=00000202 [-------] CPL=3 II=0 A20=1 SMM=0 HLT=0
ES =0000 0000000000000000 00000000 00201300
CS =001b 0000000000000000 ffffffff 00affa00 DPL=3 CS64 [-R-]
SS =0023 0000000000000000 ffffffff 008ff200 DPL=3 DS   [-W-]
DS =0000 0000000000000000 00000000 00201300
FS =0000 0000000000000000 00000000 00201300
GS =0000 0000000000000000 00000000 00201300
LDT=0000 0000000000000000 0000ffff 00008200 DPL=0 LDT
TR =0028 ffffffff80215100 00000068 00008900 DPL=0 TSS64-avl
GDT=     ffffffff802043d0 00000037
IDT=     ffffffff802151e0 00000fff
CR0=80000011 CR2=0000000000000000 CR3=0000000000206000 CR4=00000020
DR0=0000000000000000 DR1=0000000000000000 DR2=0000000000000000 DR3=0000000000000000 
DR6=00000000ffff0ff0 DR7=0000000000000400
CCS=0000000000000000 CCD=fffffffffffffffa CCO=EFLAGS
EFER=0000000000000500
   228: v=20 e=0000 i=0 cpl=3 IP=001b:000000000040007c pc=000000000040007c SP=0023:00007fffffffffe8 env->regs[R_EAX]=ffffffff8021822d
RAX=ffffffff8021822d RBX=0000000000000000 RCX=0000000000000780 RDX=0000000000000008
RSI=00007ffffffffff0 RDI=ffffffff8021822d RBP=00007fffffffffe8 RSP=00007fffffffffe8
R8 =0000000000000000 R9 =0000000000000000 R10=0000000000000000 R11=0000000000000000
R12=0000000000000000 R13=0000000000000000 R14=0000000000000000 R15=0000000000000000
RIP=000000000040007c RFL=00000202 [-------] CPL=3 II=0 A20=1 SMM=0 HLT=0
ES =0000 0000000000000000 00000000 00201300
CS =001b 0000000000000000 ffffffff 00affa00 DPL=3 CS64 [-R-]
SS =0023 0000000000000000 ffffffff 008ff200 DPL=3 DS   [-W-]
DS =0000 0000000000000000 00000000 00201300
FS =0000 0000000000000000 00000000 00201300
GS =0000 0000000000000000 00000000 00201300
LDT=0000 0000000000000000 0000ffff 00008200 DPL=0 LDT
TR =0028 ffffffff80215100 00000068 00008900 DPL=0 TSS64-avl
GDT=     ffffffff802043d0 00000037
IDT=     ffffffff802151e0 00000fff
CR0=80000011 CR2=0000000000000000 CR3=0000000000206000 CR4=00000020
DR0=0000000000000000 DR1=0000000000000000 DR2=0000000000000000 DR3=0000000000000000 
DR6=00000000ffff0ff0 DR7=0000000000000400
CCS=0000000000000000 CCD=fffffffffffffffb CCO=EFLAGS
EFER=0000000000000500
   229: v=20 e=0000 i=0 cpl=3 IP=001b:000000000040007c pc=000000000040007c SP=0023:00007fffffffffe8 env->regs[R_EAX]=ffffffff8021822d
RAX=ffffffff8021822d RBX=0000000000000000 RCX=0000000000000780 RDX=0000000000000008
RSI=00007ffffffffff0 RDI=ffffffff8021822d RBP=00007fffffffffe8 RSP=00007fffffffffe8
R8 =0000000000000000 R9 =0000000000000000 R10=0000000000000000 R11=0000000000000000
R12=0000000000000000 R13=0000000000000000 R14=0000000000000000 R15=0000000000000000
RIP=000000000040007c RFL=00000202 [-------] CPL=3 II=0 A20=1 SMM=0 HLT=0
ES =0000 0000000000000000 00000000 00201300
CS =001b 0000000000000000 ffffffff 00affa00 DPL=3 CS64 [-R-]
SS =0023 0000000000000000 ffffffff 008ff200 DPL=3 DS   [-W-]
DS =0000 0000000000000000 00000000 00201300
FS =0000 0000000000000000 00000000 00201300
GS =0000 0000000000000000 00000000 00201300
LDT=0000 0000000000000000 0000ffff 00008200 DPL=0 LDT
TR =0028 ffffffff80215100 00000068 00008900 DPL=0 TSS64-avl
GDT=     ffffffff802043d0 00000037
IDT=     ffffffff802151e0 00000fff
CR0=80000011 CR2=0000000000000000 CR3=0000000000206000 CR4=00000020
DR0=0000000000000000 DR1=0000000000000000 DR2=0000000000000000 DR3=0000000000000000 
DR6=00000000ffff0ff0 DR7=0000000000000400
CCS=0000000000000000 CCD=fffffffffffffffc CCO=EFLAGS
EFER=0000000000000500
   230: v=20 e=0000 i=0 cpl=3 IP=001b:000000000040007c pc=000000000040007c SP=0023:00007fffffffffe8 env->regs[R_EAX]=ffffffff8021822d
RAX=ffffffff8021822d RBX=0000000000000000 RCX=0000000000000780 RDX=0000000000000008
RSI=00007ffffffffff0 RDI=ffffffff8021822d RBP=00007fffffffffe8 RSP=00007fffffffffe8
R8 =0000000000000000 R9 =0000000000000000 R10=0000000000000000 R11=0000000000000000
R12=0000000000000000 R13=0000000000000000 R14=0000000000000000 R15=0000000000000000
RIP=000000000040007c RFL=00000202 [-------] CPL=3 II=0 A20=1 SMM=0 HLT=0
ES =0000 0000000000000000 00000000 00201300
CS =001b 0000000000000000 ffffffff 00affa00 DPL=3 CS64 [-R-]
SS =0023 0000000000000000 ffffffff 008ff200 DPL=3 DS   [-W-]
DS =0000 0000000000000000 00000000 00201300
FS =0000 0000000000000000 00000000 00201300
GS =0000 0000000000000000 00000000 00201300
LDT=0000 0000000000000000 0000ffff 00008200 DPL=0 LDT
TR =0028 ffffffff80215100 00000068 00008900 DPL=0 TSS64-avl
GDT=     ffffffff802043d0 00000037
IDT=     ffffffff802151e0 00000fff
CR0=80000011 CR2=0000000000000000 CR3=0000000000206000 CR4=00000020
DR0=0000000000000000 DR1=0000000000000000 DR2=0000000000000000 DR3=0000000000000000 
DR6=00000000ffff0ff0 DR7=0000000000000400
CCS=0000000000000000 CCD=fffffffffffffffd CCO=EFLAGS
EFER=0000000000000500
   231: v=20 e=0000 i=0 cpl=3 IP=001b:000000000040007c pc=000000000040007c SP=0023:00007fffffffffe8 env->regs[R_EAX]=ffffffff8021822d
RAX=ffffffff8021822d RBX=0000000000000000 RCX=0000000000000780 RDX=0000000000000008
RSI=00007ffffffffff0 RDI=ffffffff8021822d RBP=00007fffffffffe8 RSP=00007fffffffffe8
R8 =0000000000000000 R9 =0000000000000000 R10=0000000000000000 R11=0000000000000000
R12=0000000000000000 R13=0000000000000000 R14=0000000000000000 R15=0000000000000000
RIP=000000000040007c RFL=00000202 [-------] CPL=3 II=0 A20=1 SMM=0 HLT=0
ES =0000 0000000000000000 00000000 00201300
CS =001b 0000000000000000 ffffffff 00affa00 DPL=3 CS64 [-R-]
SS =0023 0000000000000000 ffffffff 008ff200 DPL=3 DS   [-W-]
DS =0000 0000000000000000 00000000 00201300
FS =0000 0000000000000000 00000000 00201300
GS =0000 0000000000000000 00000000 00201300
LDT=0000 0000000000000000 0000ffff 00008200 DPL=0 LDT
TR =0028 ffffffff80215100 00000068 00008900 DPL=0 TSS64-avl
GDT=     ffffffff802043d0 00000037
IDT=     ffffffff802151e0 00000fff
CR0=80000011 CR2=0000000000000000 CR3=0000000000206000 CR4=00000020
DR0=0000000000000000 DR1=0000000000000000 DR2=0000000000000000 DR3=0000000000000000 
DR6=00000000ffff0ff0 DR7=0000000000000400
CCS=0000000000000000 CCD=fffffffffffffffe CCO=EFLAGS
EFER=0000000000000500
   232: v=20 e=0000 i=0 cpl=3 IP=001b:000000000040007c pc=000000000040007c SP=0023:00007fffffffffe8 env->regs[R_EAX]=ffffffff8021822d
RAX=ffffffff8021822d RBX=0000000000000000 RCX=0000000000000780 RDX=0000000000000008
RSI=00007ffffffffff0 RDI=ffffffff8021822d RBP=00007fffffffffe8 RSP=00007fffffffffe8
R8 =0000000000000000 R9 =0000000000000000 R10=0000000000000000 R11=0000000000000000
R12=0000000000000000 R13=0000000000000000 R14=0000000000000000 R15=0000000000000000
RIP=000000000040007c RFL=00000202 [-------] CPL=3 II=0 A20=1 SMM=0 HLT=0
ES =0000 0000000000000000 00000000 00201300
CS =001b 0000000000000000 ffffffff 00affa00 DPL=3 CS64 [-R-]
SS =0023 0000000000000000 ffffffff 008ff200 DPL=3 DS   [-W-]
DS =0000 0000000000000000 00000000 00201300
FS =0000 0000000000000000 00000000 00201300
GS =0000 0000000000000000 00000000 00201300
LDT=0000 0000000000000000 0000ffff 00008200 DPL=0 LDT
TR =0028 ffffffff80215100 00000068 00008900 DPL=0 TSS64-avl
GDT=     ffffffff802043d0 00000037
IDT=     ffffffff802151e0 00000fff
CR0=80000011 CR2=0000000000000000 CR3=0000000000206000 CR4=00000020
DR0=0000000000000000 DR1=0000000000000000 DR2=0000000000000000 DR3=0000000000000000 
DR6=00000000ffff0ff0 DR7=0000000000000400
CCS=0000000000000000 CCD=ffffffffffffffff CCO=EFLAGS
EFER=0000000000000500
   233: v=20 e=0000 i=0 cpl=3 IP=001b:000000000040007c pc=000000000040007c SP=0023:00007fffffffffe8 env->regs[R_EAX]=ffffffff8021822d
RAX=ffffffff8021822d RBX=0000000000000000 RCX=0000000000000780 RDX=0000000000000008
RSI=00007ffffffffff0 RDI=ffffffff8021822d RBP=00007fffffffffe8 RSP=00007fffffffffe8
R8 =0000000000000000 R9 =0000000000000000 R10=0000000000000000 R11=0000000000000000
R12=0000000000000000 R13=0000000000000000 R14=0000000000000000 R15=0000000000000000
RIP=000000000040007c RFL=00000202 [-------] CPL=3 II=0 A20=1 SMM=0 HLT=0
ES =0000 0000000000000000 00000000 00201300
CS =001b 0000000000000000 ffffffff 00affa00 DPL=3 CS64 [-R-]
SS =0023 0000000000000000 ffffffff 008ff200 DPL=3 DS   [-W-]
DS =0000 0000000000000000 00000000 00201300
FS =0000 0000000000000000 00000000 00201300
GS =0000 0000000000000000 00000000 00201300
LDT=0000 0000000000000000 0000ffff 00008200 DPL=0 LDT
TR =0028 ffffffff80215100 00000068 00008900 DPL=0 TSS64-avl
GDT=     ffffffff802043d0 00000037
IDT=     ffffffff802151e0 00000fff
CR0=80000011 CR2=0000000000000000 CR3=0000000000206000 CR4=00000020
DR0=0000000000000000 DR1=0000000000000000 DR2=0000000000000000 DR3=0000000000000000 
DR6=00000000ffff0ff0 DR7=0000000000000400
CCS=0000000000000000 CCD=0000000000000000 CCO=EFLAGS
EFER=0000000000000500
   234: v=20 e=0000 i=0 cpl=0 IP=0008:ffffffff802000a9 pc=ffffffff802000a9 SP=0010:ffffffff80219370 env->regs[R_EAX]=0000000000000000
RAX=0000000000000000 RBX=000002d000000000 RCX=0000000000000780 RDX=000000000000001a
RSI=0000030000000000 RDI=0000000000000018 RBP=ffffffff80219370 RSP=ffffffff80219370
R8 =0000032000000000 R9 =0000033000000000 R10=0000034000000000 R11=0000035000000000
R12=0000036000000000 R13=0000037000000000 R14=0000038000000000 R15=0000039000000000
RIP=ffffffff802000a9 RFL=00000246 [---Z-P-] CPL=0 II=0 A20=1 SMM=0 HLT=0
ES =0000 0000000000000000 00000000 00201300
CS =0008 0000000000000000 00000000 00209800 DPL=0 CS64 [---]
SS =0010 0000000000000000 00000000 00209300 DPL=0 DS   [-WA]
DS =0000 0000000000000000 00000000 00201300
FS =0000 0000000000000000 00000000 00201300
GS =0000 0000000000000000 00000000 00201300
LDT=0000 0000000000000000 0000ffff 00008200 DPL=0 LDT
TR =0028 ffffffff80215100 00000068 00008900 DPL=0 TSS64-avl
GDT=     ffffffff802043d0 00000037
IDT=     ffffffff802151e0 00000fff
CR0=80000011 CR2=0000000000000000 CR3=0000000000206000 CR4=00000020
DR0=0000000000000000 DR1=0000000000000000 DR2=0000000000000000 DR3=0000000000000000 
DR6=00000000ffff0ff0 DR7=0000000000000400
CCS=0000000000000044 CCD=000000000000000d CCO=EFLAGS
EFER=0000000000000500
   235: v=20 e=0000 i=0 cpl=0 IP=0008:ffffffff802000a9 pc=ffffffff802000a9 SP=0010:ffffffff80219370 env->regs[R_EAX]=0000000000000000
RAX=0000000000000000 RBX=000002d000000000 RCX=0000000000000780 RDX=000000000000001a
RSI=0000030000000000 RDI=0000000000000018 RBP=ffffffff80219370 RSP=ffffffff80219370
R8 =0000032000000000 R9 =0000033000000000 R10=0000034000000000 R11=0000035000000000
R12=0000036000000000 R13=0000037000000000 R14=0000038000000000 R15=0000039000000000
RIP=ffffffff802000a9 RFL=00000246 [---Z-P-] CPL=0 II=0 A20=1 SMM=0 HLT=0
ES =0000 0000000000000000 00000000 00201300
CS =0008 0000000000000000 00000000 00209800 DPL=0 CS64 [---]
SS =0010 0000000000000000 00000000 00209300 DPL=0 DS   [-WA]
DS =0000 0000000000000000 00000000 00201300
FS =0000 0000000000000000 00000000 00201300
GS =0000 0000000000000000 00000000 00201300
LDT=0000 0000000000000000 0000ffff 00008200 DPL=0 LDT
TR =0028 ffffffff80215100 00000068 00008900 DPL=0 TSS64-avl
GDT=     ffffffff802043d0 00000037
IDT=     ffffffff802151e0 00000fff
CR0=80000011 CR2=0000000000000000 CR3=0000000000206000 CR4=00000020
DR0=0000000000000000 DR1=0000000000000000 DR2=0000000000000000 DR3=0000000000000000 
DR6=00000000ffff0ff0 DR7=0000000000000400
CCS=0000000000000044 CCD=fffffffffffffff0 CCO=EFLAGS
EFER=0000000000000500
   236: v=20 e=0000 i=0 cpl=0 IP=0008:ffffffff802000a9 pc=ffffffff802000a9 SP=0010:ffffffff80219370 env->regs[R_EAX]=0000000000000000
RAX=0000000000000000 RBX=000002d000000000 RCX=0000000000000780 RDX=000000000000001a
RSI=0000030000000000 RDI=0000000000000018 RBP=ffffffff80219370 RSP=ffffffff80219370
R8 =0000032000000000 R9 =0000033000000000 R10=0000034000000000 R11=0000035000000000
R12=0000036000000000 R13=0000037000000000 R14=0000038000000000 R15=0000039000000000
RIP=ffffffff802000a9 RFL=00000246 [---Z-P-] CPL=0 II=0 A20=1 SMM=0 HLT=0
ES =0000 0000000000000000 00000000 00201300
CS =0008 0000000000000000 00000000 00209800 DPL=0 CS64 [---]
SS =0010 0000000000000000 00000000 00209300 DPL=0 DS   [-WA]
DS =0000 0000000000000000 00000000 00201300
FS =0000 0000000000000000 00000000 00201300
GS =0000 0000000000000000 00000000 00201300
LDT=0000 0000000000000000 0000ffff 00008200 DPL=0 LDT
TR =0028 ffffffff80215100 00000068 00008900 DPL=0 TSS64-avl
GDT=     ffffffff802043d0 00000037
IDT=     ffffffff802151e0 00000fff
CR0=80000011 CR2=0000000000000000 CR3=0000000000206000 CR4=00000020
DR0=0000000000000000 DR1=0000000000000000 DR2=0000000000000000 DR3=0000000000000000 
DR6=00000000ffff0ff0 DR7=0000000000000400
CCS=0000000000000044 CCD=fffffffffffffff1 CCO=EFLAGS
EFER=0000000000000500
   237: v=20 e=0000 i=0 cpl=0 IP=0008:ffffffff802000a9 pc=ffffffff802000a9 SP=0010:ffffffff80219370 env->regs[R_EAX]=0000000000000000
RAX=0000000000000000 RBX=000002d000000000 RCX=0000000000000780 RDX=000000000000001a
RSI=0000030000000000 RDI=0000000000000018 RBP=ffffffff80219370 RSP=ffffffff80219370
R8 =0000032000000000 R9 =0000033000000000 R10=0000034000000000 R11=0000035000000000
R12=0000036000000000 R13=0000037000000000 R14=0000038000000000 R15=0000039000000000
RIP=ffffffff802000a9 RFL=00000246 [---Z-P-] CPL=0 II=0 A20=1 SMM=0 HLT=0
ES =0000 0000000000000000 00000000 00201300
CS =0008 0000000000000000 00000000 00209800 DPL=0 CS64 [---]
SS =0010 0000000000000000 00000000 00209300 DPL=0 DS   [-WA]
DS =0000 0000000000000000 00000000 00201300
FS =0000 0000000000000000 00000000 00201300
GS =0000 0000000000000000 00000000 00201300
LDT=0000 0000000000000000 0000ffff 00008200 DPL=0 LDT
TR =0028 ffffffff80215100 00000068 00008900 DPL=0 TSS64-avl
GDT=     ffffffff802043d0 00000037
IDT=     ffffffff802151e0 00000fff
CR0=80000011 CR2=0000000000000000 CR3=0000000000206000 CR4=00000020
DR0=0000000000000000 DR1=0000000000000000 DR2=0000000000000000 DR3=0000000000000000 
DR6=00000000ffff0ff0 DR7=0000000000000400
CCS=0000000000000044 CCD=fffffffffffffff2 CCO=EFLAGS
EFER=0000000000000500
   238: v=20 e=0000 i=0 cpl=0 IP=0008:ffffffff802000a9 pc=ffffffff802000a9 SP=0010:ffffffff80219370 env->regs[R_EAX]=0000000000000000
RAX=0000000000000000 RBX=000002d000000000 RCX=0000000000000780 RDX=000000000000001a
RSI=0000030000000000 RDI=0000000000000018 RBP=ffffffff80219370 RSP=ffffffff80219370
R8 =0000032000000000 R9 =0000033000000000 R10=0000034000000000 R11=0000035000000000
R12=0000036000000000 R13=0000037000000000 R14=0000038000000000 R15=0000039000000000
RIP=ffffffff802000a9 RFL=00000246 [---Z-P-] CPL=0 II=0 A20=1 SMM=0 HLT=0
ES =0000 0000000000000000 00000000 00201300
CS =0008 0000000000000000 00000000 00209800 DPL=0 CS64 [---]
SS =0010 0000000000000000 00000000 00209300 DPL=0 DS   [-WA]
DS =0000 0000000000000000 00000000 00201300
FS =0000 0000000000000000 00000000 00201300
GS =0000 0000000000000000 00000000 00201300
LDT=0000 0000000000000000 0000ffff 00008200 DPL=0 LDT
TR =0028 ffffffff80215100 00000068 00008900 DPL=0 TSS64-avl
GDT=     ffffffff802043d0 00000037
IDT=     ffffffff802151e0 00000fff
CR0=80000011 CR2=0000000000000000 CR3=0000000000206000 CR4=00000020
DR0=0000000000000000 DR1=0000000000000000 DR2=0000000000000000 DR3=0000000000000000 
DR6=00000000ffff0ff0 DR7=0000000000000400
CCS=0000000000000044 CCD=fffffffffffffff3 CCO=EFLAGS
EFER=0000000000000500
   239: v=20 e=0000 i=0 cpl=0 IP=0008:ffffffff802000a9 pc=ffffffff802000a9 SP=0010:ffffffff80219370 env->regs[R_EAX]=0000000000000000
RAX=0000000000000000 RBX=000002d000000000 RCX=0000000000000780 RDX=000000000000001a
RSI=0000030000000000 RDI=0000000000000018 RBP=ffffffff80219370 RSP=ffffffff80219370
R8 =0000032000000000 R9 =0000033000000000 R10=0000034000000000 R11=0000035000000000
R12=0000036000000000 R13=0000037000000000 R14=0000038000000000 R15=0000039000000000
RIP=ffffffff802000a9 RFL=00000246 [---Z-P-] CPL=0 II=0 A20=1 SMM=0 HLT=0
ES =0000 0000000000000000 00000000 00201300
CS =0008 0000000000000000 00000000 00209800 DPL=0 CS64 [---]
SS =0010 0000000000000000 00000000 00209300 DPL=0 DS   [-WA]
DS =0000 0000000000000000 00000000 00201300
FS =0000 0000000000000000 00000000 00201300
GS =0000 0000000000000000 00000000 00201300
LDT=0000 0000000000000000 0000ffff 00008200 DPL=0 LDT
TR =0028 ffffffff80215100 00000068 00008900 DPL=0 TSS64-avl
GDT=     ffffffff802043d0 00000037
IDT=     ffffffff802151e0 00000fff
CR0=80000011 CR2=0000000000000000 CR3=0000000000206000 CR4=00000020
DR0=0000000000000000 DR1=0000000000000000 DR2=0000000000000000 DR3=0000000000000000 
DR6=00000000ffff0ff0 DR7=0000000000000400
CCS=0000000000000044 CCD=fffffffffffffff4 CCO=EFLAGS
EFER=0000000000000500
   240: v=20 e=0000 i=0 cpl=0 IP=0008:ffffffff802000a9 pc=ffffffff802000a9 SP=0010:ffffffff80219370 env->regs[R_EAX]=0000000000000000
RAX=0000000000000000 RBX=000002d000000000 RCX=0000000000000780 RDX=000000000000001a
RSI=0000030000000000 RDI=0000000000000018 RBP=ffffffff80219370 RSP=ffffffff80219370
R8 =0000032000000000 R9 =0000033000000000 R10=0000034000000000 R11=0000035000000000
R12=0000036000000000 R13=0000037000000000 R14=0000038000000000 R15=0000039000000000
RIP=ffffffff802000a9 RFL=00000246 [---Z-P-] CPL=0 II=0 A20=1 SMM=0 HLT=0
ES =0000 0000000000000000 00000000 00201300
CS =0008 0000000000000000 00000000 00209800 DPL=0 CS64 [---]
SS =0010 0000000000000000 00000000 00209300 DPL=0 DS   [-WA]
DS =0000 0000000000000000 00000000 00201300
FS =0000 0000000000000000 00000000 00201300
GS =0000 0000000000000000 00000000 00201300
LDT=0000 0000000000000000 0000ffff 00008200 DPL=0 LDT
TR =0028 ffffffff80215100 00000068 00008900 DPL=0 TSS64-avl
GDT=     ffffffff802043d0 00000037
IDT=     ffffffff802151e0 00000fff
CR0=80000011 CR2=0000000000000000 CR3=0000000000206000 CR4=00000020
DR0=0000000000000000 DR1=0000000000000000 DR2=0000000000000000 DR3=0000000000000000 
DR6=00000000ffff0ff0 DR7=0000000000000400
CCS=0000000000000044 CCD=fffffffffffffff5 CCO=EFLAGS
EFER=0000000000000500
   241: v=20 e=0000 i=0 cpl=0 IP=0008:ffffffff802000a9 pc=ffffffff802000a9 SP=0010:ffffffff80219370 env->regs[R_EAX]=0000000000000000
RAX=0000000000000000 RBX=000002d000000000 RCX=0000000000000780 RDX=000000000000001a
RSI=0000030000000000 RDI=0000000000000018 RBP=ffffffff80219370 RSP=ffffffff80219370
R8 =0000032000000000 R9 =0000033000000000 R10=0000034000000000 R11=0000035000000000
R12=0000036000000000 R13=0000037000000000 R14=0000038000000000 R15=0000039000000000
RIP=ffffffff802000a9 RFL=00000246 [---Z-P-] CPL=0 II=0 A20=1 SMM=0 HLT=0
ES =0000 0000000000000000 00000000 00201300
CS =0008 0000000000000000 00000000 00209800 DPL=0 CS64 [---]
SS =0010 0000000000000000 00000000 00209300 DPL=0 DS   [-WA]
DS =0000 0000000000000000 00000000 00201300
FS =0000 0000000000000000 00000000 00201300
GS =0000 0000000000000000 00000000 00201300
LDT=0000 0000000000000000 0000ffff 00008200 DPL=0 LDT
TR =0028 ffffffff80215100 00000068 00008900 DPL=0 TSS64-avl
GDT=     ffffffff802043d0 00000037
IDT=     ffffffff802151e0 00000fff
CR0=80000011 CR2=0000000000000000 CR3=0000000000206000 CR4=00000020
DR0=0000000000000000 DR1=0000000000000000 DR2=0000000000000000 DR3=0000000000000000 
DR6=00000000ffff0ff0 DR7=0000000000000400
CCS=0000000000000044 CCD=fffffffffffffff6 CCO=EFLAGS
EFER=0000000000000500
   242: v=20 e=0000 i=0 cpl=0 IP=0008:ffffffff802000a9 pc=ffffffff802000a9 SP=0010:ffffffff80219370 env->regs[R_EAX]=0000000000000000
RAX=0000000000000000 RBX=000002d000000000 RCX=0000000000000780 RDX=000000000000001a
RSI=0000030000000000 RDI=0000000000000018 RBP=ffffffff80219370 RSP=ffffffff80219370
R8 =0000032000000000 R9 =0000033000000000 R10=0000034000000000 R11=0000035000000000
R12=0000036000000000 R13=0000037000000000 R14=0000038000000000 R15=0000039000000000
RIP=ffffffff802000a9 RFL=00000246 [---Z-P-] CPL=0 II=0 A20=1 SMM=0 HLT=0
ES =0000 0000000000000000 00000000 00201300
CS =0008 0000000000000000 00000000 00209800 DPL=0 CS64 [---]
SS =0010 0000000000000000 00000000 00209300 DPL=0 DS   [-WA]
DS =0000 0000000000000000 00000000 00201300
FS =0000 0000000000000000 00000000 00201300
GS =0000 0000000000000000 00000000 00201300
LDT=0000 0000000000000000 0000ffff 00008200 DPL=0 LDT
TR =0028 ffffffff80215100 00000068 00008900 DPL=0 TSS64-avl
GDT=     ffffffff802043d0 00000037
IDT=     ffffffff802151e0 00000fff
CR0=80000011 CR2=0000000000000000 CR3=0000000000206000 CR4=00000020
DR0=0000000000000000 DR1=0000000000000000 DR2=0000000000000000 DR3=0000000000000000 
DR6=00000000ffff0ff0 DR7=0000000000000400
CCS=0000000000000044 CCD=fffffffffffffff7 CCO=EFLAGS
EFER=0000000000000500
   243: v=20 e=0000 i=0 cpl=0 IP=0008:ffffffff802000a9 pc=ffffffff802000a9 SP=0010:ffffffff80219370 env->regs[R_EAX]=0000000000000000
RAX=0000000000000000 RBX=000002d000000000 RCX=0000000000000780 RDX=000000000000001a
RSI=0000030000000000 RDI=0000000000000018 RBP=ffffffff80219370 RSP=ffffffff80219370
R8 =0000032000000000 R9 =0000033000000000 R10=0000034000000000 R11=0000035000000000
R12=0000036000000000 R13=0000037000000000 R14=0000038000000000 R15=0000039000000000
RIP=ffffffff802000a9 RFL=00000246 [---Z-P-] CPL=0 II=0 A20=1 SMM=0 HLT=0
ES =0000 0000000000000000 00000000 00201300
CS =0008 0000000000000000 00000000 00209800 DPL=0 CS64 [---]
SS =0010 0000000000000000 00000000 00209300 DPL=0 DS   [-WA]
DS =0000 0000000000000000 00000000 00201300
FS =0000 0000000000000000 00000000 00201300
GS =0000 0000000000000000 00000000 00201300
LDT=0000 0000000000000000 0000ffff 00008200 DPL=0 LDT
TR =0028 ffffffff80215100 00000068 00008900 DPL=0 TSS64-avl
GDT=     ffffffff802043d0 00000037
IDT=     ffffffff802151e0 00000fff
CR0=80000011 CR2=0000000000000000 CR3=0000000000206000 CR4=00000020
DR0=0000000000000000 DR1=0000000000000000 DR2=0000000000000000 DR3=0000000000000000 
DR6=00000000ffff0ff0 DR7=0000000000000400
CCS=0000000000000044 CCD=fffffffffffffff8 CCO=EFLAGS
EFER=0000000000000500
   244: v=20 e=0000 i=0 cpl=0 IP=0008:ffffffff802000a9 pc=ffffffff802000a9 SP=0010:ffffffff80219370 env->regs[R_EAX]=0000000000000000
RAX=0000000000000000 RBX=000002d000000000 RCX=0000000000000780 RDX=000000000000001a
RSI=0000030000000000 RDI=0000000000000018 RBP=ffffffff80219370 RSP=ffffffff80219370
R8 =0000032000000000 R9 =0000033000000000 R10=0000034000000000 R11=0000035000000000
R12=0000036000000000 R13=0000037000000000 R14=0000038000000000 R15=0000039000000000
RIP=ffffffff802000a9 RFL=00000246 [---Z-P-] CPL=0 II=0 A20=1 SMM=0 HLT=0
ES =0000 0000000000000000 00000000 00201300
CS =0008 0000000000000000 00000000 00209800 DPL=0 CS64 [---]
SS =0010 0000000000000000 00000000 00209300 DPL=0 DS   [-WA]
DS =0000 0000000000000000 00000000 00201300
FS =0000 0000000000000000 00000000 00201300
GS =0000 0000000000000000 00000000 00201300
LDT=0000 0000000000000000 0000ffff 00008200 DPL=0 LDT
TR =0028 ffffffff80215100 00000068 00008900 DPL=0 TSS64-avl
GDT=     ffffffff802043d0 00000037
IDT=     ffffffff802151e0 00000fff
CR0=80000011 CR2=0000000000000000 CR3=0000000000206000 CR4=00000020
DR0=0000000000000000 DR1=0000000000000000 DR2=0000000000000000 DR3=0000000000000000 
DR6=00000000ffff0ff0 DR7=0000000000000400
CCS=0000000000000044 CCD=fffffffffffffff9 CCO=EFLAGS
EFER=0000000000000500
   245: v=20 e=0000 i=0 cpl=0 IP=0008:ffffffff802000a9 pc=ffffffff802000a9 SP=0010:ffffffff80219370 env->regs[R_EAX]=0000000000000000
RAX=0000000000000000 RBX=000002d000000000 RCX=0000000000000780 RDX=000000000000001a
RSI=0000030000000000 RDI=0000000000000018 RBP=ffffffff80219370 RSP=ffffffff80219370
R8 =0000032000000000 R9 =0000033000000000 R10=0000034000000000 R11=0000035000000000
R12=0000036000000000 R13=0000037000000000 R14=0000038000000000 R15=0000039000000000
RIP=ffffffff802000a9 RFL=00000246 [---Z-P-] CPL=0 II=0 A20=1 SMM=0 HLT=0
ES =0000 0000000000000000 00000000 00201300
CS =0008 0000000000000000 00000000 00209800 DPL=0 CS64 [---]
SS =0010 0000000000000000 00000000 00209300 DPL=0 DS   [-WA]
DS =0000 0000000000000000 00000000 00201300
FS =0000 0000000000000000 00000000 00201300
GS =0000 0000000000000000 00000000 00201300
LDT=0000 0000000000000000 0000ffff 00008200 DPL=0 LDT
TR =0028 ffffffff80215100 00000068 00008900 DPL=0 TSS64-avl
GDT=     ffffffff802043d0 00000037
IDT=     ffffffff802151e0 00000fff
CR0=80000011 CR2=0000000000000000 CR3=0000000000206000 CR4=00000020
DR0=0000000000000000 DR1=0000000000000000 DR2=0000000000000000 DR3=0000000000000000 
DR6=00000000ffff0ff0 DR7=0000000000000400
CCS=0000000000000044 CCD=fffffffffffffffa CCO=EFLAGS
EFER=0000000000000500
   246: v=20 e=0000 i=0 cpl=0 IP=0008:ffffffff802000a9 pc=ffffffff802000a9 SP=0010:ffffffff80219370 env->regs[R_EAX]=0000000000000000
RAX=0000000000000000 RBX=000002d000000000 RCX=0000000000000780 RDX=000000000000001a
RSI=0000030000000000 RDI=0000000000000018 RBP=ffffffff80219370 RSP=ffffffff80219370
R8 =0000032000000000 R9 =0000033000000000 R10=0000034000000000 R11=0000035000000000
R12=0000036000000000 R13=0000037000000000 R14=0000038000000000 R15=0000039000000000
RIP=ffffffff802000a9 RFL=00000246 [---Z-P-] CPL=0 II=0 A20=1 SMM=0 HLT=0
ES =0000 0000000000000000 00000000 00201300
CS =0008 0000000000000000 00000000 00209800 DPL=0 CS64 [---]
SS =0010 0000000000000000 00000000 00209300 DPL=0 DS   [-WA]
DS =0000 0000000000000000 00000000 00201300
FS =0000 0000000000000000 00000000 00201300
GS =0000 0000000000000000 00000000 00201300
LDT=0000 0000000000000000 0000ffff 00008200 DPL=0 LDT
TR =0028 ffffffff80215100 00000068 00008900 DPL=0 TSS64-avl
GDT=     ffffffff802043d0 00000037
IDT=     ffffffff802151e0 00000fff
CR0=80000011 CR2=0000000000000000 CR3=0000000000206000 CR4=00000020
DR0=0000000000000000 DR1=0000000000000000 DR2=0000000000000000 DR3=0000000000000000 
DR6=00000000ffff0ff0 DR7=0000000000000400
CCS=0000000000000044 CCD=fffffffffffffffb CCO=EFLAGS
EFER=0000000000000500
   247: v=20 e=0000 i=0 cpl=0 IP=0008:ffffffff802000a9 pc=ffffffff802000a9 SP=0010:ffffffff80219370 env->regs[R_EAX]=0000000000000000
RAX=0000000000000000 RBX=000002d000000000 RCX=0000000000000780 RDX=000000000000001a
RSI=0000030000000000 RDI=0000000000000018 RBP=ffffffff80219370 RSP=ffffffff80219370
R8 =0000032000000000 R9 =0000033000000000 R10=0000034000000000 R11=0000035000000000
R12=0000036000000000 R13=0000037000000000 R14=0000038000000000 R15=0000039000000000
RIP=ffffffff802000a9 RFL=00000246 [---Z-P-] CPL=0 II=0 A20=1 SMM=0 HLT=0
ES =0000 0000000000000000 00000000 00201300
CS =0008 0000000000000000 00000000 00209800 DPL=0 CS64 [---]
SS =0010 0000000000000000 00000000 00209300 DPL=0 DS   [-WA]
DS =0000 0000000000000000 00000000 00201300
FS =0000 0000000000000000 00000000 00201300
GS =0000 0000000000000000 00000000 00201300
LDT=0000 0000000000000000 0000ffff 00008200 DPL=0 LDT
TR =0028 ffffffff80215100 00000068 00008900 DPL=0 TSS64-avl
GDT=     ffffffff802043d0 00000037
IDT=     ffffffff802151e0 00000fff
CR0=80000011 CR2=0000000000000000 CR3=0000000000206000 CR4=00000020
DR0=0000000000000000 DR1=0000000000000000 DR2=0000000000000000 DR3=0000000000000000 
DR6=00000000ffff0ff0 DR7=0000000000000400
CCS=0000000000000044 CCD=fffffffffffffffc CCO=EFLAGS
EFER=0000000000000500
   248: v=20 e=0000 i=0 cpl=0 IP=0008:ffffffff802000a9 pc=ffffffff802000a9 SP=0010:ffffffff80219370 env->regs[R_EAX]=0000000000000000
RAX=0000000000000000 RBX=000002d000000000 RCX=0000000000000780 RDX=000000000000001a
RSI=0000030000000000 RDI=0000000000000018 RBP=ffffffff80219370 RSP=ffffffff80219370
R8 =0000032000000000 R9 =0000033000000000 R10=0000034000000000 R11=0000035000000000
R12=0000036000000000 R13=0000037000000000 R14=0000038000000000 R15=0000039000000000
RIP=ffffffff802000a9 RFL=00000246 [---Z-P-] CPL=0 II=0 A20=1 SMM=0 HLT=0
ES =0000 0000000000000000 00000000 00201300
CS =0008 0000000000000000 00000000 00209800 DPL=0 CS64 [---]
SS =0010 0000000000000000 00000000 00209300 DPL=0 DS   [-WA]
DS =0000 0000000000000000 00000000 00201300
FS =0000 0000000000000000 00000000 00201300
GS =0000 0000000000000000 00000000 00201300
LDT=0000 0000000000000000 0000ffff 00008200 DPL=0 LDT
TR =0028 ffffffff80215100 00000068 00008900 DPL=0 TSS64-avl
GDT=     ffffffff802043d0 00000037
IDT=     ffffffff802151e0 00000fff
CR0=80000011 CR2=0000000000000000 CR3=0000000000206000 CR4=00000020
DR0=0000000000000000 DR1=0000000000000000 DR2=0000000000000000 DR3=0000000000000000 
DR6=00000000ffff0ff0 DR7=0000000000000400
CCS=0000000000000044 CCD=fffffffffffffffd CCO=EFLAGS
EFER=0000000000000500
   249: v=20 e=0000 i=0 cpl=0 IP=0008:ffffffff802000a9 pc=ffffffff802000a9 SP=0010:ffffffff80219370 env->regs[R_EAX]=0000000000000000
RAX=0000000000000000 RBX=000002d000000000 RCX=0000000000000780 RDX=000000000000001a
RSI=0000030000000000 RDI=0000000000000018 RBP=ffffffff80219370 RSP=ffffffff80219370
R8 =0000032000000000 R9 =0000033000000000 R10=0000034000000000 R11=0000035000000000
R12=0000036000000000 R13=0000037000000000 R14=0000038000000000 R15=0000039000000000
RIP=ffffffff802000a9 RFL=00000246 [---Z-P-] CPL=0 II=0 A20=1 SMM=0 HLT=0
ES =0000 0000000000000000 00000000 00201300
CS =0008 0000000000000000 00000000 00209800 DPL=0 CS64 [---]
SS =0010 0000000000000000 00000000 00209300 DPL=0 DS   [-WA]
DS =0000 0000000000000000 00000000 00201300
FS =0000 0000000000000000 00000000 00201300
GS =0000 0000000000000000 00000000 00201300
LDT=0000 0000000000000000 0000ffff 00008200 DPL=0 LDT
TR =0028 ffffffff80215100 00000068 00008900 DPL=0 TSS64-avl
GDT=     ffffffff802043d0 00000037
IDT=     ffffffff802151e0 00000fff
CR0=80000011 CR2=0000000000000000 CR3=0000000000206000 CR4=00000020
DR0=0000000000000000 DR1=0000000000000000 DR2=0000000000000000 DR3=0000000000000000 
DR6=00000000ffff0ff0 DR7=0000000000000400
CCS=0000000000000044 CCD=fffffffffffffffe CCO=EFLAGS
EFER=0000000000000500
   250: v=20 e=0000 i=0 cpl=0 IP=0008:ffffffff802000a9 pc=ffffffff802000a9 SP=0010:ffffffff80219370 env->regs[R_EAX]=0000000000000000
RAX=0000000000000000 RBX=000002d000000000 RCX=0000000000000780 RDX=000000000000001a
RSI=0000030000000000 RDI=0000000000000018 RBP=ffffffff80219370 RSP=ffffffff80219370
R8 =0000032000000000 R9 =0000033000000000 R10=0000034000000000 R11=0000035000000000
R12=0000036000000000 R13=0000037000000000 R14=0000038000000000 R15=0000039000000000
RIP=ffffffff802000a9 RFL=00000246 [---Z-P-] CPL=0 II=0 A20=1 SMM=0 HLT=0
ES =0000 0000000000000000 00000000 00201300
CS =0008 0000000000000000 00000000 00209800 DPL=0 CS64 [---]
SS =0010 0000000000000000 00000000 00209300 DPL=0 DS   [-WA]
DS =0000 0000000000000000 00000000 00201300
FS =0000 0000000000000000 00000000 00201300
GS =0000 0000000000000000 00000000 00201300
LDT=0000 0000000000000000 0000ffff 00008200 DPL=0 LDT
TR =0028 ffffffff80215100 00000068 00008900 DPL=0 TSS64-avl
GDT=     ffffffff802043d0 00000037
IDT=     ffffffff802151e0 00000fff
CR0=80000011 CR2=0000000000000000 CR3=0000000000206000 CR4=00000020
DR0=0000000000000000 DR1=0000000000000000 DR2=0000000000000000 DR3=0000000000000000 
DR6=00000000ffff0ff0 DR7=0000000000000400
CCS=0000000000000044 CCD=ffffffffffffffff CCO=EFLAGS
EFER=0000000000000500
   251: v=20 e=0000 i=0 cpl=0 IP=0008:ffffffff802000a9 pc=ffffffff802000a9 SP=0010:ffffffff80219370 env->regs[R_EAX]=0000000000000000
RAX=0000000000000000 RBX=000002d000000000 RCX=0000000000000780 RDX=000000000000001a
RSI=0000030000000000 RDI=0000000000000018 RBP=ffffffff80219370 RSP=ffffffff80219370
R8 =0000032000000000 R9 =0000033000000000 R10=0000034000000000 R11=0000035000000000
R12=0000036000000000 R13=0000037000000000 R14=0000038000000000 R15=0000039000000000
RIP=ffffffff802000a9 RFL=00000246 [---Z-P-] CPL=0 II=0 A20=1 SMM=0 HLT=0
ES =0000 0000000000000000 00000000 00201300
CS =0008 0000000000000000 00000000 00209800 DPL=0 CS64 [---]
SS =0010 0000000000000000 00000000 00209300 DPL=0 DS   [-WA]
DS =0000 0000000000000000 00000000 00201300
FS =0000 0000000000000000 00000000 00201300
GS =0000 0000000000000000 00000000 00201300
LDT=0000 0000000000000000 0000ffff 00008200 DPL=0 LDT
TR =0028 ffffffff80215100 00000068 00008900 DPL=0 TSS64-avl
GDT=     ffffffff802043d0 00000037
IDT=     ffffffff802151e0 00000fff
CR0=80000011 CR2=0000000000000000 CR3=0000000000206000 CR4=00000020
DR0=0000000000000000 DR1=0000000000000000 DR2=0000000000000000 DR3=0000000000000000 
DR6=00000000ffff0ff0 DR7=0000000000000400
CCS=0000000000000044 CCD=0000000000000000 CCO=EFLAGS
EFER=0000000000000500
   252: v=20 e=0000 i=0 cpl=3 IP=001b:000000000040007c pc=000000000040007c SP=0023:00007fffffffffe8 env->regs[R_EAX]=ffffffff8021822d
RAX=ffffffff8021822d RBX=0000000000000000 RCX=0000000000000780 RDX=0000000000000008
RSI=00007ffffffffff0 RDI=ffffffff8021822d RBP=00007fffffffffe8 RSP=00007fffffffffe8
R8 =0000000000000000 R9 =0000000000000000 R10=0000000000000000 R11=0000000000000000
R12=0000000000000000 R13=0000000000000000 R14=0000000000000000 R15=0000000000000000
RIP=000000000040007c RFL=00000202 [-------] CPL=3 II=0 A20=1 SMM=0 HLT=0
ES =0000 0000000000000000 00000000 00201300
CS =001b 0000000000000000 ffffffff 00affa00 DPL=3 CS64 [-R-]
SS =0023 0000000000000000 ffffffff 008ff200 DPL=3 DS   [-W-]
DS =0000 0000000000000000 00000000 00201300
FS =0000 0000000000000000 00000000 00201300
GS =0000 0000000000000000 00000000 00201300
LDT=0000 0000000000000000 0000ffff 00008200 DPL=0 LDT
TR =0028 ffffffff80215100 00000068 00008900 DPL=0 TSS64-avl
GDT=     ffffffff802043d0 00000037
IDT=     ffffffff802151e0 00000fff
CR0=80000011 CR2=0000000000000000 CR3=0000000000206000 CR4=00000020
DR0=0000000000000000 DR1=0000000000000000 DR2=0000000000000000 DR3=0000000000000000 
DR6=00000000ffff0ff0 DR7=0000000000000400
CCS=0000000000000000 CCD=000000000000000e CCO=EFLAGS
EFER=0000000000000500
   253: v=20 e=0000 i=0 cpl=3 IP=001b:000000000040007c pc=000000000040007c SP=0023:00007fffffffffe8 env->regs[R_EAX]=ffffffff8021822d
RAX=ffffffff8021822d RBX=0000000000000000 RCX=0000000000000780 RDX=0000000000000008
RSI=00007ffffffffff0 RDI=ffffffff8021822d RBP=00007fffffffffe8 RSP=00007fffffffffe8
R8 =0000000000000000 R9 =0000000000000000 R10=0000000000000000 R11=0000000000000000
R12=0000000000000000 R13=0000000000000000 R14=0000000000000000 R15=0000000000000000
RIP=000000000040007c RFL=00000202 [-------] CPL=3 II=0 A20=1 SMM=0 HLT=0
ES =0000 0000000000000000 00000000 00201300
CS =001b 0000000000000000 ffffffff 00affa00 DPL=3 CS64 [-R-]
SS =0023 0000000000000000 ffffffff 008ff200 DPL=3 DS   [-W-]
DS =0000 0000000000000000 00000000 00201300
FS =0000 0000000000000000 00000000 00201300
GS =0000 0000000000000000 00000000 00201300
LDT=0000 0000000000000000 0000ffff 00008200 DPL=0 LDT
TR =0028 ffffffff80215100 00000068 00008900 DPL=0 TSS64-avl
GDT=     ffffffff802043d0 00000037
IDT=     ffffffff802151e0 00000fff
CR0=80000011 CR2=0000000000000000 CR3=0000000000206000 CR4=00000020
DR0=0000000000000000 DR1=0000000000000000 DR2=0000000000000000 DR3=0000000000000000 
DR6=00000000ffff0ff0 DR7=0000000000000400
CCS=0000000000000000 CCD=fffffffffffffff0 CCO=EFLAGS
EFER=0000000000000500
   254: v=20 e=0000 i=0 cpl=3 IP=001b:000000000040007c pc=000000000040007c SP=0023:00007fffffffffe8 env->regs[R_EAX]=ffffffff8021822d
RAX=ffffffff8021822d RBX=0000000000000000 RCX=0000000000000780 RDX=0000000000000008
RSI=00007ffffffffff0 RDI=ffffffff8021822d RBP=00007fffffffffe8 RSP=00007fffffffffe8
R8 =0000000000000000 R9 =0000000000000000 R10=0000000000000000 R11=0000000000000000
R12=0000000000000000 R13=0000000000000000 R14=0000000000000000 R15=0000000000000000
RIP=000000000040007c RFL=00000202 [-------] CPL=3 II=0 A20=1 SMM=0 HLT=0
ES =0000 0000000000000000 00000000 00201300
CS =001b 0000000000000000 ffffffff 00affa00 DPL=3 CS64 [-R-]
SS =0023 0000000000000000 ffffffff 008ff200 DPL=3 DS   [-W-]
DS =0000 0000000000000000 00000000 00201300
FS =0000 0000000000000000 00000000 00201300
GS =0000 0000000000000000 00000000 00201300
LDT=0000 0000000000000000 0000ffff 00008200 DPL=0 LDT
TR =0028 ffffffff80215100 00000068 00008900 DPL=0 TSS64-avl
GDT=     ffffffff802043d0 00000037
IDT=     ffffffff802151e0 00000fff
CR0=80000011 CR2=0000000000000000 CR3=0000000000206000 CR4=00000020
DR0=0000000000000000 DR1=0000000000000000 DR2=0000000000000000 DR3=0000000000000000 
DR6=00000000ffff0ff0 DR7=0000000000000400
CCS=0000000000000000 CCD=fffffffffffffff1 CCO=EFLAGS
EFER=0000000000000500
   255: v=20 e=0000 i=0 cpl=3 IP=001b:000000000040007c pc=000000000040007c SP=0023:00007fffffffffe8 env->regs[R_EAX]=ffffffff8021822d
RAX=ffffffff8021822d RBX=0000000000000000 RCX=0000000000000780 RDX=0000000000000008
RSI=00007ffffffffff0 RDI=ffffffff8021822d RBP=00007fffffffffe8 RSP=00007fffffffffe8
R8 =0000000000000000 R9 =0000000000000000 R10=0000000000000000 R11=0000000000000000
R12=0000000000000000 R13=0000000000000000 R14=0000000000000000 R15=0000000000000000
RIP=000000000040007c RFL=00000202 [-------] CPL=3 II=0 A20=1 SMM=0 HLT=0
ES =0000 0000000000000000 00000000 00201300
CS =001b 0000000000000000 ffffffff 00affa00 DPL=3 CS64 [-R-]
SS =0023 0000000000000000 ffffffff 008ff200 DPL=3 DS   [-W-]
DS =0000 0000000000000000 00000000 00201300
FS =0000 0000000000000000 00000000 00201300
GS =0000 0000000000000000 00000000 00201300
LDT=0000 0000000000000000 0000ffff 00008200 DPL=0 LDT
TR =0028 ffffffff80215100 00000068 00008900 DPL=0 TSS64-avl
GDT=     ffffffff802043d0 00000037
IDT=     ffffffff802151e0 00000fff
CR0=80000011 CR2=0000000000000000 CR3=0000000000206000 CR4=00000020
DR0=0000000000000000 DR1=0000000000000000 DR2=0000000000000000 DR3=0000000000000000 
DR6=00000000ffff0ff0 DR7=0000000000000400
CCS=0000000000000000 CCD=fffffffffffffff2 CCO=EFLAGS
EFER=0000000000000500
   256: v=20 e=0000 i=0 cpl=3 IP=001b:000000000040007c pc=000000000040007c SP=0023:00007fffffffffe8 env->regs[R_EAX]=ffffffff8021822d
RAX=ffffffff8021822d RBX=0000000000000000 RCX=0000000000000780 RDX=0000000000000008
RSI=00007ffffffffff0 RDI=ffffffff8021822d RBP=00007fffffffffe8 RSP=00007fffffffffe8
R8 =0000000000000000 R9 =0000000000000000 R10=0000000000000000 R11=0000000000000000
R12=0000000000000000 R13=0000000000000000 R14=0000000000000000 R15=0000000000000000
RIP=000000000040007c RFL=00000202 [-------] CPL=3 II=0 A20=1 SMM=0 HLT=0
ES =0000 0000000000000000 00000000 00201300
CS =001b 0000000000000000 ffffffff 00affa00 DPL=3 CS64 [-R-]
SS =0023 0000000000000000 ffffffff 008ff200 DPL=3 DS   [-W-]
DS =0000 0000000000000000 00000000 00201300
FS =0000 0000000000000000 00000000 00201300
GS =0000 0000000000000000 00000000 00201300
LDT=0000 0000000000000000 0000ffff 00008200 DPL=0 LDT
TR =0028 ffffffff80215100 00000068 00008900 DPL=0 TSS64-avl
GDT=     ffffffff802043d0 00000037
IDT=     ffffffff802151e0 00000fff
CR0=80000011 CR2=0000000000000000 CR3=0000000000206000 CR4=00000020
DR0=0000000000000000 DR1=0000000000000000 DR2=0000000000000000 DR3=0000000000000000 
DR6=00000000ffff0ff0 DR7=0000000000000400
CCS=0000000000000000 CCD=fffffffffffffff3 CCO=EFLAGS
EFER=0000000000000500
   257: v=20 e=0000 i=0 cpl=3 IP=001b:000000000040007c pc=000000000040007c SP=0023:00007fffffffffe8 env->regs[R_EAX]=ffffffff8021822d
RAX=ffffffff8021822d RBX=0000000000000000 RCX=0000000000000780 RDX=0000000000000008
RSI=00007ffffffffff0 RDI=ffffffff8021822d RBP=00007fffffffffe8 RSP=00007fffffffffe8
R8 =0000000000000000 R9 =0000000000000000 R10=0000000000000000 R11=0000000000000000
R12=0000000000000000 R13=0000000000000000 R14=0000000000000000 R15=0000000000000000
RIP=000000000040007c RFL=00000202 [-------] CPL=3 II=0 A20=1 SMM=0 HLT=0
ES =0000 0000000000000000 00000000 00201300
CS =001b 0000000000000000 ffffffff 00affa00 DPL=3 CS64 [-R-]
SS =0023 0000000000000000 ffffffff 008ff200 DPL=3 DS   [-W-]
DS =0000 0000000000000000 00000000 00201300
FS =0000 0000000000000000 00000000 00201300
GS =0000 0000000000000000 00000000 00201300
LDT=0000 0000000000000000 0000ffff 00008200 DPL=0 LDT
TR =0028 ffffffff80215100 00000068 00008900 DPL=0 TSS64-avl
GDT=     ffffffff802043d0 00000037
IDT=     ffffffff802151e0 00000fff
CR0=80000011 CR2=0000000000000000 CR3=0000000000206000 CR4=00000020
DR0=0000000000000000 DR1=0000000000000000 DR2=0000000000000000 DR3=0000000000000000 
DR6=00000000ffff0ff0 DR7=0000000000000400
CCS=0000000000000000 CCD=fffffffffffffff4 CCO=EFLAGS
EFER=0000000000000500
   258: v=20 e=0000 i=0 cpl=3 IP=001b:000000000040007c pc=000000000040007c SP=0023:00007fffffffffe8 env->regs[R_EAX]=ffffffff8021822d
RAX=ffffffff8021822d RBX=0000000000000000 RCX=0000000000000780 RDX=0000000000000008
RSI=00007ffffffffff0 RDI=ffffffff8021822d RBP=00007fffffffffe8 RSP=00007fffffffffe8
R8 =0000000000000000 R9 =0000000000000000 R10=0000000000000000 R11=0000000000000000
R12=0000000000000000 R13=0000000000000000 R14=0000000000000000 R15=0000000000000000
RIP=000000000040007c RFL=00000202 [-------] CPL=3 II=0 A20=1 SMM=0 HLT=0
ES =0000 0000000000000000 00000000 00201300
CS =001b 0000000000000000 ffffffff 00affa00 DPL=3 CS64 [-R-]
SS =0023 0000000000000000 ffffffff 008ff200 DPL=3 DS   [-W-]
DS =0000 0000000000000000 00000000 00201300
FS =0000 0000000000000000 00000000 00201300
GS =0000 0000000000000000 00000000 00201300
LDT=0000 0000000000000000 0000ffff 00008200 DPL=0 LDT
TR =0028 ffffffff80215100 00000068 00008900 DPL=0 TSS64-avl
GDT=     ffffffff802043d0 00000037
IDT=     ffffffff802151e0 00000fff
CR0=80000011 CR2=0000000000000000 CR3=0000000000206000 CR4=00000020
DR0=0000000000000000 DR1=0000000000000000 DR2=0000000000000000 DR3=0000000000000000 
DR6=00000000ffff0ff0 DR7=0000000000000400
CCS=0000000000000000 CCD=fffffffffffffff5 CCO=EFLAGS
EFER=0000000000000500
   259: v=20 e=0000 i=0 cpl=3 IP=001b:000000000040007c pc=000000000040007c SP=0023:00007fffffffffe8 env->regs[R_EAX]=ffffffff8021822d
RAX=ffffffff8021822d RBX=0000000000000000 RCX=0000000000000780 RDX=0000000000000008
RSI=00007ffffffffff0 RDI=ffffffff8021822d RBP=00007fffffffffe8 RSP=00007fffffffffe8
R8 =0000000000000000 R9 =0000000000000000 R10=0000000000000000 R11=0000000000000000
R12=0000000000000000 R13=0000000000000000 R14=0000000000000000 R15=0000000000000000
RIP=000000000040007c RFL=00000202 [-------] CPL=3 II=0 A20=1 SMM=0 HLT=0
ES =0000 0000000000000000 00000000 00201300
CS =001b 0000000000000000 ffffffff 00affa00 DPL=3 CS64 [-R-]
SS =0023 0000000000000000 ffffffff 008ff200 DPL=3 DS   [-W-]
DS =0000 0000000000000000 00000000 00201300
FS =0000 0000000000000000 00000000 00201300
GS =0000 0000000000000000 00000000 00201300
LDT=0000 0000000000000000 0000ffff 00008200 DPL=0 LDT
TR =0028 ffffffff80215100 00000068 00008900 DPL=0 TSS64-avl
GDT=     ffffffff802043d0 00000037
IDT=     ffffffff802151e0 00000fff
CR0=80000011 CR2=0000000000000000 CR3=0000000000206000 CR4=00000020
DR0=0000000000000000 DR1=0000000000000000 DR2=0000000000000000 DR3=0000000000000000 
DR6=00000000ffff0ff0 DR7=0000000000000400
CCS=0000000000000000 CCD=fffffffffffffff6 CCO=EFLAGS
EFER=0000000000000500
   260: v=20 e=0000 i=0 cpl=3 IP=001b:000000000040007c pc=000000000040007c SP=0023:00007fffffffffe8 env->regs[R_EAX]=ffffffff8021822d
RAX=ffffffff8021822d RBX=0000000000000000 RCX=0000000000000780 RDX=0000000000000008
RSI=00007ffffffffff0 RDI=ffffffff8021822d RBP=00007fffffffffe8 RSP=00007fffffffffe8
R8 =0000000000000000 R9 =0000000000000000 R10=0000000000000000 R11=0000000000000000
R12=0000000000000000 R13=0000000000000000 R14=0000000000000000 R15=0000000000000000
RIP=000000000040007c RFL=00000202 [-------] CPL=3 II=0 A20=1 SMM=0 HLT=0
ES =0000 0000000000000000 00000000 00201300
CS =001b 0000000000000000 ffffffff 00affa00 DPL=3 CS64 [-R-]
SS =0023 0000000000000000 ffffffff 008ff200 DPL=3 DS   [-W-]
DS =0000 0000000000000000 00000000 00201300
FS =0000 0000000000000000 00000000 00201300
GS =0000 0000000000000000 00000000 00201300
LDT=0000 0000000000000000 0000ffff 00008200 DPL=0 LDT
TR =0028 ffffffff80215100 00000068 00008900 DPL=0 TSS64-avl
GDT=     ffffffff802043d0 00000037
IDT=     ffffffff802151e0 00000fff
CR0=80000011 CR2=0000000000000000 CR3=0000000000206000 CR4=00000020
DR0=0000000000000000 DR1=0000000000000000 DR2=0000000000000000 DR3=0000000000000000 
DR6=00000000ffff0ff0 DR7=0000000000000400
CCS=0000000000000000 CCD=fffffffffffffff7 CCO=EFLAGS
EFER=0000000000000500
   261: v=20 e=0000 i=0 cpl=3 IP=001b:000000000040007c pc=000000000040007c SP=0023:00007fffffffffe8 env->regs[R_EAX]=ffffffff8021822d
RAX=ffffffff8021822d RBX=0000000000000000 RCX=0000000000000780 RDX=0000000000000008
RSI=00007ffffffffff0 RDI=ffffffff8021822d RBP=00007fffffffffe8 RSP=00007fffffffffe8
R8 =0000000000000000 R9 =0000000000000000 R10=0000000000000000 R11=0000000000000000
R12=0000000000000000 R13=0000000000000000 R14=0000000000000000 R15=0000000000000000
RIP=000000000040007c RFL=00000202 [-------] CPL=3 II=0 A20=1 SMM=0 HLT=0
ES =0000 0000000000000000 00000000 00201300
CS =001b 0000000000000000 ffffffff 00affa00 DPL=3 CS64 [-R-]
SS =0023 0000000000000000 ffffffff 008ff200 DPL=3 DS   [-W-]
DS =0000 0000000000000000 00000000 00201300
FS =0000 0000000000000000 00000000 00201300
GS =0000 0000000000000000 00000000 00201300
LDT=0000 0000000000000000 0000ffff 00008200 DPL=0 LDT
TR =0028 ffffffff80215100 00000068 00008900 DPL=0 TSS64-avl
GDT=     ffffffff802043d0 00000037
IDT=     ffffffff802151e0 00000fff
CR0=80000011 CR2=0000000000000000 CR3=0000000000206000 CR4=00000020
DR0=0000000000000000 DR1=0000000000000000 DR2=0000000000000000 DR3=0000000000000000 
DR6=00000000ffff0ff0 DR7=0000000000000400
CCS=0000000000000000 CCD=fffffffffffffff8 CCO=EFLAGS
EFER=0000000000000500
   262: v=20 e=0000 i=0 cpl=3 IP=001b:000000000040007c pc=000000000040007c SP=0023:00007fffffffffe8 env->regs[R_EAX]=ffffffff8021822d
RAX=ffffffff8021822d RBX=0000000000000000 RCX=0000000000000780 RDX=0000000000000008
RSI=00007ffffffffff0 RDI=ffffffff8021822d RBP=00007fffffffffe8 RSP=00007fffffffffe8
R8 =0000000000000000 R9 =0000000000000000 R10=0000000000000000 R11=0000000000000000
R12=0000000000000000 R13=0000000000000000 R14=0000000000000000 R15=0000000000000000
RIP=000000000040007c RFL=00000202 [-------] CPL=3 II=0 A20=1 SMM=0 HLT=0
ES =0000 0000000000000000 00000000 00201300
CS =001b 0000000000000000 ffffffff 00affa00 DPL=3 CS64 [-R-]
SS =0023 0000000000000000 ffffffff 008ff200 DPL=3 DS   [-W-]
DS =0000 0000000000000000 00000000 00201300
FS =0000 0000000000000000 00000000 00201300
GS =0000 0000000000000000 00000000 00201300
LDT=0000 0000000000000000 0000ffff 00008200 DPL=0 LDT
TR =0028 ffffffff80215100 00000068 00008900 DPL=0 TSS64-avl
GDT=     ffffffff802043d0 00000037
IDT=     ffffffff802151e0 00000fff
CR0=80000011 CR2=0000000000000000 CR3=0000000000206000 CR4=00000020
DR0=0000000000000000 DR1=0000000000000000 DR2=0000000000000000 DR3=0000000000000000 
DR6=00000000ffff0ff0 DR7=0000000000000400
CCS=0000000000000000 CCD=fffffffffffffff9 CCO=EFLAGS
EFER=0000000000000500
   263: v=20 e=0000 i=0 cpl=3 IP=001b:000000000040007c pc=000000000040007c SP=0023:00007fffffffffe8 env->regs[R_EAX]=ffffffff8021822d
RAX=ffffffff8021822d RBX=0000000000000000 RCX=0000000000000780 RDX=0000000000000008
RSI=00007ffffffffff0 RDI=ffffffff8021822d RBP=00007fffffffffe8 RSP=00007fffffffffe8
R8 =0000000000000000 R9 =0000000000000000 R10=0000000000000000 R11=0000000000000000
R12=0000000000000000 R13=0000000000000000 R14=0000000000000000 R15=0000000000000000
RIP=000000000040007c RFL=00000202 [-------] CPL=3 II=0 A20=1 SMM=0 HLT=0
ES =0000 0000000000000000 00000000 00201300
CS =001b 0000000000000000 ffffffff 00affa00 DPL=3 CS64 [-R-]
SS =0023 0000000000000000 ffffffff 008ff200 DPL=3 DS   [-W-]
DS =0000 0000000000000000 00000000 00201300
FS =0000 0000000000000000 00000000 00201300
GS =0000 0000000000000000 00000000 00201300
LDT=0000 0000000000000000 0000ffff 00008200 DPL=0 LDT
TR =0028 ffffffff80215100 00000068 00008900 DPL=0 TSS64-avl
GDT=     ffffffff802043d0 00000037
IDT=     ffffffff802151e0 00000fff
CR0=80000011 CR2=0000000000000000 CR3=0000000000206000 CR4=00000020
DR0=0000000000000000 DR1=0000000000000000 DR2=0000000000000000 DR3=0000000000000000 
DR6=00000000ffff0ff0 DR7=0000000000000400
CCS=0000000000000000 CCD=fffffffffffffffa CCO=EFLAGS
EFER=0000000000000500
   264: v=20 e=0000 i=0 cpl=3 IP=001b:000000000040007c pc=000000000040007c SP=0023:00007fffffffffe8 env->regs[R_EAX]=ffffffff8021822d
RAX=ffffffff8021822d RBX=0000000000000000 RCX=0000000000000780 RDX=0000000000000008
RSI=00007ffffffffff0 RDI=ffffffff8021822d RBP=00007fffffffffe8 RSP=00007fffffffffe8
R8 =0000000000000000 R9 =0000000000000000 R10=0000000000000000 R11=0000000000000000
R12=0000000000000000 R13=0000000000000000 R14=0000000000000000 R15=0000000000000000
RIP=000000000040007c RFL=00000202 [-------] CPL=3 II=0 A20=1 SMM=0 HLT=0
ES =0000 0000000000000000 00000000 00201300
CS =001b 0000000000000000 ffffffff 00affa00 DPL=3 CS64 [-R-]
SS =0023 0000000000000000 ffffffff 008ff200 DPL=3 DS   [-W-]
DS =0000 0000000000000000 00000000 00201300
FS =0000 0000000000000000 00000000 00201300
GS =0000 0000000000000000 00000000 00201300
LDT=0000 0000000000000000 0000ffff 00008200 DPL=0 LDT
TR =0028 ffffffff80215100 00000068 00008900 DPL=0 TSS64-avl
GDT=     ffffffff802043d0 00000037
IDT=     ffffffff802151e0 00000fff
CR0=80000011 CR2=0000000000000000 CR3=0000000000206000 CR4=00000020
DR0=0000000000000000 DR1=0000000000000000 DR2=0000000000000000 DR3=0000000000000000 
DR6=00000000ffff0ff0 DR7=0000000000000400
CCS=0000000000000000 CCD=fffffffffffffffb CCO=EFLAGS
EFER=0000000000000500
   265: v=20 e=0000 i=0 cpl=3 IP=001b:000000000040007c pc=000000000040007c SP=0023:00007fffffffffe8 env->regs[R_EAX]=ffffffff8021822d
RAX=ffffffff8021822d RBX=0000000000000000 RCX=0000000000000780 RDX=0000000000000008
RSI=00007ffffffffff0 RDI=ffffffff8021822d RBP=00007fffffffffe8 RSP=00007fffffffffe8
R8 =0000000000000000 R9 =0000000000000000 R10=0000000000000000 R11=0000000000000000
R12=0000000000000000 R13=0000000000000000 R14=0000000000000000 R15=0000000000000000
RIP=000000000040007c RFL=00000202 [-------] CPL=3 II=0 A20=1 SMM=0 HLT=0
ES =0000 0000000000000000 00000000 00201300
CS =001b 0000000000000000 ffffffff 00affa00 DPL=3 CS64 [-R-]
SS =0023 0000000000000000 ffffffff 008ff200 DPL=3 DS   [-W-]
DS =0000 0000000000000000 00000000 00201300
FS =0000 0000000000000000 00000000 00201300
GS =0000 0000000000000000 00000000 00201300
LDT=0000 0000000000000000 0000ffff 00008200 DPL=0 LDT
TR =0028 ffffffff80215100 00000068 00008900 DPL=0 TSS64-avl
GDT=     ffffffff802043d0 00000037
IDT=     ffffffff802151e0 00000fff
CR0=80000011 CR2=0000000000000000 CR3=0000000000206000 CR4=00000020
DR0=0000000000000000 DR1=0000000000000000 DR2=0000000000000000 DR3=0000000000000000 
DR6=00000000ffff0ff0 DR7=0000000000000400
CCS=0000000000000000 CCD=fffffffffffffffc CCO=EFLAGS
EFER=0000000000000500
   266: v=20 e=0000 i=0 cpl=3 IP=001b:000000000040007c pc=000000000040007c SP=0023:00007fffffffffe8 env->regs[R_EAX]=ffffffff8021822d
RAX=ffffffff8021822d RBX=0000000000000000 RCX=0000000000000780 RDX=0000000000000008
RSI=00007ffffffffff0 RDI=ffffffff8021822d RBP=00007fffffffffe8 RSP=00007fffffffffe8
R8 =0000000000000000 R9 =0000000000000000 R10=0000000000000000 R11=0000000000000000
R12=0000000000000000 R13=0000000000000000 R14=0000000000000000 R15=0000000000000000
RIP=000000000040007c RFL=00000202 [-------] CPL=3 II=0 A20=1 SMM=0 HLT=0
ES =0000 0000000000000000 00000000 00201300
CS =001b 0000000000000000 ffffffff 00affa00 DPL=3 CS64 [-R-]
SS =0023 0000000000000000 ffffffff 008ff200 DPL=3 DS   [-W-]
DS =0000 0000000000000000 00000000 00201300
FS =0000 0000000000000000 00000000 00201300
GS =0000 0000000000000000 00000000 00201300
LDT=0000 0000000000000000 0000ffff 00008200 DPL=0 LDT
TR =0028 ffffffff80215100 00000068 00008900 DPL=0 TSS64-avl
GDT=     ffffffff802043d0 00000037
IDT=     ffffffff802151e0 00000fff
CR0=80000011 CR2=0000000000000000 CR3=0000000000206000 CR4=00000020
DR0=0000000000000000 DR1=0000000000000000 DR2=0000000000000000 DR3=0000000000000000 
DR6=00000000ffff0ff0 DR7=0000000000000400
CCS=0000000000000000 CCD=fffffffffffffffd CCO=EFLAGS
EFER=0000000000000500
   267: v=20 e=0000 i=0 cpl=3 IP=001b:000000000040007c pc=000000000040007c SP=0023:00007fffffffffe8 env->regs[R_EAX]=ffffffff8021822d
RAX=ffffffff8021822d RBX=0000000000000000 RCX=0000000000000780 RDX=0000000000000008
RSI=00007ffffffffff0 RDI=ffffffff8021822d RBP=00007fffffffffe8 RSP=00007fffffffffe8
R8 =0000000000000000 R9 =0000000000000000 R10=0000000000000000 R11=0000000000000000
R12=0000000000000000 R13=0000000000000000 R14=0000000000000000 R15=0000000000000000
RIP=000000000040007c RFL=00000202 [-------] CPL=3 II=0 A20=1 SMM=0 HLT=0
ES =0000 0000000000000000 00000000 00201300
CS =001b 0000000000000000 ffffffff 00affa00 DPL=3 CS64 [-R-]
SS =0023 0000000000000000 ffffffff 008ff200 DPL=3 DS   [-W-]
DS =0000 0000000000000000 00000000 00201300
FS =0000 0000000000000000 00000000 00201300
GS =0000 0000000000000000 00000000 00201300
LDT=0000 0000000000000000 0000ffff 00008200 DPL=0 LDT
TR =0028 ffffffff80215100 00000068 00008900 DPL=0 TSS64-avl
GDT=     ffffffff802043d0 00000037
IDT=     ffffffff802151e0 00000fff
CR0=80000011 CR2=0000000000000000 CR3=0000000000206000 CR4=00000020
DR0=0000000000000000 DR1=0000000000000000 DR2=0000000000000000 DR3=0000000000000000 
DR6=00000000ffff0ff0 DR7=0000000000000400
CCS=0000000000000000 CCD=fffffffffffffffe CCO=EFLAGS
EFER=0000000000000500
   268: v=20 e=0000 i=0 cpl=3 IP=001b:000000000040007c pc=000000000040007c SP=0023:00007fffffffffe8 env->regs[R_EAX]=ffffffff8021822d
RAX=ffffffff8021822d RBX=0000000000000000 RCX=0000000000000780 RDX=0000000000000008
RSI=00007ffffffffff0 RDI=ffffffff8021822d RBP=00007fffffffffe8 RSP=00007fffffffffe8
R8 =0000000000000000 R9 =0000000000000000 R10=0000000000000000 R11=0000000000000000
R12=0000000000000000 R13=0000000000000000 R14=0000000000000000 R15=0000000000000000
RIP=000000000040007c RFL=00000202 [-------] CPL=3 II=0 A20=1 SMM=0 HLT=0
ES =0000 0000000000000000 00000000 00201300
CS =001b 0000000000000000 ffffffff 00affa00 DPL=3 CS64 [-R-]
SS =0023 0000000000000000 ffffffff 008ff200 DPL=3 DS   [-W-]
DS =0000 0000000000000000 00000000 00201300
FS =0000 0000000000000000 00000000 00201300
GS =0000 0000000000000000 00000000 00201300
LDT=0000 0000000000000000 0000ffff 00008200 DPL=0 LDT
TR =0028 ffffffff80215100 00000068 00008900 DPL=0 TSS64-avl
GDT=     ffffffff802043d0 00000037
IDT=     ffffffff802151e0 00000fff
CR0=80000011 CR2=0000000000000000 CR3=0000000000206000 CR4=00000020
DR0=0000000000000000 DR1=0000000000000000 DR2=0000000000000000 DR3=0000000000000000 
DR6=00000000ffff0ff0 DR7=0000000000000400
CCS=0000000000000000 CCD=ffffffffffffffff CCO=EFLAGS
EFER=0000000000000500
   269: v=20 e=0000 i=0 cpl=3 IP=001b:000000000040007c pc=000000000040007c SP=0023:00007fffffffffe8 env->regs[R_EAX]=ffffffff8021822d
RAX=ffffffff8021822d RBX=0000000000000000 RCX=0000000000000780 RDX=0000000000000008
RSI=00007ffffffffff0 RDI=ffffffff8021822d RBP=00007fffffffffe8 RSP=00007fffffffffe8
R8 =0000000000000000 R9 =0000000000000000 R10=0000000000000000 R11=0000000000000000
R12=0000000000000000 R13=0000000000000000 R14=0000000000000000 R15=0000000000000000
RIP=000000000040007c RFL=00000202 [-------] CPL=3 II=0 A20=1 SMM=0 HLT=0
ES =0000 0000000000000000 00000000 00201300
CS =001b 0000000000000000 ffffffff 00affa00 DPL=3 CS64 [-R-]
SS =0023 0000000000000000 ffffffff 008ff200 DPL=3 DS   [-W-]
DS =0000 0000000000000000 00000000 00201300
FS =0000 0000000000000000 00000000 00201300
GS =0000 0000000000000000 00000000 00201300
LDT=0000 0000000000000000 0000ffff 00008200 DPL=0 LDT
TR =0028 ffffffff80215100 00000068 00008900 DPL=0 TSS64-avl
GDT=     ffffffff802043d0 00000037
IDT=     ffffffff802151e0 00000fff
CR0=80000011 CR2=0000000000000000 CR3=0000000000206000 CR4=00000020
DR0=0000000000000000 DR1=0000000000000000 DR2=0000000000000000 DR3=0000000000000000 
DR6=00000000ffff0ff0 DR7=0000000000000400
CCS=0000000000000000 CCD=0000000000000000 CCO=EFLAGS
EFER=0000000000000500
   270: v=20 e=0000 i=0 cpl=0 IP=0008:ffffffff802000a9 pc=ffffffff802000a9 SP=0010:ffffffff80219370 env->regs[R_EAX]=0000000000000000
RAX=0000000000000000 RBX=000002d000000000 RCX=0000000000000780 RDX=000000000000001a
RSI=0000030000000000 RDI=0000000000000018 RBP=ffffffff80219370 RSP=ffffffff80219370
R8 =0000032000000000 R9 =0000033000000000 R10=0000034000000000 R11=0000035000000000
R12=0000036000000000 R13=0000037000000000 R14=0000038000000000 R15=0000039000000000
RIP=ffffffff802000a9 RFL=00000246 [---Z-P-] CPL=0 II=0 A20=1 SMM=0 HLT=0
ES =0000 0000000000000000 00000000 00201300
CS =0008 0000000000000000 00000000 00209800 DPL=0 CS64 [---]
SS =0010 0000000000000000 00000000 00209300 DPL=0 DS   [-WA]
DS =0000 0000000000000000 00000000 00201300
FS =0000 0000000000000000 00000000 00201300
GS =0000 0000000000000000 00000000 00201300
LDT=0000 0000000000000000 0000ffff 00008200 DPL=0 LDT
TR =0028 ffffffff80215100 00000068 00008900 DPL=0 TSS64-avl
GDT=     ffffffff802043d0 00000037
IDT=     ffffffff802151e0 00000fff
CR0=80000011 CR2=0000000000000000 CR3=0000000000206000 CR4=00000020
DR0=0000000000000000 DR1=0000000000000000 DR2=0000000000000000 DR3=0000000000000000 
DR6=00000000ffff0ff0 DR7=0000000000000400
CCS=0000000000000044 CCD=000000000000000f CCO=EFLAGS
EFER=0000000000000500
   271: v=20 e=0000 i=0 cpl=0 IP=0008:ffffffff802000a9 pc=ffffffff802000a9 SP=0010:ffffffff80219370 env->regs[R_EAX]=0000000000000000
RAX=0000000000000000 RBX=000002d000000000 RCX=0000000000000780 RDX=000000000000001a
RSI=0000030000000000 RDI=0000000000000018 RBP=ffffffff80219370 RSP=ffffffff80219370
R8 =0000032000000000 R9 =0000033000000000 R10=0000034000000000 R11=0000035000000000
R12=0000036000000000 R13=0000037000000000 R14=0000038000000000 R15=0000039000000000
RIP=ffffffff802000a9 RFL=00000246 [---Z-P-] CPL=0 II=0 A20=1 SMM=0 HLT=0
ES =0000 0000000000000000 00000000 00201300
CS =0008 0000000000000000 00000000 00209800 DPL=0 CS64 [---]
SS =0010 0000000000000000 00000000 00209300 DPL=0 DS   [-WA]
DS =0000 0000000000000000 00000000 00201300
FS =0000 0000000000000000 00000000 00201300
GS =0000 0000000000000000 00000000 00201300
LDT=0000 0000000000000000 0000ffff 00008200 DPL=0 LDT
TR =0028 ffffffff80215100 00000068 00008900 DPL=0 TSS64-avl
GDT=     ffffffff802043d0 00000037
IDT=     ffffffff802151e0 00000fff
CR0=80000011 CR2=0000000000000000 CR3=0000000000206000 CR4=00000020
DR0=0000000000000000 DR1=0000000000000000 DR2=0000000000000000 DR3=0000000000000000 
DR6=00000000ffff0ff0 DR7=0000000000000400
CCS=0000000000000044 CCD=fffffffffffffff0 CCO=EFLAGS
EFER=0000000000000500
   272: v=20 e=0000 i=0 cpl=0 IP=0008:ffffffff802000a9 pc=ffffffff802000a9 SP=0010:ffffffff80219370 env->regs[R_EAX]=0000000000000000
RAX=0000000000000000 RBX=000002d000000000 RCX=0000000000000780 RDX=000000000000001a
RSI=0000030000000000 RDI=0000000000000018 RBP=ffffffff80219370 RSP=ffffffff80219370
R8 =0000032000000000 R9 =0000033000000000 R10=0000034000000000 R11=0000035000000000
R12=0000036000000000 R13=0000037000000000 R14=0000038000000000 R15=0000039000000000
RIP=ffffffff802000a9 RFL=00000246 [---Z-P-] CPL=0 II=0 A20=1 SMM=0 HLT=0
ES =0000 0000000000000000 00000000 00201300
CS =0008 0000000000000000 00000000 00209800 DPL=0 CS64 [---]
SS =0010 0000000000000000 00000000 00209300 DPL=0 DS   [-WA]
DS =0000 0000000000000000 00000000 00201300
FS =0000 0000000000000000 00000000 00201300
GS =0000 0000000000000000 00000000 00201300
LDT=0000 0000000000000000 0000ffff 00008200 DPL=0 LDT
TR =0028 ffffffff80215100 00000068 00008900 DPL=0 TSS64-avl
GDT=     ffffffff802043d0 00000037
IDT=     ffffffff802151e0 00000fff
CR0=80000011 CR2=0000000000000000 CR3=0000000000206000 CR4=00000020
DR0=0000000000000000 DR1=0000000000000000 DR2=0000000000000000 DR3=0000000000000000 
DR6=00000000ffff0ff0 DR7=0000000000000400
CCS=0000000000000044 CCD=fffffffffffffff1 CCO=EFLAGS
EFER=0000000000000500
   273: v=20 e=0000 i=0 cpl=0 IP=0008:ffffffff802000a9 pc=ffffffff802000a9 SP=0010:ffffffff80219370 env->regs[R_EAX]=0000000000000000
RAX=0000000000000000 RBX=000002d000000000 RCX=0000000000000780 RDX=000000000000001a
RSI=0000030000000000 RDI=0000000000000018 RBP=ffffffff80219370 RSP=ffffffff80219370
R8 =0000032000000000 R9 =0000033000000000 R10=0000034000000000 R11=0000035000000000
R12=0000036000000000 R13=0000037000000000 R14=0000038000000000 R15=0000039000000000
RIP=ffffffff802000a9 RFL=00000246 [---Z-P-] CPL=0 II=0 A20=1 SMM=0 HLT=0
ES =0000 0000000000000000 00000000 00201300
CS =0008 0000000000000000 00000000 00209800 DPL=0 CS64 [---]
SS =0010 0000000000000000 00000000 00209300 DPL=0 DS   [-WA]
DS =0000 0000000000000000 00000000 00201300
FS =0000 0000000000000000 00000000 00201300
GS =0000 0000000000000000 00000000 00201300
LDT=0000 0000000000000000 0000ffff 00008200 DPL=0 LDT
TR =0028 ffffffff80215100 00000068 00008900 DPL=0 TSS64-avl
GDT=     ffffffff802043d0 00000037
IDT=     ffffffff802151e0 00000fff
CR0=80000011 CR2=0000000000000000 CR3=0000000000206000 CR4=00000020
DR0=0000000000000000 DR1=0000000000000000 DR2=0000000000000000 DR3=0000000000000000 
DR6=00000000ffff0ff0 DR7=0000000000000400
CCS=0000000000000044 CCD=fffffffffffffff2 CCO=EFLAGS
EFER=0000000000000500
   274: v=20 e=0000 i=0 cpl=0 IP=0008:ffffffff802000a9 pc=ffffffff802000a9 SP=0010:ffffffff80219370 env->regs[R_EAX]=0000000000000000
RAX=0000000000000000 RBX=000002d000000000 RCX=0000000000000780 RDX=000000000000001a
RSI=0000030000000000 RDI=0000000000000018 RBP=ffffffff80219370 RSP=ffffffff80219370
R8 =0000032000000000 R9 =0000033000000000 R10=0000034000000000 R11=0000035000000000
R12=0000036000000000 R13=0000037000000000 R14=0000038000000000 R15=0000039000000000
RIP=ffffffff802000a9 RFL=00000246 [---Z-P-] CPL=0 II=0 A20=1 SMM=0 HLT=0
ES =0000 0000000000000000 00000000 00201300
CS =0008 0000000000000000 00000000 00209800 DPL=0 CS64 [---]
SS =0010 0000000000000000 00000000 00209300 DPL=0 DS   [-WA]
DS =0000 0000000000000000 00000000 00201300
FS =0000 0000000000000000 00000000 00201300
GS =0000 0000000000000000 00000000 00201300
LDT=0000 0000000000000000 0000ffff 00008200 DPL=0 LDT
TR =0028 ffffffff80215100 00000068 00008900 DPL=0 TSS64-avl
GDT=     ffffffff802043d0 00000037
IDT=     ffffffff802151e0 00000fff
CR0=80000011 CR2=0000000000000000 CR3=0000000000206000 CR4=00000020
DR0=0000000000000000 DR1=0000000000000000 DR2=0000000000000000 DR3=0000000000000000 
DR6=00000000ffff0ff0 DR7=0000000000000400
CCS=0000000000000044 CCD=fffffffffffffff3 CCO=EFLAGS
EFER=0000000000000500
   275: v=20 e=0000 i=0 cpl=0 IP=0008:ffffffff802000a9 pc=ffffffff802000a9 SP=0010:ffffffff80219370 env->regs[R_EAX]=0000000000000000
RAX=0000000000000000 RBX=000002d000000000 RCX=0000000000000780 RDX=000000000000001a
RSI=0000030000000000 RDI=0000000000000018 RBP=ffffffff80219370 RSP=ffffffff80219370
R8 =0000032000000000 R9 =0000033000000000 R10=0000034000000000 R11=0000035000000000
R12=0000036000000000 R13=0000037000000000 R14=0000038000000000 R15=0000039000000000
RIP=ffffffff802000a9 RFL=00000246 [---Z-P-] CPL=0 II=0 A20=1 SMM=0 HLT=0
ES =0000 0000000000000000 00000000 00201300
CS =0008 0000000000000000 00000000 00209800 DPL=0 CS64 [---]
SS =0010 0000000000000000 00000000 00209300 DPL=0 DS   [-WA]
DS =0000 0000000000000000 00000000 00201300
FS =0000 0000000000000000 00000000 00201300
GS =0000 0000000000000000 00000000 00201300
LDT=0000 0000000000000000 0000ffff 00008200 DPL=0 LDT
TR =0028 ffffffff80215100 00000068 00008900 DPL=0 TSS64-avl
GDT=     ffffffff802043d0 00000037
IDT=     ffffffff802151e0 00000fff
CR0=80000011 CR2=0000000000000000 CR3=0000000000206000 CR4=00000020
DR0=0000000000000000 DR1=0000000000000000 DR2=0000000000000000 DR3=0000000000000000 
DR6=00000000ffff0ff0 DR7=0000000000000400
CCS=0000000000000044 CCD=fffffffffffffff4 CCO=EFLAGS
EFER=0000000000000500
   276: v=20 e=0000 i=0 cpl=0 IP=0008:ffffffff802000a9 pc=ffffffff802000a9 SP=0010:ffffffff80219370 env->regs[R_EAX]=0000000000000000
RAX=0000000000000000 RBX=000002d000000000 RCX=0000000000000780 RDX=000000000000001a
RSI=0000030000000000 RDI=0000000000000018 RBP=ffffffff80219370 RSP=ffffffff80219370
R8 =0000032000000000 R9 =0000033000000000 R10=0000034000000000 R11=0000035000000000
R12=0000036000000000 R13=0000037000000000 R14=0000038000000000 R15=0000039000000000
RIP=ffffffff802000a9 RFL=00000246 [---Z-P-] CPL=0 II=0 A20=1 SMM=0 HLT=0
ES =0000 0000000000000000 00000000 00201300
CS =0008 0000000000000000 00000000 00209800 DPL=0 CS64 [---]
SS =0010 0000000000000000 00000000 00209300 DPL=0 DS   [-WA]
DS =0000 0000000000000000 00000000 00201300
FS =0000 0000000000000000 00000000 00201300
GS =0000 0000000000000000 00000000 00201300
LDT=0000 0000000000000000 0000ffff 00008200 DPL=0 LDT
TR =0028 ffffffff80215100 00000068 00008900 DPL=0 TSS64-avl
GDT=     ffffffff802043d0 00000037
IDT=     ffffffff802151e0 00000fff
CR0=80000011 CR2=0000000000000000 CR3=0000000000206000 CR4=00000020
DR0=0000000000000000 DR1=0000000000000000 DR2=0000000000000000 DR3=0000000000000000 
DR6=00000000ffff0ff0 DR7=0000000000000400
CCS=0000000000000044 CCD=fffffffffffffff5 CCO=EFLAGS
EFER=0000000000000500
   277: v=20 e=0000 i=0 cpl=0 IP=0008:ffffffff802000a9 pc=ffffffff802000a9 SP=0010:ffffffff80219370 env->regs[R_EAX]=0000000000000000
RAX=0000000000000000 RBX=000002d000000000 RCX=0000000000000780 RDX=000000000000001a
RSI=0000030000000000 RDI=0000000000000018 RBP=ffffffff80219370 RSP=ffffffff80219370
R8 =0000032000000000 R9 =0000033000000000 R10=0000034000000000 R11=0000035000000000
R12=0000036000000000 R13=0000037000000000 R14=0000038000000000 R15=0000039000000000
RIP=ffffffff802000a9 RFL=00000246 [---Z-P-] CPL=0 II=0 A20=1 SMM=0 HLT=0
ES =0000 0000000000000000 00000000 00201300
CS =0008 0000000000000000 00000000 00209800 DPL=0 CS64 [---]
SS =0010 0000000000000000 00000000 00209300 DPL=0 DS   [-WA]
DS =0000 0000000000000000 00000000 00201300
FS =0000 0000000000000000 00000000 00201300
GS =0000 0000000000000000 00000000 00201300
LDT=0000 0000000000000000 0000ffff 00008200 DPL=0 LDT
TR =0028 ffffffff80215100 00000068 00008900 DPL=0 TSS64-avl
GDT=     ffffffff802043d0 00000037
IDT=     ffffffff802151e0 00000fff
CR0=80000011 CR2=0000000000000000 CR3=0000000000206000 CR4=00000020
DR0=0000000000000000 DR1=0000000000000000 DR2=0000000000000000 DR3=0000000000000000 
DR6=00000000ffff0ff0 DR7=0000000000000400
CCS=0000000000000044 CCD=fffffffffffffff6 CCO=EFLAGS
EFER=0000000000000500
   278: v=20 e=0000 i=0 cpl=0 IP=0008:ffffffff802000a9 pc=ffffffff802000a9 SP=0010:ffffffff80219370 env->regs[R_EAX]=0000000000000000
RAX=0000000000000000 RBX=000002d000000000 RCX=0000000000000780 RDX=000000000000001a
RSI=0000030000000000 RDI=0000000000000018 RBP=ffffffff80219370 RSP=ffffffff80219370
R8 =0000032000000000 R9 =0000033000000000 R10=0000034000000000 R11=0000035000000000
R12=0000036000000000 R13=0000037000000000 R14=0000038000000000 R15=0000039000000000
RIP=ffffffff802000a9 RFL=00000246 [---Z-P-] CPL=0 II=0 A20=1 SMM=0 HLT=0
ES =0000 0000000000000000 00000000 00201300
CS =0008 0000000000000000 00000000 00209800 DPL=0 CS64 [---]
SS =0010 0000000000000000 00000000 00209300 DPL=0 DS   [-WA]
DS =0000 0000000000000000 00000000 00201300
FS =0000 0000000000000000 00000000 00201300
GS =0000 0000000000000000 00000000 00201300
LDT=0000 0000000000000000 0000ffff 00008200 DPL=0 LDT
TR =0028 ffffffff80215100 00000068 00008900 DPL=0 TSS64-avl
GDT=     ffffffff802043d0 00000037
IDT=     ffffffff802151e0 00000fff
CR0=80000011 CR2=0000000000000000 CR3=0000000000206000 CR4=00000020
DR0=0000000000000000 DR1=0000000000000000 DR2=0000000000000000 DR3=0000000000000000 
DR6=00000000ffff0ff0 DR7=0000000000000400
CCS=0000000000000044 CCD=fffffffffffffff7 CCO=EFLAGS
EFER=0000000000000500
   279: v=20 e=0000 i=0 cpl=0 IP=0008:ffffffff802000a9 pc=ffffffff802000a9 SP=0010:ffffffff80219370 env->regs[R_EAX]=0000000000000000
RAX=0000000000000000 RBX=000002d000000000 RCX=0000000000000780 RDX=000000000000001a
RSI=0000030000000000 RDI=0000000000000018 RBP=ffffffff80219370 RSP=ffffffff80219370
R8 =0000032000000000 R9 =0000033000000000 R10=0000034000000000 R11=0000035000000000
R12=0000036000000000 R13=0000037000000000 R14=0000038000000000 R15=0000039000000000
RIP=ffffffff802000a9 RFL=00000246 [---Z-P-] CPL=0 II=0 A20=1 SMM=0 HLT=0
ES =0000 0000000000000000 00000000 00201300
CS =0008 0000000000000000 00000000 00209800 DPL=0 CS64 [---]
SS =0010 0000000000000000 00000000 00209300 DPL=0 DS   [-WA]
DS =0000 0000000000000000 00000000 00201300
FS =0000 0000000000000000 00000000 00201300
GS =0000 0000000000000000 00000000 00201300
LDT=0000 0000000000000000 0000ffff 00008200 DPL=0 LDT
TR =0028 ffffffff80215100 00000068 00008900 DPL=0 TSS64-avl
GDT=     ffffffff802043d0 00000037
IDT=     ffffffff802151e0 00000fff
CR0=80000011 CR2=0000000000000000 CR3=0000000000206000 CR4=00000020
DR0=0000000000000000 DR1=0000000000000000 DR2=0000000000000000 DR3=0000000000000000 
DR6=00000000ffff0ff0 DR7=0000000000000400
CCS=0000000000000044 CCD=fffffffffffffff8 CCO=EFLAGS
EFER=0000000000000500
   280: v=20 e=0000 i=0 cpl=0 IP=0008:ffffffff802000a9 pc=ffffffff802000a9 SP=0010:ffffffff80219370 env->regs[R_EAX]=0000000000000000
RAX=0000000000000000 RBX=000002d000000000 RCX=0000000000000780 RDX=000000000000001a
RSI=0000030000000000 RDI=0000000000000018 RBP=ffffffff80219370 RSP=ffffffff80219370
R8 =0000032000000000 R9 =0000033000000000 R10=0000034000000000 R11=0000035000000000
R12=0000036000000000 R13=0000037000000000 R14=0000038000000000 R15=0000039000000000
RIP=ffffffff802000a9 RFL=00000246 [---Z-P-] CPL=0 II=0 A20=1 SMM=0 HLT=0
ES =0000 0000000000000000 00000000 00201300
CS =0008 0000000000000000 00000000 00209800 DPL=0 CS64 [---]
SS =0010 0000000000000000 00000000 00209300 DPL=0 DS   [-WA]
DS =0000 0000000000000000 00000000 00201300
FS =0000 0000000000000000 00000000 00201300
GS =0000 0000000000000000 00000000 00201300
LDT=0000 0000000000000000 0000ffff 00008200 DPL=0 LDT
TR =0028 ffffffff80215100 00000068 00008900 DPL=0 TSS64-avl
GDT=     ffffffff802043d0 00000037
IDT=     ffffffff802151e0 00000fff
CR0=80000011 CR2=0000000000000000 CR3=0000000000206000 CR4=00000020
DR0=0000000000000000 DR1=0000000000000000 DR2=0000000000000000 DR3=0000000000000000 
DR6=00000000ffff0ff0 DR7=0000000000000400
CCS=0000000000000044 CCD=fffffffffffffff9 CCO=EFLAGS
EFER=0000000000000500
   281: v=20 e=0000 i=0 cpl=0 IP=0008:ffffffff802000a9 pc=ffffffff802000a9 SP=0010:ffffffff80219370 env->regs[R_EAX]=0000000000000000
RAX=0000000000000000 RBX=000002d000000000 RCX=0000000000000780 RDX=000000000000001a
RSI=0000030000000000 RDI=0000000000000018 RBP=ffffffff80219370 RSP=ffffffff80219370
R8 =0000032000000000 R9 =0000033000000000 R10=0000034000000000 R11=0000035000000000
R12=0000036000000000 R13=0000037000000000 R14=0000038000000000 R15=0000039000000000
RIP=ffffffff802000a9 RFL=00000246 [---Z-P-] CPL=0 II=0 A20=1 SMM=0 HLT=0
ES =0000 0000000000000000 00000000 00201300
CS =0008 0000000000000000 00000000 00209800 DPL=0 CS64 [---]
SS =0010 0000000000000000 00000000 00209300 DPL=0 DS   [-WA]
DS =0000 0000000000000000 00000000 00201300
FS =0000 0000000000000000 00000000 00201300
GS =0000 0000000000000000 00000000 00201300
LDT=0000 0000000000000000 0000ffff 00008200 DPL=0 LDT
TR =0028 ffffffff80215100 00000068 00008900 DPL=0 TSS64-avl
GDT=     ffffffff802043d0 00000037
IDT=     ffffffff802151e0 00000fff
CR0=80000011 CR2=0000000000000000 CR3=0000000000206000 CR4=00000020
DR0=0000000000000000 DR1=0000000000000000 DR2=0000000000000000 DR3=0000000000000000 
DR6=00000000ffff0ff0 DR7=0000000000000400
CCS=0000000000000044 CCD=fffffffffffffffa CCO=EFLAGS
EFER=0000000000000500
   282: v=20 e=0000 i=0 cpl=0 IP=0008:ffffffff802000a9 pc=ffffffff802000a9 SP=0010:ffffffff80219370 env->regs[R_EAX]=0000000000000000
RAX=0000000000000000 RBX=000002d000000000 RCX=0000000000000780 RDX=000000000000001a
RSI=0000030000000000 RDI=0000000000000018 RBP=ffffffff80219370 RSP=ffffffff80219370
R8 =0000032000000000 R9 =0000033000000000 R10=0000034000000000 R11=0000035000000000
R12=0000036000000000 R13=0000037000000000 R14=0000038000000000 R15=0000039000000000
RIP=ffffffff802000a9 RFL=00000246 [---Z-P-] CPL=0 II=0 A20=1 SMM=0 HLT=0
ES =0000 0000000000000000 00000000 00201300
CS =0008 0000000000000000 00000000 00209800 DPL=0 CS64 [---]
SS =0010 0000000000000000 00000000 00209300 DPL=0 DS   [-WA]
DS =0000 0000000000000000 00000000 00201300
FS =0000 0000000000000000 00000000 00201300
GS =0000 0000000000000000 00000000 00201300
LDT=0000 0000000000000000 0000ffff 00008200 DPL=0 LDT
TR =0028 ffffffff80215100 00000068 00008900 DPL=0 TSS64-avl
GDT=     ffffffff802043d0 00000037
IDT=     ffffffff802151e0 00000fff
CR0=80000011 CR2=0000000000000000 CR3=0000000000206000 CR4=00000020
DR0=0000000000000000 DR1=0000000000000000 DR2=0000000000000000 DR3=0000000000000000 
DR6=00000000ffff0ff0 DR7=0000000000000400
CCS=0000000000000044 CCD=fffffffffffffffb CCO=EFLAGS
EFER=0000000000000500
   283: v=20 e=0000 i=0 cpl=0 IP=0008:ffffffff802000a9 pc=ffffffff802000a9 SP=0010:ffffffff80219370 env->regs[R_EAX]=0000000000000000
RAX=0000000000000000 RBX=000002d000000000 RCX=0000000000000780 RDX=000000000000001a
RSI=0000030000000000 RDI=0000000000000018 RBP=ffffffff80219370 RSP=ffffffff80219370
R8 =0000032000000000 R9 =0000033000000000 R10=0000034000000000 R11=0000035000000000
R12=0000036000000000 R13=0000037000000000 R14=0000038000000000 R15=0000039000000000
RIP=ffffffff802000a9 RFL=00000246 [---Z-P-] CPL=0 II=0 A20=1 SMM=0 HLT=0
ES =0000 0000000000000000 00000000 00201300
CS =0008 0000000000000000 00000000 00209800 DPL=0 CS64 [---]
SS =0010 0000000000000000 00000000 00209300 DPL=0 DS   [-WA]
DS =0000 0000000000000000 00000000 00201300
FS =0000 0000000000000000 00000000 00201300
GS =0000 0000000000000000 00000000 00201300
LDT=0000 0000000000000000 0000ffff 00008200 DPL=0 LDT
TR =0028 ffffffff80215100 00000068 00008900 DPL=0 TSS64-avl
GDT=     ffffffff802043d0 00000037
IDT=     ffffffff802151e0 00000fff
CR0=80000011 CR2=0000000000000000 CR3=0000000000206000 CR4=00000020
DR0=0000000000000000 DR1=0000000000000000 DR2=0000000000000000 DR3=0000000000000000 
DR6=00000000ffff0ff0 DR7=0000000000000400
CCS=0000000000000044 CCD=fffffffffffffffc CCO=EFLAGS
EFER=0000000000000500
   284: v=20 e=0000 i=0 cpl=0 IP=0008:ffffffff802000a9 pc=ffffffff802000a9 SP=0010:ffffffff80219370 env->regs[R_EAX]=0000000000000000
RAX=0000000000000000 RBX=000002d000000000 RCX=0000000000000780 RDX=000000000000001a
RSI=0000030000000000 RDI=0000000000000018 RBP=ffffffff80219370 RSP=ffffffff80219370
R8 =0000032000000000 R9 =0000033000000000 R10=0000034000000000 R11=0000035000000000
R12=0000036000000000 R13=0000037000000000 R14=0000038000000000 R15=0000039000000000
RIP=ffffffff802000a9 RFL=00000246 [---Z-P-] CPL=0 II=0 A20=1 SMM=0 HLT=0
ES =0000 0000000000000000 00000000 00201300
CS =0008 0000000000000000 00000000 00209800 DPL=0 CS64 [---]
SS =0010 0000000000000000 00000000 00209300 DPL=0 DS   [-WA]
DS =0000 0000000000000000 00000000 00201300
FS =0000 0000000000000000 00000000 00201300
GS =0000 0000000000000000 00000000 00201300
LDT=0000 0000000000000000 0000ffff 00008200 DPL=0 LDT
TR =0028 ffffffff80215100 00000068 00008900 DPL=0 TSS64-avl
GDT=     ffffffff802043d0 00000037
IDT=     ffffffff802151e0 00000fff
CR0=80000011 CR2=0000000000000000 CR3=0000000000206000 CR4=00000020
DR0=0000000000000000 DR1=0000000000000000 DR2=0000000000000000 DR3=0000000000000000 
DR6=00000000ffff0ff0 DR7=0000000000000400
CCS=0000000000000044 CCD=fffffffffffffffd CCO=EFLAGS
EFER=0000000000000500
   285: v=20 e=0000 i=0 cpl=0 IP=0008:ffffffff802000a9 pc=ffffffff802000a9 SP=0010:ffffffff80219370 env->regs[R_EAX]=0000000000000000
RAX=0000000000000000 RBX=000002d000000000 RCX=0000000000000780 RDX=000000000000001a
RSI=0000030000000000 RDI=0000000000000018 RBP=ffffffff80219370 RSP=ffffffff80219370
R8 =0000032000000000 R9 =0000033000000000 R10=0000034000000000 R11=0000035000000000
R12=0000036000000000 R13=0000037000000000 R14=0000038000000000 R15=0000039000000000
RIP=ffffffff802000a9 RFL=00000246 [---Z-P-] CPL=0 II=0 A20=1 SMM=0 HLT=0
ES =0000 0000000000000000 00000000 00201300
CS =0008 0000000000000000 00000000 00209800 DPL=0 CS64 [---]
SS =0010 0000000000000000 00000000 00209300 DPL=0 DS   [-WA]
DS =0000 0000000000000000 00000000 00201300
FS =0000 0000000000000000 00000000 00201300
GS =0000 0000000000000000 00000000 00201300
LDT=0000 0000000000000000 0000ffff 00008200 DPL=0 LDT
TR =0028 ffffffff80215100 00000068 00008900 DPL=0 TSS64-avl
GDT=     ffffffff802043d0 00000037
IDT=     ffffffff802151e0 00000fff
CR0=80000011 CR2=0000000000000000 CR3=0000000000206000 CR4=00000020
DR0=0000000000000000 DR1=0000000000000000 DR2=0000000000000000 DR3=0000000000000000 
DR6=00000000ffff0ff0 DR7=0000000000000400
CCS=0000000000000044 CCD=fffffffffffffffe CCO=EFLAGS
EFER=0000000000000500
   286: v=20 e=0000 i=0 cpl=0 IP=0008:ffffffff802000a9 pc=ffffffff802000a9 SP=0010:ffffffff80219370 env->regs[R_EAX]=0000000000000000
RAX=0000000000000000 RBX=000002d000000000 RCX=0000000000000780 RDX=000000000000001a
RSI=0000030000000000 RDI=0000000000000018 RBP=ffffffff80219370 RSP=ffffffff80219370
R8 =0000032000000000 R9 =0000033000000000 R10=0000034000000000 R11=0000035000000000
R12=0000036000000000 R13=0000037000000000 R14=0000038000000000 R15=0000039000000000
RIP=ffffffff802000a9 RFL=00000246 [---Z-P-] CPL=0 II=0 A20=1 SMM=0 HLT=0
ES =0000 0000000000000000 00000000 00201300
CS =0008 0000000000000000 00000000 00209800 DPL=0 CS64 [---]
SS =0010 0000000000000000 00000000 00209300 DPL=0 DS   [-WA]
DS =0000 0000000000000000 00000000 00201300
FS =0000 0000000000000000 00000000 00201300
GS =0000 0000000000000000 00000000 00201300
LDT=0000 0000000000000000 0000ffff 00008200 DPL=0 LDT
TR =0028 ffffffff80215100 00000068 00008900 DPL=0 TSS64-avl
GDT=     ffffffff802043d0 00000037
IDT=     ffffffff802151e0 00000fff
CR0=80000011 CR2=0000000000000000 CR3=0000000000206000 CR4=00000020
DR0=0000000000000000 DR1=0000000000000000 DR2=0000000000000000 DR3=0000000000000000 
DR6=00000000ffff0ff0 DR7=0000000000000400
CCS=0000000000000044 CCD=ffffffffffffffff CCO=EFLAGS
EFER=0000000000000500
   287: v=20 e=0000 i=0 cpl=0 IP=0008:ffffffff802000a9 pc=ffffffff802000a9 SP=0010:ffffffff80219370 env->regs[R_EAX]=0000000000000000
RAX=0000000000000000 RBX=000002d000000000 RCX=0000000000000780 RDX=000000000000001a
RSI=0000030000000000 RDI=0000000000000018 RBP=ffffffff80219370 RSP=ffffffff80219370
R8 =0000032000000000 R9 =0000033000000000 R10=0000034000000000 R11=0000035000000000
R12=0000036000000000 R13=0000037000000000 R14=0000038000000000 R15=0000039000000000
RIP=ffffffff802000a9 RFL=00000246 [---Z-P-] CPL=0 II=0 A20=1 SMM=0 HLT=0
ES =0000 0000000000000000 00000000 00201300
CS =0008 0000000000000000 00000000 00209800 DPL=0 CS64 [---]
SS =0010 0000000000000000 00000000 00209300 DPL=0 DS   [-WA]
DS =0000 0000000000000000 00000000 00201300
FS =0000 0000000000000000 00000000 00201300
GS =0000 0000000000000000 00000000 00201300
LDT=0000 0000000000000000 0000ffff 00008200 DPL=0 LDT
TR =0028 ffffffff80215100 00000068 00008900 DPL=0 TSS64-avl
GDT=     ffffffff802043d0 00000037
IDT=     ffffffff802151e0 00000fff
CR0=80000011 CR2=0000000000000000 CR3=0000000000206000 CR4=00000020
DR0=0000000000000000 DR1=0000000000000000 DR2=0000000000000000 DR3=0000000000000000 
DR6=00000000ffff0ff0 DR7=0000000000000400
CCS=0000000000000044 CCD=0000000000000000 CCO=EFLAGS
EFER=0000000000000500
   288: v=20 e=0000 i=0 cpl=3 IP=001b:000000000040007c pc=000000000040007c SP=0023:00007fffffffffe8 env->regs[R_EAX]=ffffffff8021822d
RAX=ffffffff8021822d RBX=0000000000000000 RCX=0000000000000780 RDX=0000000000000008
RSI=00007ffffffffff0 RDI=ffffffff8021822d RBP=00007fffffffffe8 RSP=00007fffffffffe8
R8 =0000000000000000 R9 =0000000000000000 R10=0000000000000000 R11=0000000000000000
R12=0000000000000000 R13=0000000000000000 R14=0000000000000000 R15=0000000000000000
RIP=000000000040007c RFL=00000202 [-------] CPL=3 II=0 A20=1 SMM=0 HLT=0
ES =0000 0000000000000000 00000000 00201300
CS =001b 0000000000000000 ffffffff 00affa00 DPL=3 CS64 [-R-]
SS =0023 0000000000000000 ffffffff 008ff200 DPL=3 DS   [-W-]
DS =0000 0000000000000000 00000000 00201300
FS =0000 0000000000000000 00000000 00201300
GS =0000 0000000000000000 00000000 00201300
LDT=0000 0000000000000000 0000ffff 00008200 DPL=0 LDT
TR =0028 ffffffff80215100 00000068 00008900 DPL=0 TSS64-avl
GDT=     ffffffff802043d0 00000037
IDT=     ffffffff802151e0 00000fff
CR0=80000011 CR2=0000000000000000 CR3=0000000000206000 CR4=00000020
DR0=0000000000000000 DR1=0000000000000000 DR2=0000000000000000 DR3=0000000000000000 
DR6=00000000ffff0ff0 DR7=0000000000000400
CCS=0000000000000000 CCD=0000000000000010 CCO=EFLAGS
EFER=0000000000000500
   289: v=20 e=0000 i=0 cpl=3 IP=001b:000000000040007c pc=000000000040007c SP=0023:00007fffffffffe8 env->regs[R_EAX]=ffffffff8021822d
RAX=ffffffff8021822d RBX=0000000000000000 RCX=0000000000000780 RDX=0000000000000008
RSI=00007ffffffffff0 RDI=ffffffff8021822d RBP=00007fffffffffe8 RSP=00007fffffffffe8
R8 =0000000000000000 R9 =0000000000000000 R10=0000000000000000 R11=0000000000000000
R12=0000000000000000 R13=0000000000000000 R14=0000000000000000 R15=0000000000000000
RIP=000000000040007c RFL=00000202 [-------] CPL=3 II=0 A20=1 SMM=0 HLT=0
ES =0000 0000000000000000 00000000 00201300
CS =001b 0000000000000000 ffffffff 00affa00 DPL=3 CS64 [-R-]
SS =0023 0000000000000000 ffffffff 008ff200 DPL=3 DS   [-W-]
DS =0000 0000000000000000 00000000 00201300
FS =0000 0000000000000000 00000000 00201300
GS =0000 0000000000000000 00000000 00201300
LDT=0000 0000000000000000 0000ffff 00008200 DPL=0 LDT
TR =0028 ffffffff80215100 00000068 00008900 DPL=0 TSS64-avl
GDT=     ffffffff802043d0 00000037
IDT=     ffffffff802151e0 00000fff
CR0=80000011 CR2=0000000000000000 CR3=0000000000206000 CR4=00000020
DR0=0000000000000000 DR1=0000000000000000 DR2=0000000000000000 DR3=0000000000000000 
DR6=00000000ffff0ff0 DR7=0000000000000400
CCS=0000000000000000 CCD=fffffffffffffff0 CCO=EFLAGS
EFER=0000000000000500
   290: v=20 e=0000 i=0 cpl=3 IP=001b:000000000040007c pc=000000000040007c SP=0023:00007fffffffffe8 env->regs[R_EAX]=ffffffff8021822d
RAX=ffffffff8021822d RBX=0000000000000000 RCX=0000000000000780 RDX=0000000000000008
RSI=00007ffffffffff0 RDI=ffffffff8021822d RBP=00007fffffffffe8 RSP=00007fffffffffe8
R8 =0000000000000000 R9 =0000000000000000 R10=0000000000000000 R11=0000000000000000
R12=0000000000000000 R13=0000000000000000 R14=0000000000000000 R15=0000000000000000
RIP=000000000040007c RFL=00000202 [-------] CPL=3 II=0 A20=1 SMM=0 HLT=0
ES =0000 0000000000000000 00000000 00201300
CS =001b 0000000000000000 ffffffff 00affa00 DPL=3 CS64 [-R-]
SS =0023 0000000000000000 ffffffff 008ff200 DPL=3 DS   [-W-]
DS =0000 0000000000000000 00000000 00201300
FS =0000 0000000000000000 00000000 00201300
GS =0000 0000000000000000 00000000 00201300
LDT=0000 0000000000000000 0000ffff 00008200 DPL=0 LDT
TR =0028 ffffffff80215100 00000068 00008900 DPL=0 TSS64-avl
GDT=     ffffffff802043d0 00000037
IDT=     ffffffff802151e0 00000fff
CR0=80000011 CR2=0000000000000000 CR3=0000000000206000 CR4=00000020
DR0=0000000000000000 DR1=0000000000000000 DR2=0000000000000000 DR3=0000000000000000 
DR6=00000000ffff0ff0 DR7=0000000000000400
CCS=0000000000000000 CCD=fffffffffffffff1 CCO=EFLAGS
EFER=0000000000000500
   291: v=20 e=0000 i=0 cpl=3 IP=001b:000000000040007c pc=000000000040007c SP=0023:00007fffffffffe8 env->regs[R_EAX]=ffffffff8021822d
RAX=ffffffff8021822d RBX=0000000000000000 RCX=0000000000000780 RDX=0000000000000008
RSI=00007ffffffffff0 RDI=ffffffff8021822d RBP=00007fffffffffe8 RSP=00007fffffffffe8
R8 =0000000000000000 R9 =0000000000000000 R10=0000000000000000 R11=0000000000000000
R12=0000000000000000 R13=0000000000000000 R14=0000000000000000 R15=0000000000000000
RIP=000000000040007c RFL=00000202 [-------] CPL=3 II=0 A20=1 SMM=0 HLT=0
ES =0000 0000000000000000 00000000 00201300
CS =001b 0000000000000000 ffffffff 00affa00 DPL=3 CS64 [-R-]
SS =0023 0000000000000000 ffffffff 008ff200 DPL=3 DS   [-W-]
DS =0000 0000000000000000 00000000 00201300
FS =0000 0000000000000000 00000000 00201300
GS =0000 0000000000000000 00000000 00201300
LDT=0000 0000000000000000 0000ffff 00008200 DPL=0 LDT
TR =0028 ffffffff80215100 00000068 00008900 DPL=0 TSS64-avl
GDT=     ffffffff802043d0 00000037
IDT=     ffffffff802151e0 00000fff
CR0=80000011 CR2=0000000000000000 CR3=0000000000206000 CR4=00000020
DR0=0000000000000000 DR1=0000000000000000 DR2=0000000000000000 DR3=0000000000000000 
DR6=00000000ffff0ff0 DR7=0000000000000400
CCS=0000000000000000 CCD=fffffffffffffff2 CCO=EFLAGS
EFER=0000000000000500
   292: v=20 e=0000 i=0 cpl=3 IP=001b:000000000040007c pc=000000000040007c SP=0023:00007fffffffffe8 env->regs[R_EAX]=ffffffff8021822d
RAX=ffffffff8021822d RBX=0000000000000000 RCX=0000000000000780 RDX=0000000000000008
RSI=00007ffffffffff0 RDI=ffffffff8021822d RBP=00007fffffffffe8 RSP=00007fffffffffe8
R8 =0000000000000000 R9 =0000000000000000 R10=0000000000000000 R11=0000000000000000
R12=0000000000000000 R13=0000000000000000 R14=0000000000000000 R15=0000000000000000
RIP=000000000040007c RFL=00000202 [-------] CPL=3 II=0 A20=1 SMM=0 HLT=0
ES =0000 0000000000000000 00000000 00201300
CS =001b 0000000000000000 ffffffff 00affa00 DPL=3 CS64 [-R-]
SS =0023 0000000000000000 ffffffff 008ff200 DPL=3 DS   [-W-]
DS =0000 0000000000000000 00000000 00201300
FS =0000 0000000000000000 00000000 00201300
GS =0000 0000000000000000 00000000 00201300
LDT=0000 0000000000000000 0000ffff 00008200 DPL=0 LDT
TR =0028 ffffffff80215100 00000068 00008900 DPL=0 TSS64-avl
GDT=     ffffffff802043d0 00000037
IDT=     ffffffff802151e0 00000fff
CR0=80000011 CR2=0000000000000000 CR3=0000000000206000 CR4=00000020
DR0=0000000000000000 DR1=0000000000000000 DR2=0000000000000000 DR3=0000000000000000 
DR6=00000000ffff0ff0 DR7=0000000000000400
CCS=0000000000000000 CCD=fffffffffffffff3 CCO=EFLAGS
EFER=0000000000000500
   293: v=20 e=0000 i=0 cpl=3 IP=001b:000000000040007c pc=000000000040007c SP=0023:00007fffffffffe8 env->regs[R_EAX]=ffffffff8021822d
RAX=ffffffff8021822d RBX=0000000000000000 RCX=0000000000000780 RDX=0000000000000008
RSI=00007ffffffffff0 RDI=ffffffff8021822d RBP=00007fffffffffe8 RSP=00007fffffffffe8
R8 =0000000000000000 R9 =0000000000000000 R10=0000000000000000 R11=0000000000000000
R12=0000000000000000 R13=0000000000000000 R14=0000000000000000 R15=0000000000000000
RIP=000000000040007c RFL=00000202 [-------] CPL=3 II=0 A20=1 SMM=0 HLT=0
ES =0000 0000000000000000 00000000 00201300
CS =001b 0000000000000000 ffffffff 00affa00 DPL=3 CS64 [-R-]
SS =0023 0000000000000000 ffffffff 008ff200 DPL=3 DS   [-W-]
DS =0000 0000000000000000 00000000 00201300
FS =0000 0000000000000000 00000000 00201300
GS =0000 0000000000000000 00000000 00201300
LDT=0000 0000000000000000 0000ffff 00008200 DPL=0 LDT
TR =0028 ffffffff80215100 00000068 00008900 DPL=0 TSS64-avl
GDT=     ffffffff802043d0 00000037
IDT=     ffffffff802151e0 00000fff
CR0=80000011 CR2=0000000000000000 CR3=0000000000206000 CR4=00000020
DR0=0000000000000000 DR1=0000000000000000 DR2=0000000000000000 DR3=0000000000000000 
DR6=00000000ffff0ff0 DR7=0000000000000400
CCS=0000000000000000 CCD=fffffffffffffff4 CCO=EFLAGS
EFER=0000000000000500
   294: v=20 e=0000 i=0 cpl=3 IP=001b:000000000040007c pc=000000000040007c SP=0023:00007fffffffffe8 env->regs[R_EAX]=ffffffff8021822d
RAX=ffffffff8021822d RBX=0000000000000000 RCX=0000000000000780 RDX=0000000000000008
RSI=00007ffffffffff0 RDI=ffffffff8021822d RBP=00007fffffffffe8 RSP=00007fffffffffe8
R8 =0000000000000000 R9 =0000000000000000 R10=0000000000000000 R11=0000000000000000
R12=0000000000000000 R13=0000000000000000 R14=0000000000000000 R15=0000000000000000
RIP=000000000040007c RFL=00000202 [-------] CPL=3 II=0 A20=1 SMM=0 HLT=0
ES =0000 0000000000000000 00000000 00201300
CS =001b 0000000000000000 ffffffff 00affa00 DPL=3 CS64 [-R-]
SS =0023 0000000000000000 ffffffff 008ff200 DPL=3 DS   [-W-]
DS =0000 0000000000000000 00000000 00201300
FS =0000 0000000000000000 00000000 00201300
GS =0000 0000000000000000 00000000 00201300
LDT=0000 0000000000000000 0000ffff 00008200 DPL=0 LDT
TR =0028 ffffffff80215100 00000068 00008900 DPL=0 TSS64-avl
GDT=     ffffffff802043d0 00000037
IDT=     ffffffff802151e0 00000fff
CR0=80000011 CR2=0000000000000000 CR3=0000000000206000 CR4=00000020
DR0=0000000000000000 DR1=0000000000000000 DR2=0000000000000000 DR3=0000000000000000 
DR6=00000000ffff0ff0 DR7=0000000000000400
CCS=0000000000000000 CCD=fffffffffffffff5 CCO=EFLAGS
EFER=0000000000000500
   295: v=20 e=0000 i=0 cpl=3 IP=001b:000000000040007c pc=000000000040007c SP=0023:00007fffffffffe8 env->regs[R_EAX]=ffffffff8021822d
RAX=ffffffff8021822d RBX=0000000000000000 RCX=0000000000000780 RDX=0000000000000008
RSI=00007ffffffffff0 RDI=ffffffff8021822d RBP=00007fffffffffe8 RSP=00007fffffffffe8
R8 =0000000000000000 R9 =0000000000000000 R10=0000000000000000 R11=0000000000000000
R12=0000000000000000 R13=0000000000000000 R14=0000000000000000 R15=0000000000000000
RIP=000000000040007c RFL=00000202 [-------] CPL=3 II=0 A20=1 SMM=0 HLT=0
ES =0000 0000000000000000 00000000 00201300
CS =001b 0000000000000000 ffffffff 00affa00 DPL=3 CS64 [-R-]
SS =0023 0000000000000000 ffffffff 008ff200 DPL=3 DS   [-W-]
DS =0000 0000000000000000 00000000 00201300
FS =0000 0000000000000000 00000000 00201300
GS =0000 0000000000000000 00000000 00201300
LDT=0000 0000000000000000 0000ffff 00008200 DPL=0 LDT
TR =0028 ffffffff80215100 00000068 00008900 DPL=0 TSS64-avl
GDT=     ffffffff802043d0 00000037
IDT=     ffffffff802151e0 00000fff
CR0=80000011 CR2=0000000000000000 CR3=0000000000206000 CR4=00000020
DR0=0000000000000000 DR1=0000000000000000 DR2=0000000000000000 DR3=0000000000000000 
DR6=00000000ffff0ff0 DR7=0000000000000400
CCS=0000000000000000 CCD=fffffffffffffff6 CCO=EFLAGS
EFER=0000000000000500
   296: v=20 e=0000 i=0 cpl=3 IP=001b:000000000040007c pc=000000000040007c SP=0023:00007fffffffffe8 env->regs[R_EAX]=ffffffff8021822d
RAX=ffffffff8021822d RBX=0000000000000000 RCX=0000000000000780 RDX=0000000000000008
RSI=00007ffffffffff0 RDI=ffffffff8021822d RBP=00007fffffffffe8 RSP=00007fffffffffe8
R8 =0000000000000000 R9 =0000000000000000 R10=0000000000000000 R11=0000000000000000
R12=0000000000000000 R13=0000000000000000 R14=0000000000000000 R15=0000000000000000
RIP=000000000040007c RFL=00000202 [-------] CPL=3 II=0 A20=1 SMM=0 HLT=0
ES =0000 0000000000000000 00000000 00201300
CS =001b 0000000000000000 ffffffff 00affa00 DPL=3 CS64 [-R-]
SS =0023 0000000000000000 ffffffff 008ff200 DPL=3 DS   [-W-]
DS =0000 0000000000000000 00000000 00201300
FS =0000 0000000000000000 00000000 00201300
GS =0000 0000000000000000 00000000 00201300
LDT=0000 0000000000000000 0000ffff 00008200 DPL=0 LDT
TR =0028 ffffffff80215100 00000068 00008900 DPL=0 TSS64-avl
GDT=     ffffffff802043d0 00000037
IDT=     ffffffff802151e0 00000fff
CR0=80000011 CR2=0000000000000000 CR3=0000000000206000 CR4=00000020
DR0=0000000000000000 DR1=0000000000000000 DR2=0000000000000000 DR3=0000000000000000 
DR6=00000000ffff0ff0 DR7=0000000000000400
CCS=0000000000000000 CCD=fffffffffffffff7 CCO=EFLAGS
EFER=0000000000000500
   297: v=20 e=0000 i=0 cpl=3 IP=001b:000000000040007c pc=000000000040007c SP=0023:00007fffffffffe8 env->regs[R_EAX]=ffffffff8021822d
RAX=ffffffff8021822d RBX=0000000000000000 RCX=0000000000000780 RDX=0000000000000008
RSI=00007ffffffffff0 RDI=ffffffff8021822d RBP=00007fffffffffe8 RSP=00007fffffffffe8
R8 =0000000000000000 R9 =0000000000000000 R10=0000000000000000 R11=0000000000000000
R12=0000000000000000 R13=0000000000000000 R14=0000000000000000 R15=0000000000000000
RIP=000000000040007c RFL=00000202 [-------] CPL=3 II=0 A20=1 SMM=0 HLT=0
ES =0000 0000000000000000 00000000 00201300
CS =001b 0000000000000000 ffffffff 00affa00 DPL=3 CS64 [-R-]
SS =0023 0000000000000000 ffffffff 008ff200 DPL=3 DS   [-W-]
DS =0000 0000000000000000 00000000 00201300
FS =0000 0000000000000000 00000000 00201300
GS =0000 0000000000000000 00000000 00201300
LDT=0000 0000000000000000 0000ffff 00008200 DPL=0 LDT
TR =0028 ffffffff80215100 00000068 00008900 DPL=0 TSS64-avl
GDT=     ffffffff802043d0 00000037
IDT=     ffffffff802151e0 00000fff
CR0=80000011 CR2=0000000000000000 CR3=0000000000206000 CR4=00000020
DR0=0000000000000000 DR1=0000000000000000 DR2=0000000000000000 DR3=0000000000000000 
DR6=00000000ffff0ff0 DR7=0000000000000400
CCS=0000000000000000 CCD=fffffffffffffff8 CCO=EFLAGS
EFER=0000000000000500
   298: v=20 e=0000 i=0 cpl=3 IP=001b:000000000040007c pc=000000000040007c SP=0023:00007fffffffffe8 env->regs[R_EAX]=ffffffff8021822d
RAX=ffffffff8021822d RBX=0000000000000000 RCX=0000000000000780 RDX=0000000000000008
RSI=00007ffffffffff0 RDI=ffffffff8021822d RBP=00007fffffffffe8 RSP=00007fffffffffe8
R8 =0000000000000000 R9 =0000000000000000 R10=0000000000000000 R11=0000000000000000
R12=0000000000000000 R13=0000000000000000 R14=0000000000000000 R15=0000000000000000
RIP=000000000040007c RFL=00000202 [-------] CPL=3 II=0 A20=1 SMM=0 HLT=0
ES =0000 0000000000000000 00000000 00201300
CS =001b 0000000000000000 ffffffff 00affa00 DPL=3 CS64 [-R-]
SS =0023 0000000000000000 ffffffff 008ff200 DPL=3 DS   [-W-]
DS =0000 0000000000000000 00000000 00201300
FS =0000 0000000000000000 00000000 00201300
GS =0000 0000000000000000 00000000 00201300
LDT=0000 0000000000000000 0000ffff 00008200 DPL=0 LDT
TR =0028 ffffffff80215100 00000068 00008900 DPL=0 TSS64-avl
GDT=     ffffffff802043d0 00000037
IDT=     ffffffff802151e0 00000fff
CR0=80000011 CR2=0000000000000000 CR3=0000000000206000 CR4=00000020
DR0=0000000000000000 DR1=0000000000000000 DR2=0000000000000000 DR3=0000000000000000 
DR6=00000000ffff0ff0 DR7=0000000000000400
CCS=0000000000000000 CCD=fffffffffffffff9 CCO=EFLAGS
EFER=0000000000000500
   299: v=20 e=0000 i=0 cpl=3 IP=001b:000000000040007c pc=000000000040007c SP=0023:00007fffffffffe8 env->regs[R_EAX]=ffffffff8021822d
RAX=ffffffff8021822d RBX=0000000000000000 RCX=0000000000000780 RDX=0000000000000008
RSI=00007ffffffffff0 RDI=ffffffff8021822d RBP=00007fffffffffe8 RSP=00007fffffffffe8
R8 =0000000000000000 R9 =0000000000000000 R10=0000000000000000 R11=0000000000000000
R12=0000000000000000 R13=0000000000000000 R14=0000000000000000 R15=0000000000000000
RIP=000000000040007c RFL=00000202 [-------] CPL=3 II=0 A20=1 SMM=0 HLT=0
ES =0000 0000000000000000 00000000 00201300
CS =001b 0000000000000000 ffffffff 00affa00 DPL=3 CS64 [-R-]
SS =0023 0000000000000000 ffffffff 008ff200 DPL=3 DS   [-W-]
DS =0000 0000000000000000 00000000 00201300
FS =0000 0000000000000000 00000000 00201300
GS =0000 0000000000000000 00000000 00201300
LDT=0000 0000000000000000 0000ffff 00008200 DPL=0 LDT
TR =0028 ffffffff80215100 00000068 00008900 DPL=0 TSS64-avl
GDT=     ffffffff802043d0 00000037
IDT=     ffffffff802151e0 00000fff
CR0=80000011 CR2=0000000000000000 CR3=0000000000206000 CR4=00000020
DR0=0000000000000000 DR1=0000000000000000 DR2=0000000000000000 DR3=0000000000000000 
DR6=00000000ffff0ff0 DR7=0000000000000400
CCS=0000000000000000 CCD=fffffffffffffffa CCO=EFLAGS
EFER=0000000000000500
   300: v=20 e=0000 i=0 cpl=3 IP=001b:000000000040007c pc=000000000040007c SP=0023:00007fffffffffe8 env->regs[R_EAX]=ffffffff8021822d
RAX=ffffffff8021822d RBX=0000000000000000 RCX=0000000000000780 RDX=0000000000000008
RSI=00007ffffffffff0 RDI=ffffffff8021822d RBP=00007fffffffffe8 RSP=00007fffffffffe8
R8 =0000000000000000 R9 =0000000000000000 R10=0000000000000000 R11=0000000000000000
R12=0000000000000000 R13=0000000000000000 R14=0000000000000000 R15=0000000000000000
RIP=000000000040007c RFL=00000202 [-------] CPL=3 II=0 A20=1 SMM=0 HLT=0
ES =0000 0000000000000000 00000000 00201300
CS =001b 0000000000000000 ffffffff 00affa00 DPL=3 CS64 [-R-]
SS =0023 0000000000000000 ffffffff 008ff200 DPL=3 DS   [-W-]
DS =0000 0000000000000000 00000000 00201300
FS =0000 0000000000000000 00000000 00201300
GS =0000 0000000000000000 00000000 00201300
LDT=0000 0000000000000000 0000ffff 00008200 DPL=0 LDT
TR =0028 ffffffff80215100 00000068 00008900 DPL=0 TSS64-avl
GDT=     ffffffff802043d0 00000037
IDT=     ffffffff802151e0 00000fff
CR0=80000011 CR2=0000000000000000 CR3=0000000000206000 CR4=00000020
DR0=0000000000000000 DR1=0000000000000000 DR2=0000000000000000 DR3=0000000000000000 
DR6=00000000ffff0ff0 DR7=0000000000000400
CCS=0000000000000000 CCD=fffffffffffffffb CCO=EFLAGS
EFER=0000000000000500
   301: v=20 e=0000 i=0 cpl=3 IP=001b:000000000040007c pc=000000000040007c SP=0023:00007fffffffffe8 env->regs[R_EAX]=ffffffff8021822d
RAX=ffffffff8021822d RBX=0000000000000000 RCX=0000000000000780 RDX=0000000000000008
RSI=00007ffffffffff0 RDI=ffffffff8021822d RBP=00007fffffffffe8 RSP=00007fffffffffe8
R8 =0000000000000000 R9 =0000000000000000 R10=0000000000000000 R11=0000000000000000
R12=0000000000000000 R13=0000000000000000 R14=0000000000000000 R15=0000000000000000
RIP=000000000040007c RFL=00000202 [-------] CPL=3 II=0 A20=1 SMM=0 HLT=0
ES =0000 0000000000000000 00000000 00201300
CS =001b 0000000000000000 ffffffff 00affa00 DPL=3 CS64 [-R-]
SS =0023 0000000000000000 ffffffff 008ff200 DPL=3 DS   [-W-]
DS =0000 0000000000000000 00000000 00201300
FS =0000 0000000000000000 00000000 00201300
GS =0000 0000000000000000 00000000 00201300
LDT=0000 0000000000000000 0000ffff 00008200 DPL=0 LDT
TR =0028 ffffffff80215100 00000068 00008900 DPL=0 TSS64-avl
GDT=     ffffffff802043d0 00000037
IDT=     ffffffff802151e0 00000fff
CR0=80000011 CR2=0000000000000000 CR3=0000000000206000 CR4=00000020
DR0=0000000000000000 DR1=0000000000000000 DR2=0000000000000000 DR3=0000000000000000 
DR6=00000000ffff0ff0 DR7=0000000000000400
CCS=0000000000000000 CCD=fffffffffffffffc CCO=EFLAGS
EFER=0000000000000500
   302: v=20 e=0000 i=0 cpl=3 IP=001b:000000000040007c pc=000000000040007c SP=0023:00007fffffffffe8 env->regs[R_EAX]=ffffffff8021822d
RAX=ffffffff8021822d RBX=0000000000000000 RCX=0000000000000780 RDX=0000000000000008
RSI=00007ffffffffff0 RDI=ffffffff8021822d RBP=00007fffffffffe8 RSP=00007fffffffffe8
R8 =0000000000000000 R9 =0000000000000000 R10=0000000000000000 R11=0000000000000000
R12=0000000000000000 R13=0000000000000000 R14=0000000000000000 R15=0000000000000000
RIP=000000000040007c RFL=00000202 [-------] CPL=3 II=0 A20=1 SMM=0 HLT=0
ES =0000 0000000000000000 00000000 00201300
CS =001b 0000000000000000 ffffffff 00affa00 DPL=3 CS64 [-R-]
SS =0023 0000000000000000 ffffffff 008ff200 DPL=3 DS   [-W-]
DS =0000 0000000000000000 00000000 00201300
FS =0000 0000000000000000 00000000 00201300
GS =0000 0000000000000000 00000000 00201300
LDT=0000 0000000000000000 0000ffff 00008200 DPL=0 LDT
TR =0028 ffffffff80215100 00000068 00008900 DPL=0 TSS64-avl
GDT=     ffffffff802043d0 00000037
IDT=     ffffffff802151e0 00000fff
CR0=80000011 CR2=0000000000000000 CR3=0000000000206000 CR4=00000020
DR0=0000000000000000 DR1=0000000000000000 DR2=0000000000000000 DR3=0000000000000000 
DR6=00000000ffff0ff0 DR7=0000000000000400
CCS=0000000000000000 CCD=fffffffffffffffd CCO=EFLAGS
EFER=0000000000000500
   303: v=20 e=0000 i=0 cpl=3 IP=001b:000000000040007c pc=000000000040007c SP=0023:00007fffffffffe8 env->regs[R_EAX]=ffffffff8021822d
RAX=ffffffff8021822d RBX=0000000000000000 RCX=0000000000000780 RDX=0000000000000008
RSI=00007ffffffffff0 RDI=ffffffff8021822d RBP=00007fffffffffe8 RSP=00007fffffffffe8
R8 =0000000000000000 R9 =0000000000000000 R10=0000000000000000 R11=0000000000000000
R12=0000000000000000 R13=0000000000000000 R14=0000000000000000 R15=0000000000000000
RIP=000000000040007c RFL=00000202 [-------] CPL=3 II=0 A20=1 SMM=0 HLT=0
ES =0000 0000000000000000 00000000 00201300
CS =001b 0000000000000000 ffffffff 00affa00 DPL=3 CS64 [-R-]
SS =0023 0000000000000000 ffffffff 008ff200 DPL=3 DS   [-W-]
DS =0000 0000000000000000 00000000 00201300
FS =0000 0000000000000000 00000000 00201300
GS =0000 0000000000000000 00000000 00201300
LDT=0000 0000000000000000 0000ffff 00008200 DPL=0 LDT
TR =0028 ffffffff80215100 00000068 00008900 DPL=0 TSS64-avl
GDT=     ffffffff802043d0 00000037
IDT=     ffffffff802151e0 00000fff
CR0=80000011 CR2=0000000000000000 CR3=0000000000206000 CR4=00000020
DR0=0000000000000000 DR1=0000000000000000 DR2=0000000000000000 DR3=0000000000000000 
DR6=00000000ffff0ff0 DR7=0000000000000400
CCS=0000000000000000 CCD=fffffffffffffffe CCO=EFLAGS
EFER=0000000000000500
   304: v=20 e=0000 i=0 cpl=3 IP=001b:000000000040007c pc=000000000040007c SP=0023:00007fffffffffe8 env->regs[R_EAX]=ffffffff8021822d
RAX=ffffffff8021822d RBX=0000000000000000 RCX=0000000000000780 RDX=0000000000000008
RSI=00007ffffffffff0 RDI=ffffffff8021822d RBP=00007fffffffffe8 RSP=00007fffffffffe8
R8 =0000000000000000 R9 =0000000000000000 R10=0000000000000000 R11=0000000000000000
R12=0000000000000000 R13=0000000000000000 R14=0000000000000000 R15=0000000000000000
RIP=000000000040007c RFL=00000202 [-------] CPL=3 II=0 A20=1 SMM=0 HLT=0
ES =0000 0000000000000000 00000000 00201300
CS =001b 0000000000000000 ffffffff 00affa00 DPL=3 CS64 [-R-]
SS =0023 0000000000000000 ffffffff 008ff200 DPL=3 DS   [-W-]
DS =0000 0000000000000000 00000000 00201300
FS =0000 0000000000000000 00000000 00201300
GS =0000 0000000000000000 00000000 00201300
LDT=0000 0000000000000000 0000ffff 00008200 DPL=0 LDT
TR =0028 ffffffff80215100 00000068 00008900 DPL=0 TSS64-avl
GDT=     ffffffff802043d0 00000037
IDT=     ffffffff802151e0 00000fff
CR0=80000011 CR2=0000000000000000 CR3=0000000000206000 CR4=00000020
DR0=0000000000000000 DR1=0000000000000000 DR2=0000000000000000 DR3=0000000000000000 
DR6=00000000ffff0ff0 DR7=0000000000000400
CCS=0000000000000000 CCD=ffffffffffffffff CCO=EFLAGS
EFER=0000000000000500
   305: v=20 e=0000 i=0 cpl=3 IP=001b:000000000040007c pc=000000000040007c SP=0023:00007fffffffffe8 env->regs[R_EAX]=ffffffff8021822d
RAX=ffffffff8021822d RBX=0000000000000000 RCX=0000000000000780 RDX=0000000000000008
RSI=00007ffffffffff0 RDI=ffffffff8021822d RBP=00007fffffffffe8 RSP=00007fffffffffe8
R8 =0000000000000000 R9 =0000000000000000 R10=0000000000000000 R11=0000000000000000
R12=0000000000000000 R13=0000000000000000 R14=0000000000000000 R15=0000000000000000
RIP=000000000040007c RFL=00000202 [-------] CPL=3 II=0 A20=1 SMM=0 HLT=0
ES =0000 0000000000000000 00000000 00201300
CS =001b 0000000000000000 ffffffff 00affa00 DPL=3 CS64 [-R-]
SS =0023 0000000000000000 ffffffff 008ff200 DPL=3 DS   [-W-]
DS =0000 0000000000000000 00000000 00201300
FS =0000 0000000000000000 00000000 00201300
GS =0000 0000000000000000 00000000 00201300
LDT=0000 0000000000000000 0000ffff 00008200 DPL=0 LDT
TR =0028 ffffffff80215100 00000068 00008900 DPL=0 TSS64-avl
GDT=     ffffffff802043d0 00000037
IDT=     ffffffff802151e0 00000fff
CR0=80000011 CR2=0000000000000000 CR3=0000000000206000 CR4=00000020
DR0=0000000000000000 DR1=0000000000000000 DR2=0000000000000000 DR3=0000000000000000 
DR6=00000000ffff0ff0 DR7=0000000000000400
CCS=0000000000000000 CCD=0000000000000000 CCO=EFLAGS
EFER=0000000000000500
   306: v=20 e=0000 i=0 cpl=0 IP=0008:ffffffff802000a9 pc=ffffffff802000a9 SP=0010:ffffffff80219370 env->regs[R_EAX]=0000000000000000
RAX=0000000000000000 RBX=000002d000000000 RCX=0000000000000780 RDX=000000000000001a
RSI=0000030000000000 RDI=0000000000000018 RBP=ffffffff80219370 RSP=ffffffff80219370
R8 =0000032000000000 R9 =0000033000000000 R10=0000034000000000 R11=0000035000000000
R12=0000036000000000 R13=0000037000000000 R14=0000038000000000 R15=0000039000000000
RIP=ffffffff802000a9 RFL=00000246 [---Z-P-] CPL=0 II=0 A20=1 SMM=0 HLT=0
ES =0000 0000000000000000 00000000 00201300
CS =0008 0000000000000000 00000000 00209800 DPL=0 CS64 [---]
SS =0010 0000000000000000 00000000 00209300 DPL=0 DS   [-WA]
DS =0000 0000000000000000 00000000 00201300
FS =0000 0000000000000000 00000000 00201300
GS =0000 0000000000000000 00000000 00201300
LDT=0000 0000000000000000 0000ffff 00008200 DPL=0 LDT
TR =0028 ffffffff80215100 00000068 00008900 DPL=0 TSS64-avl
GDT=     ffffffff802043d0 00000037
IDT=     ffffffff802151e0 00000fff
CR0=80000011 CR2=0000000000000000 CR3=0000000000206000 CR4=00000020
DR0=0000000000000000 DR1=0000000000000000 DR2=0000000000000000 DR3=0000000000000000 
DR6=00000000ffff0ff0 DR7=0000000000000400
CCS=0000000000000044 CCD=0000000000000011 CCO=EFLAGS
EFER=0000000000000500
   307: v=20 e=0000 i=0 cpl=0 IP=0008:ffffffff802000a9 pc=ffffffff802000a9 SP=0010:ffffffff80219370 env->regs[R_EAX]=0000000000000000
RAX=0000000000000000 RBX=000002d000000000 RCX=0000000000000780 RDX=000000000000001a
RSI=0000030000000000 RDI=0000000000000018 RBP=ffffffff80219370 RSP=ffffffff80219370
R8 =0000032000000000 R9 =0000033000000000 R10=0000034000000000 R11=0000035000000000
R12=0000036000000000 R13=0000037000000000 R14=0000038000000000 R15=0000039000000000
RIP=ffffffff802000a9 RFL=00000246 [---Z-P-] CPL=0 II=0 A20=1 SMM=0 HLT=0
ES =0000 0000000000000000 00000000 00201300
CS =0008 0000000000000000 00000000 00209800 DPL=0 CS64 [---]
SS =0010 0000000000000000 00000000 00209300 DPL=0 DS   [-WA]
DS =0000 0000000000000000 00000000 00201300
FS =0000 0000000000000000 00000000 00201300
GS =0000 0000000000000000 00000000 00201300
LDT=0000 0000000000000000 0000ffff 00008200 DPL=0 LDT
TR =0028 ffffffff80215100 00000068 00008900 DPL=0 TSS64-avl
GDT=     ffffffff802043d0 00000037
IDT=     ffffffff802151e0 00000fff
CR0=80000011 CR2=0000000000000000 CR3=0000000000206000 CR4=00000020
DR0=0000000000000000 DR1=0000000000000000 DR2=0000000000000000 DR3=0000000000000000 
DR6=00000000ffff0ff0 DR7=0000000000000400
CCS=0000000000000044 CCD=fffffffffffffff0 CCO=EFLAGS
EFER=0000000000000500
   308: v=20 e=0000 i=0 cpl=0 IP=0008:ffffffff802000a9 pc=ffffffff802000a9 SP=0010:ffffffff80219370 env->regs[R_EAX]=0000000000000000
RAX=0000000000000000 RBX=000002d000000000 RCX=0000000000000780 RDX=000000000000001a
RSI=0000030000000000 RDI=0000000000000018 RBP=ffffffff80219370 RSP=ffffffff80219370
R8 =0000032000000000 R9 =0000033000000000 R10=0000034000000000 R11=0000035000000000
R12=0000036000000000 R13=0000037000000000 R14=0000038000000000 R15=0000039000000000
RIP=ffffffff802000a9 RFL=00000246 [---Z-P-] CPL=0 II=0 A20=1 SMM=0 HLT=0
ES =0000 0000000000000000 00000000 00201300
CS =0008 0000000000000000 00000000 00209800 DPL=0 CS64 [---]
SS =0010 0000000000000000 00000000 00209300 DPL=0 DS   [-WA]
DS =0000 0000000000000000 00000000 00201300
FS =0000 0000000000000000 00000000 00201300
GS =0000 0000000000000000 00000000 00201300
LDT=0000 0000000000000000 0000ffff 00008200 DPL=0 LDT
TR =0028 ffffffff80215100 00000068 00008900 DPL=0 TSS64-avl
GDT=     ffffffff802043d0 00000037
IDT=     ffffffff802151e0 00000fff
CR0=80000011 CR2=0000000000000000 CR3=0000000000206000 CR4=00000020
DR0=0000000000000000 DR1=0000000000000000 DR2=0000000000000000 DR3=0000000000000000 
DR6=00000000ffff0ff0 DR7=0000000000000400
CCS=0000000000000044 CCD=fffffffffffffff1 CCO=EFLAGS
EFER=0000000000000500
   309: v=20 e=0000 i=0 cpl=0 IP=0008:ffffffff802000a9 pc=ffffffff802000a9 SP=0010:ffffffff80219370 env->regs[R_EAX]=0000000000000000
RAX=0000000000000000 RBX=000002d000000000 RCX=0000000000000780 RDX=000000000000001a
RSI=0000030000000000 RDI=0000000000000018 RBP=ffffffff80219370 RSP=ffffffff80219370
R8 =0000032000000000 R9 =0000033000000000 R10=0000034000000000 R11=0000035000000000
R12=0000036000000000 R13=0000037000000000 R14=0000038000000000 R15=0000039000000000
RIP=ffffffff802000a9 RFL=00000246 [---Z-P-] CPL=0 II=0 A20=1 SMM=0 HLT=0
ES =0000 0000000000000000 00000000 00201300
CS =0008 0000000000000000 00000000 00209800 DPL=0 CS64 [---]
SS =0010 0000000000000000 00000000 00209300 DPL=0 DS   [-WA]
DS =0000 0000000000000000 00000000 00201300
FS =0000 0000000000000000 00000000 00201300
GS =0000 0000000000000000 00000000 00201300
LDT=0000 0000000000000000 0000ffff 00008200 DPL=0 LDT
TR =0028 ffffffff80215100 00000068 00008900 DPL=0 TSS64-avl
GDT=     ffffffff802043d0 00000037
IDT=     ffffffff802151e0 00000fff
CR0=80000011 CR2=0000000000000000 CR3=0000000000206000 CR4=00000020
DR0=0000000000000000 DR1=0000000000000000 DR2=0000000000000000 DR3=0000000000000000 
DR6=00000000ffff0ff0 DR7=0000000000000400
CCS=0000000000000044 CCD=fffffffffffffff2 CCO=EFLAGS
EFER=0000000000000500
   310: v=20 e=0000 i=0 cpl=0 IP=0008:ffffffff802000a9 pc=ffffffff802000a9 SP=0010:ffffffff80219370 env->regs[R_EAX]=0000000000000000
RAX=0000000000000000 RBX=000002d000000000 RCX=0000000000000780 RDX=000000000000001a
RSI=0000030000000000 RDI=0000000000000018 RBP=ffffffff80219370 RSP=ffffffff80219370
R8 =0000032000000000 R9 =0000033000000000 R10=0000034000000000 R11=0000035000000000
R12=0000036000000000 R13=0000037000000000 R14=0000038000000000 R15=0000039000000000
RIP=ffffffff802000a9 RFL=00000246 [---Z-P-] CPL=0 II=0 A20=1 SMM=0 HLT=0
ES =0000 0000000000000000 00000000 00201300
CS =0008 0000000000000000 00000000 00209800 DPL=0 CS64 [---]
SS =0010 0000000000000000 00000000 00209300 DPL=0 DS   [-WA]
DS =0000 0000000000000000 00000000 00201300
FS =0000 0000000000000000 00000000 00201300
GS =0000 0000000000000000 00000000 00201300
LDT=0000 0000000000000000 0000ffff 00008200 DPL=0 LDT
TR =0028 ffffffff80215100 00000068 00008900 DPL=0 TSS64-avl
GDT=     ffffffff802043d0 00000037
IDT=     ffffffff802151e0 00000fff
CR0=80000011 CR2=0000000000000000 CR3=0000000000206000 CR4=00000020
DR0=0000000000000000 DR1=0000000000000000 DR2=0000000000000000 DR3=0000000000000000 
DR6=00000000ffff0ff0 DR7=0000000000000400
CCS=0000000000000044 CCD=fffffffffffffff3 CCO=EFLAGS
EFER=0000000000000500
   311: v=20 e=0000 i=0 cpl=0 IP=0008:ffffffff802000a9 pc=ffffffff802000a9 SP=0010:ffffffff80219370 env->regs[R_EAX]=0000000000000000
RAX=0000000000000000 RBX=000002d000000000 RCX=0000000000000780 RDX=000000000000001a
RSI=0000030000000000 RDI=0000000000000018 RBP=ffffffff80219370 RSP=ffffffff80219370
R8 =0000032000000000 R9 =0000033000000000 R10=0000034000000000 R11=0000035000000000
R12=0000036000000000 R13=0000037000000000 R14=0000038000000000 R15=0000039000000000
RIP=ffffffff802000a9 RFL=00000246 [---Z-P-] CPL=0 II=0 A20=1 SMM=0 HLT=0
ES =0000 0000000000000000 00000000 00201300
CS =0008 0000000000000000 00000000 00209800 DPL=0 CS64 [---]
SS =0010 0000000000000000 00000000 00209300 DPL=0 DS   [-WA]
DS =0000 0000000000000000 00000000 00201300
FS =0000 0000000000000000 00000000 00201300
GS =0000 0000000000000000 00000000 00201300
LDT=0000 0000000000000000 0000ffff 00008200 DPL=0 LDT
TR =0028 ffffffff80215100 00000068 00008900 DPL=0 TSS64-avl
GDT=     ffffffff802043d0 00000037
IDT=     ffffffff802151e0 00000fff
CR0=80000011 CR2=0000000000000000 CR3=0000000000206000 CR4=00000020
DR0=0000000000000000 DR1=0000000000000000 DR2=0000000000000000 DR3=0000000000000000 
DR6=00000000ffff0ff0 DR7=0000000000000400
CCS=0000000000000044 CCD=fffffffffffffff4 CCO=EFLAGS
EFER=0000000000000500
   312: v=20 e=0000 i=0 cpl=0 IP=0008:ffffffff802000a9 pc=ffffffff802000a9 SP=0010:ffffffff80219370 env->regs[R_EAX]=0000000000000000
RAX=0000000000000000 RBX=000002d000000000 RCX=0000000000000780 RDX=000000000000001a
RSI=0000030000000000 RDI=0000000000000018 RBP=ffffffff80219370 RSP=ffffffff80219370
R8 =0000032000000000 R9 =0000033000000000 R10=0000034000000000 R11=0000035000000000
R12=0000036000000000 R13=0000037000000000 R14=0000038000000000 R15=0000039000000000
RIP=ffffffff802000a9 RFL=00000246 [---Z-P-] CPL=0 II=0 A20=1 SMM=0 HLT=0
ES =0000 0000000000000000 00000000 00201300
CS =0008 0000000000000000 00000000 00209800 DPL=0 CS64 [---]
SS =0010 0000000000000000 00000000 00209300 DPL=0 DS   [-WA]
DS =0000 0000000000000000 00000000 00201300
FS =0000 0000000000000000 00000000 00201300
GS =0000 0000000000000000 00000000 00201300
LDT=0000 0000000000000000 0000ffff 00008200 DPL=0 LDT
TR =0028 ffffffff80215100 00000068 00008900 DPL=0 TSS64-avl
GDT=     ffffffff802043d0 00000037
IDT=     ffffffff802151e0 00000fff
CR0=80000011 CR2=0000000000000000 CR3=0000000000206000 CR4=00000020
DR0=0000000000000000 DR1=0000000000000000 DR2=0000000000000000 DR3=0000000000000000 
DR6=00000000ffff0ff0 DR7=0000000000000400
CCS=0000000000000044 CCD=fffffffffffffff5 CCO=EFLAGS
EFER=0000000000000500
   313: v=20 e=0000 i=0 cpl=0 IP=0008:ffffffff802000a9 pc=ffffffff802000a9 SP=0010:ffffffff80219370 env->regs[R_EAX]=0000000000000000
RAX=0000000000000000 RBX=000002d000000000 RCX=0000000000000780 RDX=000000000000001a
RSI=0000030000000000 RDI=0000000000000018 RBP=ffffffff80219370 RSP=ffffffff80219370
R8 =0000032000000000 R9 =0000033000000000 R10=0000034000000000 R11=0000035000000000
R12=0000036000000000 R13=0000037000000000 R14=0000038000000000 R15=0000039000000000
RIP=ffffffff802000a9 RFL=00000246 [---Z-P-] CPL=0 II=0 A20=1 SMM=0 HLT=0
ES =0000 0000000000000000 00000000 00201300
CS =0008 0000000000000000 00000000 00209800 DPL=0 CS64 [---]
SS =0010 0000000000000000 00000000 00209300 DPL=0 DS   [-WA]
DS =0000 0000000000000000 00000000 00201300
FS =0000 0000000000000000 00000000 00201300
GS =0000 0000000000000000 00000000 00201300
LDT=0000 0000000000000000 0000ffff 00008200 DPL=0 LDT
TR =0028 ffffffff80215100 00000068 00008900 DPL=0 TSS64-avl
GDT=     ffffffff802043d0 00000037
IDT=     ffffffff802151e0 00000fff
CR0=80000011 CR2=0000000000000000 CR3=0000000000206000 CR4=00000020
DR0=0000000000000000 DR1=0000000000000000 DR2=0000000000000000 DR3=0000000000000000 
DR6=00000000ffff0ff0 DR7=0000000000000400
CCS=0000000000000044 CCD=fffffffffffffff6 CCO=EFLAGS
EFER=0000000000000500
   314: v=20 e=0000 i=0 cpl=0 IP=0008:ffffffff802000a9 pc=ffffffff802000a9 SP=0010:ffffffff80219370 env->regs[R_EAX]=0000000000000000
RAX=0000000000000000 RBX=000002d000000000 RCX=0000000000000780 RDX=000000000000001a
RSI=0000030000000000 RDI=0000000000000018 RBP=ffffffff80219370 RSP=ffffffff80219370
R8 =0000032000000000 R9 =0000033000000000 R10=0000034000000000 R11=0000035000000000
R12=0000036000000000 R13=0000037000000000 R14=0000038000000000 R15=0000039000000000
RIP=ffffffff802000a9 RFL=00000246 [---Z-P-] CPL=0 II=0 A20=1 SMM=0 HLT=0
ES =0000 0000000000000000 00000000 00201300
CS =0008 0000000000000000 00000000 00209800 DPL=0 CS64 [---]
SS =0010 0000000000000000 00000000 00209300 DPL=0 DS   [-WA]
DS =0000 0000000000000000 00000000 00201300
FS =0000 0000000000000000 00000000 00201300
GS =0000 0000000000000000 00000000 00201300
LDT=0000 0000000000000000 0000ffff 00008200 DPL=0 LDT
TR =0028 ffffffff80215100 00000068 00008900 DPL=0 TSS64-avl
GDT=     ffffffff802043d0 00000037
IDT=     ffffffff802151e0 00000fff
CR0=80000011 CR2=0000000000000000 CR3=0000000000206000 CR4=00000020
DR0=0000000000000000 DR1=0000000000000000 DR2=0000000000000000 DR3=0000000000000000 
DR6=00000000ffff0ff0 DR7=0000000000000400
CCS=0000000000000044 CCD=fffffffffffffff7 CCO=EFLAGS
EFER=0000000000000500
   315: v=20 e=0000 i=0 cpl=0 IP=0008:ffffffff802000a9 pc=ffffffff802000a9 SP=0010:ffffffff80219370 env->regs[R_EAX]=0000000000000000
RAX=0000000000000000 RBX=000002d000000000 RCX=0000000000000780 RDX=000000000000001a
RSI=0000030000000000 RDI=0000000000000018 RBP=ffffffff80219370 RSP=ffffffff80219370
R8 =0000032000000000 R9 =0000033000000000 R10=0000034000000000 R11=0000035000000000
R12=0000036000000000 R13=0000037000000000 R14=0000038000000000 R15=0000039000000000
RIP=ffffffff802000a9 RFL=00000246 [---Z-P-] CPL=0 II=0 A20=1 SMM=0 HLT=0
ES =0000 0000000000000000 00000000 00201300
CS =0008 0000000000000000 00000000 00209800 DPL=0 CS64 [---]
SS =0010 0000000000000000 00000000 00209300 DPL=0 DS   [-WA]
DS =0000 0000000000000000 00000000 00201300
FS =0000 0000000000000000 00000000 00201300
GS =0000 0000000000000000 00000000 00201300
LDT=0000 0000000000000000 0000ffff 00008200 DPL=0 LDT
TR =0028 ffffffff80215100 00000068 00008900 DPL=0 TSS64-avl
GDT=     ffffffff802043d0 00000037
IDT=     ffffffff802151e0 00000fff
CR0=80000011 CR2=0000000000000000 CR3=0000000000206000 CR4=00000020
DR0=0000000000000000 DR1=0000000000000000 DR2=0000000000000000 DR3=0000000000000000 
DR6=00000000ffff0ff0 DR7=0000000000000400
CCS=0000000000000044 CCD=fffffffffffffff8 CCO=EFLAGS
EFER=0000000000000500
   316: v=20 e=0000 i=0 cpl=0 IP=0008:ffffffff802000a9 pc=ffffffff802000a9 SP=0010:ffffffff80219370 env->regs[R_EAX]=0000000000000000
RAX=0000000000000000 RBX=000002d000000000 RCX=0000000000000780 RDX=000000000000001a
RSI=0000030000000000 RDI=0000000000000018 RBP=ffffffff80219370 RSP=ffffffff80219370
R8 =0000032000000000 R9 =0000033000000000 R10=0000034000000000 R11=0000035000000000
R12=0000036000000000 R13=0000037000000000 R14=0000038000000000 R15=0000039000000000
RIP=ffffffff802000a9 RFL=00000246 [---Z-P-] CPL=0 II=0 A20=1 SMM=0 HLT=0
ES =0000 0000000000000000 00000000 00201300
CS =0008 0000000000000000 00000000 00209800 DPL=0 CS64 [---]
SS =0010 0000000000000000 00000000 00209300 DPL=0 DS   [-WA]
DS =0000 0000000000000000 00000000 00201300
FS =0000 0000000000000000 00000000 00201300
GS =0000 0000000000000000 00000000 00201300
LDT=0000 0000000000000000 0000ffff 00008200 DPL=0 LDT
TR =0028 ffffffff80215100 00000068 00008900 DPL=0 TSS64-avl
GDT=     ffffffff802043d0 00000037
IDT=     ffffffff802151e0 00000fff
CR0=80000011 CR2=0000000000000000 CR3=0000000000206000 CR4=00000020
DR0=0000000000000000 DR1=0000000000000000 DR2=0000000000000000 DR3=0000000000000000 
DR6=00000000ffff0ff0 DR7=0000000000000400
CCS=0000000000000044 CCD=fffffffffffffff9 CCO=EFLAGS
EFER=0000000000000500
   317: v=20 e=0000 i=0 cpl=0 IP=0008:ffffffff802000a9 pc=ffffffff802000a9 SP=0010:ffffffff80219370 env->regs[R_EAX]=0000000000000000
RAX=0000000000000000 RBX=000002d000000000 RCX=0000000000000780 RDX=000000000000001a
RSI=0000030000000000 RDI=0000000000000018 RBP=ffffffff80219370 RSP=ffffffff80219370
R8 =0000032000000000 R9 =0000033000000000 R10=0000034000000000 R11=0000035000000000
R12=0000036000000000 R13=0000037000000000 R14=0000038000000000 R15=0000039000000000
RIP=ffffffff802000a9 RFL=00000246 [---Z-P-] CPL=0 II=0 A20=1 SMM=0 HLT=0
ES =0000 0000000000000000 00000000 00201300
CS =0008 0000000000000000 00000000 00209800 DPL=0 CS64 [---]
SS =0010 0000000000000000 00000000 00209300 DPL=0 DS   [-WA]
DS =0000 0000000000000000 00000000 00201300
FS =0000 0000000000000000 00000000 00201300
GS =0000 0000000000000000 00000000 00201300
LDT=0000 0000000000000000 0000ffff 00008200 DPL=0 LDT
TR =0028 ffffffff80215100 00000068 00008900 DPL=0 TSS64-avl
GDT=     ffffffff802043d0 00000037
IDT=     ffffffff802151e0 00000fff
CR0=80000011 CR2=0000000000000000 CR3=0000000000206000 CR4=00000020
DR0=0000000000000000 DR1=0000000000000000 DR2=0000000000000000 DR3=0000000000000000 
DR6=00000000ffff0ff0 DR7=0000000000000400
CCS=0000000000000044 CCD=fffffffffffffffa CCO=EFLAGS
EFER=0000000000000500
   318: v=20 e=0000 i=0 cpl=0 IP=0008:ffffffff802000a9 pc=ffffffff802000a9 SP=0010:ffffffff80219370 env->regs[R_EAX]=0000000000000000
RAX=0000000000000000 RBX=000002d000000000 RCX=0000000000000780 RDX=000000000000001a
RSI=0000030000000000 RDI=0000000000000018 RBP=ffffffff80219370 RSP=ffffffff80219370
R8 =0000032000000000 R9 =0000033000000000 R10=0000034000000000 R11=0000035000000000
R12=0000036000000000 R13=0000037000000000 R14=0000038000000000 R15=0000039000000000
RIP=ffffffff802000a9 RFL=00000246 [---Z-P-] CPL=0 II=0 A20=1 SMM=0 HLT=0
ES =0000 0000000000000000 00000000 00201300
CS =0008 0000000000000000 00000000 00209800 DPL=0 CS64 [---]
SS =0010 0000000000000000 00000000 00209300 DPL=0 DS   [-WA]
DS =0000 0000000000000000 00000000 00201300
FS =0000 0000000000000000 00000000 00201300
GS =0000 0000000000000000 00000000 00201300
LDT=0000 0000000000000000 0000ffff 00008200 DPL=0 LDT
TR =0028 ffffffff80215100 00000068 00008900 DPL=0 TSS64-avl
GDT=     ffffffff802043d0 00000037
IDT=     ffffffff802151e0 00000fff
CR0=80000011 CR2=0000000000000000 CR3=0000000000206000 CR4=00000020
DR0=0000000000000000 DR1=0000000000000000 DR2=0000000000000000 DR3=0000000000000000 
DR6=00000000ffff0ff0 DR7=0000000000000400
CCS=0000000000000044 CCD=fffffffffffffffb CCO=EFLAGS
EFER=0000000000000500
   319: v=20 e=0000 i=0 cpl=0 IP=0008:ffffffff802000a9 pc=ffffffff802000a9 SP=0010:ffffffff80219370 env->regs[R_EAX]=0000000000000000
RAX=0000000000000000 RBX=000002d000000000 RCX=0000000000000780 RDX=000000000000001a
RSI=0000030000000000 RDI=0000000000000018 RBP=ffffffff80219370 RSP=ffffffff80219370
R8 =0000032000000000 R9 =0000033000000000 R10=0000034000000000 R11=0000035000000000
R12=0000036000000000 R13=0000037000000000 R14=0000038000000000 R15=0000039000000000
RIP=ffffffff802000a9 RFL=00000246 [---Z-P-] CPL=0 II=0 A20=1 SMM=0 HLT=0
ES =0000 0000000000000000 00000000 00201300
CS =0008 0000000000000000 00000000 00209800 DPL=0 CS64 [---]
SS =0010 0000000000000000 00000000 00209300 DPL=0 DS   [-WA]
DS =0000 0000000000000000 00000000 00201300
FS =0000 0000000000000000 00000000 00201300
GS =0000 0000000000000000 00000000 00201300
LDT=0000 0000000000000000 0000ffff 00008200 DPL=0 LDT
TR =0028 ffffffff80215100 00000068 00008900 DPL=0 TSS64-avl
GDT=     ffffffff802043d0 00000037
IDT=     ffffffff802151e0 00000fff
CR0=80000011 CR2=0000000000000000 CR3=0000000000206000 CR4=00000020
DR0=0000000000000000 DR1=0000000000000000 DR2=0000000000000000 DR3=0000000000000000 
DR6=00000000ffff0ff0 DR7=0000000000000400
CCS=0000000000000044 CCD=fffffffffffffffc CCO=EFLAGS
EFER=0000000000000500
   320: v=20 e=0000 i=0 cpl=0 IP=0008:ffffffff802000a9 pc=ffffffff802000a9 SP=0010:ffffffff80219370 env->regs[R_EAX]=0000000000000000
RAX=0000000000000000 RBX=000002d000000000 RCX=0000000000000780 RDX=000000000000001a
RSI=0000030000000000 RDI=0000000000000018 RBP=ffffffff80219370 RSP=ffffffff80219370
R8 =0000032000000000 R9 =0000033000000000 R10=0000034000000000 R11=0000035000000000
R12=0000036000000000 R13=0000037000000000 R14=0000038000000000 R15=0000039000000000
RIP=ffffffff802000a9 RFL=00000246 [---Z-P-] CPL=0 II=0 A20=1 SMM=0 HLT=0
ES =0000 0000000000000000 00000000 00201300
CS =0008 0000000000000000 00000000 00209800 DPL=0 CS64 [---]
SS =0010 0000000000000000 00000000 00209300 DPL=0 DS   [-WA]
DS =0000 0000000000000000 00000000 00201300
FS =0000 0000000000000000 00000000 00201300
GS =0000 0000000000000000 00000000 00201300
LDT=0000 0000000000000000 0000ffff 00008200 DPL=0 LDT
TR =0028 ffffffff80215100 00000068 00008900 DPL=0 TSS64-avl
GDT=     ffffffff802043d0 00000037
IDT=     ffffffff802151e0 00000fff
CR0=80000011 CR2=0000000000000000 CR3=0000000000206000 CR4=00000020
DR0=0000000000000000 DR1=0000000000000000 DR2=0000000000000000 DR3=0000000000000000 
DR6=00000000ffff0ff0 DR7=0000000000000400
CCS=0000000000000044 CCD=fffffffffffffffd CCO=EFLAGS
EFER=0000000000000500
   321: v=20 e=0000 i=0 cpl=0 IP=0008:ffffffff802000a9 pc=ffffffff802000a9 SP=0010:ffffffff80219370 env->regs[R_EAX]=0000000000000000
RAX=0000000000000000 RBX=000002d000000000 RCX=0000000000000780 RDX=000000000000001a
RSI=0000030000000000 RDI=0000000000000018 RBP=ffffffff80219370 RSP=ffffffff80219370
R8 =0000032000000000 R9 =0000033000000000 R10=0000034000000000 R11=0000035000000000
R12=0000036000000000 R13=0000037000000000 R14=0000038000000000 R15=0000039000000000
RIP=ffffffff802000a9 RFL=00000246 [---Z-P-] CPL=0 II=0 A20=1 SMM=0 HLT=0
ES =0000 0000000000000000 00000000 00201300
CS =0008 0000000000000000 00000000 00209800 DPL=0 CS64 [---]
SS =0010 0000000000000000 00000000 00209300 DPL=0 DS   [-WA]
DS =0000 0000000000000000 00000000 00201300
FS =0000 0000000000000000 00000000 00201300
GS =0000 0000000000000000 00000000 00201300
LDT=0000 0000000000000000 0000ffff 00008200 DPL=0 LDT
TR =0028 ffffffff80215100 00000068 00008900 DPL=0 TSS64-avl
GDT=     ffffffff802043d0 00000037
IDT=     ffffffff802151e0 00000fff
CR0=80000011 CR2=0000000000000000 CR3=0000000000206000 CR4=00000020
DR0=0000000000000000 DR1=0000000000000000 DR2=0000000000000000 DR3=0000000000000000 
DR6=00000000ffff0ff0 DR7=0000000000000400
CCS=0000000000000044 CCD=fffffffffffffffe CCO=EFLAGS
EFER=0000000000000500
   322: v=20 e=0000 i=0 cpl=0 IP=0008:ffffffff802000a9 pc=ffffffff802000a9 SP=0010:ffffffff80219370 env->regs[R_EAX]=0000000000000000
RAX=0000000000000000 RBX=000002d000000000 RCX=0000000000000780 RDX=000000000000001a
RSI=0000030000000000 RDI=0000000000000018 RBP=ffffffff80219370 RSP=ffffffff80219370
R8 =0000032000000000 R9 =0000033000000000 R10=0000034000000000 R11=0000035000000000
R12=0000036000000000 R13=0000037000000000 R14=0000038000000000 R15=0000039000000000
RIP=ffffffff802000a9 RFL=00000246 [---Z-P-] CPL=0 II=0 A20=1 SMM=0 HLT=0
ES =0000 0000000000000000 00000000 00201300
CS =0008 0000000000000000 00000000 00209800 DPL=0 CS64 [---]
SS =0010 0000000000000000 00000000 00209300 DPL=0 DS   [-WA]
DS =0000 0000000000000000 00000000 00201300
FS =0000 0000000000000000 00000000 00201300
GS =0000 0000000000000000 00000000 00201300
LDT=0000 0000000000000000 0000ffff 00008200 DPL=0 LDT
TR =0028 ffffffff80215100 00000068 00008900 DPL=0 TSS64-avl
GDT=     ffffffff802043d0 00000037
IDT=     ffffffff802151e0 00000fff
CR0=80000011 CR2=0000000000000000 CR3=0000000000206000 CR4=00000020
DR0=0000000000000000 DR1=0000000000000000 DR2=0000000000000000 DR3=0000000000000000 
DR6=00000000ffff0ff0 DR7=0000000000000400
CCS=0000000000000044 CCD=ffffffffffffffff CCO=EFLAGS
EFER=0000000000000500
   323: v=20 e=0000 i=0 cpl=0 IP=0008:ffffffff802000a9 pc=ffffffff802000a9 SP=0010:ffffffff80219370 env->regs[R_EAX]=0000000000000000
RAX=0000000000000000 RBX=000002d000000000 RCX=0000000000000780 RDX=000000000000001a
RSI=0000030000000000 RDI=0000000000000018 RBP=ffffffff80219370 RSP=ffffffff80219370
R8 =0000032000000000 R9 =0000033000000000 R10=0000034000000000 R11=0000035000000000
R12=0000036000000000 R13=0000037000000000 R14=0000038000000000 R15=0000039000000000
RIP=ffffffff802000a9 RFL=00000246 [---Z-P-] CPL=0 II=0 A20=1 SMM=0 HLT=0
ES =0000 0000000000000000 00000000 00201300
CS =0008 0000000000000000 00000000 00209800 DPL=0 CS64 [---]
SS =0010 0000000000000000 00000000 00209300 DPL=0 DS   [-WA]
DS =0000 0000000000000000 00000000 00201300
FS =0000 0000000000000000 00000000 00201300
GS =0000 0000000000000000 00000000 00201300
LDT=0000 0000000000000000 0000ffff 00008200 DPL=0 LDT
TR =0028 ffffffff80215100 00000068 00008900 DPL=0 TSS64-avl
GDT=     ffffffff802043d0 00000037
IDT=     ffffffff802151e0 00000fff
CR0=80000011 CR2=0000000000000000 CR3=0000000000206000 CR4=00000020
DR0=0000000000000000 DR1=0000000000000000 DR2=0000000000000000 DR3=0000000000000000 
DR6=00000000ffff0ff0 DR7=0000000000000400
CCS=0000000000000044 CCD=0000000000000000 CCO=EFLAGS
EFER=0000000000000500
   324: v=20 e=0000 i=0 cpl=3 IP=001b:000000000040007c pc=000000000040007c SP=0023:00007fffffffffe8 env->regs[R_EAX]=ffffffff8021822d
RAX=ffffffff8021822d RBX=0000000000000000 RCX=0000000000000780 RDX=0000000000000008
RSI=00007ffffffffff0 RDI=ffffffff8021822d RBP=00007fffffffffe8 RSP=00007fffffffffe8
R8 =0000000000000000 R9 =0000000000000000 R10=0000000000000000 R11=0000000000000000
R12=0000000000000000 R13=0000000000000000 R14=0000000000000000 R15=0000000000000000
RIP=000000000040007c RFL=00000202 [-------] CPL=3 II=0 A20=1 SMM=0 HLT=0
ES =0000 0000000000000000 00000000 00201300
CS =001b 0000000000000000 ffffffff 00affa00 DPL=3 CS64 [-R-]
SS =0023 0000000000000000 ffffffff 008ff200 DPL=3 DS   [-W-]
DS =0000 0000000000000000 00000000 00201300
FS =0000 0000000000000000 00000000 00201300
GS =0000 0000000000000000 00000000 00201300
LDT=0000 0000000000000000 0000ffff 00008200 DPL=0 LDT
TR =0028 ffffffff80215100 00000068 00008900 DPL=0 TSS64-avl
GDT=     ffffffff802043d0 00000037
IDT=     ffffffff802151e0 00000fff
CR0=80000011 CR2=0000000000000000 CR3=0000000000206000 CR4=00000020
DR0=0000000000000000 DR1=0000000000000000 DR2=0000000000000000 DR3=0000000000000000 
DR6=00000000ffff0ff0 DR7=0000000000000400
CCS=0000000000000000 CCD=0000000000000012 CCO=EFLAGS
EFER=0000000000000500
   325: v=20 e=0000 i=0 cpl=3 IP=001b:000000000040007c pc=000000000040007c SP=0023:00007fffffffffe8 env->regs[R_EAX]=ffffffff8021822d
RAX=ffffffff8021822d RBX=0000000000000000 RCX=0000000000000780 RDX=0000000000000008
RSI=00007ffffffffff0 RDI=ffffffff8021822d RBP=00007fffffffffe8 RSP=00007fffffffffe8
R8 =0000000000000000 R9 =0000000000000000 R10=0000000000000000 R11=0000000000000000
R12=0000000000000000 R13=0000000000000000 R14=0000000000000000 R15=0000000000000000
RIP=000000000040007c RFL=00000202 [-------] CPL=3 II=0 A20=1 SMM=0 HLT=0
ES =0000 0000000000000000 00000000 00201300
CS =001b 0000000000000000 ffffffff 00affa00 DPL=3 CS64 [-R-]
SS =0023 0000000000000000 ffffffff 008ff200 DPL=3 DS   [-W-]
DS =0000 0000000000000000 00000000 00201300
FS =0000 0000000000000000 00000000 00201300
GS =0000 0000000000000000 00000000 00201300
LDT=0000 0000000000000000 0000ffff 00008200 DPL=0 LDT
TR =0028 ffffffff80215100 00000068 00008900 DPL=0 TSS64-avl
GDT=     ffffffff802043d0 00000037
IDT=     ffffffff802151e0 00000fff
CR0=80000011 CR2=0000000000000000 CR3=0000000000206000 CR4=00000020
DR0=0000000000000000 DR1=0000000000000000 DR2=0000000000000000 DR3=0000000000000000 
DR6=00000000ffff0ff0 DR7=0000000000000400
CCS=0000000000000000 CCD=fffffffffffffff0 CCO=EFLAGS
EFER=0000000000000500
   326: v=20 e=0000 i=0 cpl=3 IP=001b:000000000040007c pc=000000000040007c SP=0023:00007fffffffffe8 env->regs[R_EAX]=ffffffff8021822d
RAX=ffffffff8021822d RBX=0000000000000000 RCX=0000000000000780 RDX=0000000000000008
RSI=00007ffffffffff0 RDI=ffffffff8021822d RBP=00007fffffffffe8 RSP=00007fffffffffe8
R8 =0000000000000000 R9 =0000000000000000 R10=0000000000000000 R11=0000000000000000
R12=0000000000000000 R13=0000000000000000 R14=0000000000000000 R15=0000000000000000
RIP=000000000040007c RFL=00000202 [-------] CPL=3 II=0 A20=1 SMM=0 HLT=0
ES =0000 0000000000000000 00000000 00201300
CS =001b 0000000000000000 ffffffff 00affa00 DPL=3 CS64 [-R-]
SS =0023 0000000000000000 ffffffff 008ff200 DPL=3 DS   [-W-]
DS =0000 0000000000000000 00000000 00201300
FS =0000 0000000000000000 00000000 00201300
GS =0000 0000000000000000 00000000 00201300
LDT=0000 0000000000000000 0000ffff 00008200 DPL=0 LDT
TR =0028 ffffffff80215100 00000068 00008900 DPL=0 TSS64-avl
GDT=     ffffffff802043d0 00000037
IDT=     ffffffff802151e0 00000fff
CR0=80000011 CR2=0000000000000000 CR3=0000000000206000 CR4=00000020
DR0=0000000000000000 DR1=0000000000000000 DR2=0000000000000000 DR3=0000000000000000 
DR6=00000000ffff0ff0 DR7=0000000000000400
CCS=0000000000000000 CCD=fffffffffffffff1 CCO=EFLAGS
EFER=0000000000000500
   327: v=20 e=0000 i=0 cpl=3 IP=001b:000000000040007c pc=000000000040007c SP=0023:00007fffffffffe8 env->regs[R_EAX]=ffffffff8021822d
RAX=ffffffff8021822d RBX=0000000000000000 RCX=0000000000000780 RDX=0000000000000008
RSI=00007ffffffffff0 RDI=ffffffff8021822d RBP=00007fffffffffe8 RSP=00007fffffffffe8
R8 =0000000000000000 R9 =0000000000000000 R10=0000000000000000 R11=0000000000000000
R12=0000000000000000 R13=0000000000000000 R14=0000000000000000 R15=0000000000000000
RIP=000000000040007c RFL=00000202 [-------] CPL=3 II=0 A20=1 SMM=0 HLT=0
ES =0000 0000000000000000 00000000 00201300
CS =001b 0000000000000000 ffffffff 00affa00 DPL=3 CS64 [-R-]
SS =0023 0000000000000000 ffffffff 008ff200 DPL=3 DS   [-W-]
DS =0000 0000000000000000 00000000 00201300
FS =0000 0000000000000000 00000000 00201300
GS =0000 0000000000000000 00000000 00201300
LDT=0000 0000000000000000 0000ffff 00008200 DPL=0 LDT
TR =0028 ffffffff80215100 00000068 00008900 DPL=0 TSS64-avl
GDT=     ffffffff802043d0 00000037
IDT=     ffffffff802151e0 00000fff
CR0=80000011 CR2=0000000000000000 CR3=0000000000206000 CR4=00000020
DR0=0000000000000000 DR1=0000000000000000 DR2=0000000000000000 DR3=0000000000000000 
DR6=00000000ffff0ff0 DR7=0000000000000400
CCS=0000000000000000 CCD=fffffffffffffff2 CCO=EFLAGS
EFER=0000000000000500
   328: v=20 e=0000 i=0 cpl=3 IP=001b:000000000040007c pc=000000000040007c SP=0023:00007fffffffffe8 env->regs[R_EAX]=ffffffff8021822d
RAX=ffffffff8021822d RBX=0000000000000000 RCX=0000000000000780 RDX=0000000000000008
RSI=00007ffffffffff0 RDI=ffffffff8021822d RBP=00007fffffffffe8 RSP=00007fffffffffe8
R8 =0000000000000000 R9 =0000000000000000 R10=0000000000000000 R11=0000000000000000
R12=0000000000000000 R13=0000000000000000 R14=0000000000000000 R15=0000000000000000
RIP=000000000040007c RFL=00000202 [-------] CPL=3 II=0 A20=1 SMM=0 HLT=0
ES =0000 0000000000000000 00000000 00201300
CS =001b 0000000000000000 ffffffff 00affa00 DPL=3 CS64 [-R-]
SS =0023 0000000000000000 ffffffff 008ff200 DPL=3 DS   [-W-]
DS =0000 0000000000000000 00000000 00201300
FS =0000 0000000000000000 00000000 00201300
GS =0000 0000000000000000 00000000 00201300
LDT=0000 0000000000000000 0000ffff 00008200 DPL=0 LDT
TR =0028 ffffffff80215100 00000068 00008900 DPL=0 TSS64-avl
GDT=     ffffffff802043d0 00000037
IDT=     ffffffff802151e0 00000fff
CR0=80000011 CR2=0000000000000000 CR3=0000000000206000 CR4=00000020
DR0=0000000000000000 DR1=0000000000000000 DR2=0000000000000000 DR3=0000000000000000 
DR6=00000000ffff0ff0 DR7=0000000000000400
CCS=0000000000000000 CCD=fffffffffffffff3 CCO=EFLAGS
EFER=0000000000000500
   329: v=20 e=0000 i=0 cpl=3 IP=001b:000000000040007c pc=000000000040007c SP=0023:00007fffffffffe8 env->regs[R_EAX]=ffffffff8021822d
RAX=ffffffff8021822d RBX=0000000000000000 RCX=0000000000000780 RDX=0000000000000008
RSI=00007ffffffffff0 RDI=ffffffff8021822d RBP=00007fffffffffe8 RSP=00007fffffffffe8
R8 =0000000000000000 R9 =0000000000000000 R10=0000000000000000 R11=0000000000000000
R12=0000000000000000 R13=0000000000000000 R14=0000000000000000 R15=0000000000000000
RIP=000000000040007c RFL=00000202 [-------] CPL=3 II=0 A20=1 SMM=0 HLT=0
ES =0000 0000000000000000 00000000 00201300
CS =001b 0000000000000000 ffffffff 00affa00 DPL=3 CS64 [-R-]
SS =0023 0000000000000000 ffffffff 008ff200 DPL=3 DS   [-W-]
DS =0000 0000000000000000 00000000 00201300
FS =0000 0000000000000000 00000000 00201300
GS =0000 0000000000000000 00000000 00201300
LDT=0000 0000000000000000 0000ffff 00008200 DPL=0 LDT
TR =0028 ffffffff80215100 00000068 00008900 DPL=0 TSS64-avl
GDT=     ffffffff802043d0 00000037
IDT=     ffffffff802151e0 00000fff
CR0=80000011 CR2=0000000000000000 CR3=0000000000206000 CR4=00000020
DR0=0000000000000000 DR1=0000000000000000 DR2=0000000000000000 DR3=0000000000000000 
DR6=00000000ffff0ff0 DR7=0000000000000400
CCS=0000000000000000 CCD=fffffffffffffff4 CCO=EFLAGS
EFER=0000000000000500
   330: v=20 e=0000 i=0 cpl=3 IP=001b:000000000040007c pc=000000000040007c SP=0023:00007fffffffffe8 env->regs[R_EAX]=ffffffff8021822d
RAX=ffffffff8021822d RBX=0000000000000000 RCX=0000000000000780 RDX=0000000000000008
RSI=00007ffffffffff0 RDI=ffffffff8021822d RBP=00007fffffffffe8 RSP=00007fffffffffe8
R8 =0000000000000000 R9 =0000000000000000 R10=0000000000000000 R11=0000000000000000
R12=0000000000000000 R13=0000000000000000 R14=0000000000000000 R15=0000000000000000
RIP=000000000040007c RFL=00000202 [-------] CPL=3 II=0 A20=1 SMM=0 HLT=0
ES =0000 0000000000000000 00000000 00201300
CS =001b 0000000000000000 ffffffff 00affa00 DPL=3 CS64 [-R-]
SS =0023 0000000000000000 ffffffff 008ff200 DPL=3 DS   [-W-]
DS =0000 0000000000000000 00000000 00201300
FS =0000 0000000000000000 00000000 00201300
GS =0000 0000000000000000 00000000 00201300
LDT=0000 0000000000000000 0000ffff 00008200 DPL=0 LDT
TR =0028 ffffffff80215100 00000068 00008900 DPL=0 TSS64-avl
GDT=     ffffffff802043d0 00000037
IDT=     ffffffff802151e0 00000fff
CR0=80000011 CR2=0000000000000000 CR3=0000000000206000 CR4=00000020
DR0=0000000000000000 DR1=0000000000000000 DR2=0000000000000000 DR3=0000000000000000 
DR6=00000000ffff0ff0 DR7=0000000000000400
CCS=0000000000000000 CCD=fffffffffffffff5 CCO=EFLAGS
EFER=0000000000000500
   331: v=20 e=0000 i=0 cpl=3 IP=001b:000000000040007c pc=000000000040007c SP=0023:00007fffffffffe8 env->regs[R_EAX]=ffffffff8021822d
RAX=ffffffff8021822d RBX=0000000000000000 RCX=0000000000000780 RDX=0000000000000008
RSI=00007ffffffffff0 RDI=ffffffff8021822d RBP=00007fffffffffe8 RSP=00007fffffffffe8
R8 =0000000000000000 R9 =0000000000000000 R10=0000000000000000 R11=0000000000000000
R12=0000000000000000 R13=0000000000000000 R14=0000000000000000 R15=0000000000000000
RIP=000000000040007c RFL=00000202 [-------] CPL=3 II=0 A20=1 SMM=0 HLT=0
ES =0000 0000000000000000 00000000 00201300
CS =001b 0000000000000000 ffffffff 00affa00 DPL=3 CS64 [-R-]
SS =0023 0000000000000000 ffffffff 008ff200 DPL=3 DS   [-W-]
DS =0000 0000000000000000 00000000 00201300
FS =0000 0000000000000000 00000000 00201300
GS =0000 0000000000000000 00000000 00201300
LDT=0000 0000000000000000 0000ffff 00008200 DPL=0 LDT
TR =0028 ffffffff80215100 00000068 00008900 DPL=0 TSS64-avl
GDT=     ffffffff802043d0 00000037
IDT=     ffffffff802151e0 00000fff
CR0=80000011 CR2=0000000000000000 CR3=0000000000206000 CR4=00000020
DR0=0000000000000000 DR1=0000000000000000 DR2=0000000000000000 DR3=0000000000000000 
DR6=00000000ffff0ff0 DR7=0000000000000400
CCS=0000000000000000 CCD=fffffffffffffff6 CCO=EFLAGS
EFER=0000000000000500
   332: v=20 e=0000 i=0 cpl=3 IP=001b:000000000040007c pc=000000000040007c SP=0023:00007fffffffffe8 env->regs[R_EAX]=ffffffff8021822d
RAX=ffffffff8021822d RBX=0000000000000000 RCX=0000000000000780 RDX=0000000000000008
RSI=00007ffffffffff0 RDI=ffffffff8021822d RBP=00007fffffffffe8 RSP=00007fffffffffe8
R8 =0000000000000000 R9 =0000000000000000 R10=0000000000000000 R11=0000000000000000
R12=0000000000000000 R13=0000000000000000 R14=0000000000000000 R15=0000000000000000
RIP=000000000040007c RFL=00000202 [-------] CPL=3 II=0 A20=1 SMM=0 HLT=0
ES =0000 0000000000000000 00000000 00201300
CS =001b 0000000000000000 ffffffff 00affa00 DPL=3 CS64 [-R-]
SS =0023 0000000000000000 ffffffff 008ff200 DPL=3 DS   [-W-]
DS =0000 0000000000000000 00000000 00201300
FS =0000 0000000000000000 00000000 00201300
GS =0000 0000000000000000 00000000 00201300
LDT=0000 0000000000000000 0000ffff 00008200 DPL=0 LDT
TR =0028 ffffffff80215100 00000068 00008900 DPL=0 TSS64-avl
GDT=     ffffffff802043d0 00000037
IDT=     ffffffff802151e0 00000fff
CR0=80000011 CR2=0000000000000000 CR3=0000000000206000 CR4=00000020
DR0=0000000000000000 DR1=0000000000000000 DR2=0000000000000000 DR3=0000000000000000 
DR6=00000000ffff0ff0 DR7=0000000000000400
CCS=0000000000000000 CCD=fffffffffffffff7 CCO=EFLAGS
EFER=0000000000000500
   333: v=20 e=0000 i=0 cpl=3 IP=001b:000000000040007c pc=000000000040007c SP=0023:00007fffffffffe8 env->regs[R_EAX]=ffffffff8021822d
RAX=ffffffff8021822d RBX=0000000000000000 RCX=0000000000000780 RDX=0000000000000008
RSI=00007ffffffffff0 RDI=ffffffff8021822d RBP=00007fffffffffe8 RSP=00007fffffffffe8
R8 =0000000000000000 R9 =0000000000000000 R10=0000000000000000 R11=0000000000000000
R12=0000000000000000 R13=0000000000000000 R14=0000000000000000 R15=0000000000000000
RIP=000000000040007c RFL=00000202 [-------] CPL=3 II=0 A20=1 SMM=0 HLT=0
ES =0000 0000000000000000 00000000 00201300
CS =001b 0000000000000000 ffffffff 00affa00 DPL=3 CS64 [-R-]
SS =0023 0000000000000000 ffffffff 008ff200 DPL=3 DS   [-W-]
DS =0000 0000000000000000 00000000 00201300
FS =0000 0000000000000000 00000000 00201300
GS =0000 0000000000000000 00000000 00201300
LDT=0000 0000000000000000 0000ffff 00008200 DPL=0 LDT
TR =0028 ffffffff80215100 00000068 00008900 DPL=0 TSS64-avl
GDT=     ffffffff802043d0 00000037
IDT=     ffffffff802151e0 00000fff
CR0=80000011 CR2=0000000000000000 CR3=0000000000206000 CR4=00000020
DR0=0000000000000000 DR1=0000000000000000 DR2=0000000000000000 DR3=0000000000000000 
DR6=00000000ffff0ff0 DR7=0000000000000400
CCS=0000000000000000 CCD=fffffffffffffff8 CCO=EFLAGS
EFER=0000000000000500
   334: v=20 e=0000 i=0 cpl=3 IP=001b:000000000040007c pc=000000000040007c SP=0023:00007fffffffffe8 env->regs[R_EAX]=ffffffff8021822d
RAX=ffffffff8021822d RBX=0000000000000000 RCX=0000000000000780 RDX=0000000000000008
RSI=00007ffffffffff0 RDI=ffffffff8021822d RBP=00007fffffffffe8 RSP=00007fffffffffe8
R8 =0000000000000000 R9 =0000000000000000 R10=0000000000000000 R11=0000000000000000
R12=0000000000000000 R13=0000000000000000 R14=0000000000000000 R15=0000000000000000
RIP=000000000040007c RFL=00000202 [-------] CPL=3 II=0 A20=1 SMM=0 HLT=0
ES =0000 0000000000000000 00000000 00201300
CS =001b 0000000000000000 ffffffff 00affa00 DPL=3 CS64 [-R-]
SS =0023 0000000000000000 ffffffff 008ff200 DPL=3 DS   [-W-]
DS =0000 0000000000000000 00000000 00201300
FS =0000 0000000000000000 00000000 00201300
GS =0000 0000000000000000 00000000 00201300
LDT=0000 0000000000000000 0000ffff 00008200 DPL=0 LDT
TR =0028 ffffffff80215100 00000068 00008900 DPL=0 TSS64-avl
GDT=     ffffffff802043d0 00000037
IDT=     ffffffff802151e0 00000fff
CR0=80000011 CR2=0000000000000000 CR3=0000000000206000 CR4=00000020
DR0=0000000000000000 DR1=0000000000000000 DR2=0000000000000000 DR3=0000000000000000 
DR6=00000000ffff0ff0 DR7=0000000000000400
CCS=0000000000000000 CCD=fffffffffffffff9 CCO=EFLAGS
EFER=0000000000000500
   335: v=20 e=0000 i=0 cpl=3 IP=001b:000000000040007c pc=000000000040007c SP=0023:00007fffffffffe8 env->regs[R_EAX]=ffffffff8021822d
RAX=ffffffff8021822d RBX=0000000000000000 RCX=0000000000000780 RDX=0000000000000008
RSI=00007ffffffffff0 RDI=ffffffff8021822d RBP=00007fffffffffe8 RSP=00007fffffffffe8
R8 =0000000000000000 R9 =0000000000000000 R10=0000000000000000 R11=0000000000000000
R12=0000000000000000 R13=0000000000000000 R14=0000000000000000 R15=0000000000000000
RIP=000000000040007c RFL=00000202 [-------] CPL=3 II=0 A20=1 SMM=0 HLT=0
ES =0000 0000000000000000 00000000 00201300
CS =001b 0000000000000000 ffffffff 00affa00 DPL=3 CS64 [-R-]
SS =0023 0000000000000000 ffffffff 008ff200 DPL=3 DS   [-W-]
DS =0000 0000000000000000 00000000 00201300
FS =0000 0000000000000000 00000000 00201300
GS =0000 0000000000000000 00000000 00201300
LDT=0000 0000000000000000 0000ffff 00008200 DPL=0 LDT
TR =0028 ffffffff80215100 00000068 00008900 DPL=0 TSS64-avl
GDT=     ffffffff802043d0 00000037
IDT=     ffffffff802151e0 00000fff
CR0=80000011 CR2=0000000000000000 CR3=0000000000206000 CR4=00000020
DR0=0000000000000000 DR1=0000000000000000 DR2=0000000000000000 DR3=0000000000000000 
DR6=00000000ffff0ff0 DR7=0000000000000400
CCS=0000000000000000 CCD=fffffffffffffffa CCO=EFLAGS
EFER=0000000000000500
   336: v=20 e=0000 i=0 cpl=3 IP=001b:000000000040007c pc=000000000040007c SP=0023:00007fffffffffe8 env->regs[R_EAX]=ffffffff8021822d
RAX=ffffffff8021822d RBX=0000000000000000 RCX=0000000000000780 RDX=0000000000000008
RSI=00007ffffffffff0 RDI=ffffffff8021822d RBP=00007fffffffffe8 RSP=00007fffffffffe8
R8 =0000000000000000 R9 =0000000000000000 R10=0000000000000000 R11=0000000000000000
R12=0000000000000000 R13=0000000000000000 R14=0000000000000000 R15=0000000000000000
RIP=000000000040007c RFL=00000202 [-------] CPL=3 II=0 A20=1 SMM=0 HLT=0
ES =0000 0000000000000000 00000000 00201300
CS =001b 0000000000000000 ffffffff 00affa00 DPL=3 CS64 [-R-]
SS =0023 0000000000000000 ffffffff 008ff200 DPL=3 DS   [-W-]
DS =0000 0000000000000000 00000000 00201300
FS =0000 0000000000000000 00000000 00201300
GS =0000 0000000000000000 00000000 00201300
LDT=0000 0000000000000000 0000ffff 00008200 DPL=0 LDT
TR =0028 ffffffff80215100 00000068 00008900 DPL=0 TSS64-avl
GDT=     ffffffff802043d0 00000037
IDT=     ffffffff802151e0 00000fff
CR0=80000011 CR2=0000000000000000 CR3=0000000000206000 CR4=00000020
DR0=0000000000000000 DR1=0000000000000000 DR2=0000000000000000 DR3=0000000000000000 
DR6=00000000ffff0ff0 DR7=0000000000000400
CCS=0000000000000000 CCD=fffffffffffffffb CCO=EFLAGS
EFER=0000000000000500
   337: v=20 e=0000 i=0 cpl=3 IP=001b:000000000040007c pc=000000000040007c SP=0023:00007fffffffffe8 env->regs[R_EAX]=ffffffff8021822d
RAX=ffffffff8021822d RBX=0000000000000000 RCX=0000000000000780 RDX=0000000000000008
RSI=00007ffffffffff0 RDI=ffffffff8021822d RBP=00007fffffffffe8 RSP=00007fffffffffe8
R8 =0000000000000000 R9 =0000000000000000 R10=0000000000000000 R11=0000000000000000
R12=0000000000000000 R13=0000000000000000 R14=0000000000000000 R15=0000000000000000
RIP=000000000040007c RFL=00000202 [-------] CPL=3 II=0 A20=1 SMM=0 HLT=0
ES =0000 0000000000000000 00000000 00201300
CS =001b 0000000000000000 ffffffff 00affa00 DPL=3 CS64 [-R-]
SS =0023 0000000000000000 ffffffff 008ff200 DPL=3 DS   [-W-]
DS =0000 0000000000000000 00000000 00201300
FS =0000 0000000000000000 00000000 00201300
GS =0000 0000000000000000 00000000 00201300
LDT=0000 0000000000000000 0000ffff 00008200 DPL=0 LDT
TR =0028 ffffffff80215100 00000068 00008900 DPL=0 TSS64-avl
GDT=     ffffffff802043d0 00000037
IDT=     ffffffff802151e0 00000fff
CR0=80000011 CR2=0000000000000000 CR3=0000000000206000 CR4=00000020
DR0=0000000000000000 DR1=0000000000000000 DR2=0000000000000000 DR3=0000000000000000 
DR6=00000000ffff0ff0 DR7=0000000000000400
CCS=0000000000000000 CCD=fffffffffffffffc CCO=EFLAGS
EFER=0000000000000500
   338: v=20 e=0000 i=0 cpl=3 IP=001b:000000000040007c pc=000000000040007c SP=0023:00007fffffffffe8 env->regs[R_EAX]=ffffffff8021822d
RAX=ffffffff8021822d RBX=0000000000000000 RCX=0000000000000780 RDX=0000000000000008
RSI=00007ffffffffff0 RDI=ffffffff8021822d RBP=00007fffffffffe8 RSP=00007fffffffffe8
R8 =0000000000000000 R9 =0000000000000000 R10=0000000000000000 R11=0000000000000000
R12=0000000000000000 R13=0000000000000000 R14=0000000000000000 R15=0000000000000000
RIP=000000000040007c RFL=00000202 [-------] CPL=3 II=0 A20=1 SMM=0 HLT=0
ES =0000 0000000000000000 00000000 00201300
CS =001b 0000000000000000 ffffffff 00affa00 DPL=3 CS64 [-R-]
SS =0023 0000000000000000 ffffffff 008ff200 DPL=3 DS   [-W-]
DS =0000 0000000000000000 00000000 00201300
FS =0000 0000000000000000 00000000 00201300
GS =0000 0000000000000000 00000000 00201300
LDT=0000 0000000000000000 0000ffff 00008200 DPL=0 LDT
TR =0028 ffffffff80215100 00000068 00008900 DPL=0 TSS64-avl
GDT=     ffffffff802043d0 00000037
IDT=     ffffffff802151e0 00000fff
CR0=80000011 CR2=0000000000000000 CR3=0000000000206000 CR4=00000020
DR0=0000000000000000 DR1=0000000000000000 DR2=0000000000000000 DR3=0000000000000000 
DR6=00000000ffff0ff0 DR7=0000000000000400
CCS=0000000000000000 CCD=fffffffffffffffd CCO=EFLAGS
EFER=0000000000000500
   339: v=20 e=0000 i=0 cpl=3 IP=001b:000000000040007c pc=000000000040007c SP=0023:00007fffffffffe8 env->regs[R_EAX]=ffffffff8021822d
RAX=ffffffff8021822d RBX=0000000000000000 RCX=0000000000000780 RDX=0000000000000008
RSI=00007ffffffffff0 RDI=ffffffff8021822d RBP=00007fffffffffe8 RSP=00007fffffffffe8
R8 =0000000000000000 R9 =0000000000000000 R10=0000000000000000 R11=0000000000000000
R12=0000000000000000 R13=0000000000000000 R14=0000000000000000 R15=0000000000000000
RIP=000000000040007c RFL=00000202 [-------] CPL=3 II=0 A20=1 SMM=0 HLT=0
ES =0000 0000000000000000 00000000 00201300
CS =001b 0000000000000000 ffffffff 00affa00 DPL=3 CS64 [-R-]
SS =0023 0000000000000000 ffffffff 008ff200 DPL=3 DS   [-W-]
DS =0000 0000000000000000 00000000 00201300
FS =0000 0000000000000000 00000000 00201300
GS =0000 0000000000000000 00000000 00201300
LDT=0000 0000000000000000 0000ffff 00008200 DPL=0 LDT
TR =0028 ffffffff80215100 00000068 00008900 DPL=0 TSS64-avl
GDT=     ffffffff802043d0 00000037
IDT=     ffffffff802151e0 00000fff
CR0=80000011 CR2=0000000000000000 CR3=0000000000206000 CR4=00000020
DR0=0000000000000000 DR1=0000000000000000 DR2=0000000000000000 DR3=0000000000000000 
DR6=00000000ffff0ff0 DR7=0000000000000400
CCS=0000000000000000 CCD=fffffffffffffffe CCO=EFLAGS
EFER=0000000000000500
   340: v=20 e=0000 i=0 cpl=3 IP=001b:000000000040007c pc=000000000040007c SP=0023:00007fffffffffe8 env->regs[R_EAX]=ffffffff8021822d
RAX=ffffffff8021822d RBX=0000000000000000 RCX=0000000000000780 RDX=0000000000000008
RSI=00007ffffffffff0 RDI=ffffffff8021822d RBP=00007fffffffffe8 RSP=00007fffffffffe8
R8 =0000000000000000 R9 =0000000000000000 R10=0000000000000000 R11=0000000000000000
R12=0000000000000000 R13=0000000000000000 R14=0000000000000000 R15=0000000000000000
RIP=000000000040007c RFL=00000202 [-------] CPL=3 II=0 A20=1 SMM=0 HLT=0
ES =0000 0000000000000000 00000000 00201300
CS =001b 0000000000000000 ffffffff 00affa00 DPL=3 CS64 [-R-]
SS =0023 0000000000000000 ffffffff 008ff200 DPL=3 DS   [-W-]
DS =0000 0000000000000000 00000000 00201300
FS =0000 0000000000000000 00000000 00201300
GS =0000 0000000000000000 00000000 00201300
LDT=0000 0000000000000000 0000ffff 00008200 DPL=0 LDT
TR =0028 ffffffff80215100 00000068 00008900 DPL=0 TSS64-avl
GDT=     ffffffff802043d0 00000037
IDT=     ffffffff802151e0 00000fff
CR0=80000011 CR2=0000000000000000 CR3=0000000000206000 CR4=00000020
DR0=0000000000000000 DR1=0000000000000000 DR2=0000000000000000 DR3=0000000000000000 
DR6=00000000ffff0ff0 DR7=0000000000000400
CCS=0000000000000000 CCD=ffffffffffffffff CCO=EFLAGS
EFER=0000000000000500
   341: v=20 e=0000 i=0 cpl=3 IP=001b:000000000040007c pc=000000000040007c SP=0023:00007fffffffffe8 env->regs[R_EAX]=ffffffff8021822d
RAX=ffffffff8021822d RBX=0000000000000000 RCX=0000000000000780 RDX=0000000000000008
RSI=00007ffffffffff0 RDI=ffffffff8021822d RBP=00007fffffffffe8 RSP=00007fffffffffe8
R8 =0000000000000000 R9 =0000000000000000 R10=0000000000000000 R11=0000000000000000
R12=0000000000000000 R13=0000000000000000 R14=0000000000000000 R15=0000000000000000
RIP=000000000040007c RFL=00000202 [-------] CPL=3 II=0 A20=1 SMM=0 HLT=0
ES =0000 0000000000000000 00000000 00201300
CS =001b 0000000000000000 ffffffff 00affa00 DPL=3 CS64 [-R-]
SS =0023 0000000000000000 ffffffff 008ff200 DPL=3 DS   [-W-]
DS =0000 0000000000000000 00000000 00201300
FS =0000 0000000000000000 00000000 00201300
GS =0000 0000000000000000 00000000 00201300
LDT=0000 0000000000000000 0000ffff 00008200 DPL=0 LDT
TR =0028 ffffffff80215100 00000068 00008900 DPL=0 TSS64-avl
GDT=     ffffffff802043d0 00000037
IDT=     ffffffff802151e0 00000fff
CR0=80000011 CR2=0000000000000000 CR3=0000000000206000 CR4=00000020
DR0=0000000000000000 DR1=0000000000000000 DR2=0000000000000000 DR3=0000000000000000 
DR6=00000000ffff0ff0 DR7=0000000000000400
CCS=0000000000000000 CCD=0000000000000000 CCO=EFLAGS
EFER=0000000000000500
   342: v=20 e=0000 i=0 cpl=0 IP=0008:ffffffff802000a9 pc=ffffffff802000a9 SP=0010:ffffffff80219370 env->regs[R_EAX]=0000000000000000
RAX=0000000000000000 RBX=000002d000000000 RCX=0000000000000780 RDX=000000000000001a
RSI=0000030000000000 RDI=0000000000000018 RBP=ffffffff80219370 RSP=ffffffff80219370
R8 =0000032000000000 R9 =0000033000000000 R10=0000034000000000 R11=0000035000000000
R12=0000036000000000 R13=0000037000000000 R14=0000038000000000 R15=0000039000000000
RIP=ffffffff802000a9 RFL=00000246 [---Z-P-] CPL=0 II=0 A20=1 SMM=0 HLT=0
ES =0000 0000000000000000 00000000 00201300
CS =0008 0000000000000000 00000000 00209800 DPL=0 CS64 [---]
SS =0010 0000000000000000 00000000 00209300 DPL=0 DS   [-WA]
DS =0000 0000000000000000 00000000 00201300
FS =0000 0000000000000000 00000000 00201300
GS =0000 0000000000000000 00000000 00201300
LDT=0000 0000000000000000 0000ffff 00008200 DPL=0 LDT
TR =0028 ffffffff80215100 00000068 00008900 DPL=0 TSS64-avl
GDT=     ffffffff802043d0 00000037
IDT=     ffffffff802151e0 00000fff
CR0=80000011 CR2=0000000000000000 CR3=0000000000206000 CR4=00000020
DR0=0000000000000000 DR1=0000000000000000 DR2=0000000000000000 DR3=0000000000000000 
DR6=00000000ffff0ff0 DR7=0000000000000400
CCS=0000000000000044 CCD=0000000000000013 CCO=EFLAGS
EFER=0000000000000500
   343: v=20 e=0000 i=0 cpl=0 IP=0008:ffffffff802000a9 pc=ffffffff802000a9 SP=0010:ffffffff80219370 env->regs[R_EAX]=0000000000000000
RAX=0000000000000000 RBX=000002d000000000 RCX=0000000000000780 RDX=000000000000001a
RSI=0000030000000000 RDI=0000000000000018 RBP=ffffffff80219370 RSP=ffffffff80219370
R8 =0000032000000000 R9 =0000033000000000 R10=0000034000000000 R11=0000035000000000
R12=0000036000000000 R13=0000037000000000 R14=0000038000000000 R15=0000039000000000
RIP=ffffffff802000a9 RFL=00000246 [---Z-P-] CPL=0 II=0 A20=1 SMM=0 HLT=0
ES =0000 0000000000000000 00000000 00201300
CS =0008 0000000000000000 00000000 00209800 DPL=0 CS64 [---]
SS =0010 0000000000000000 00000000 00209300 DPL=0 DS   [-WA]
DS =0000 0000000000000000 00000000 00201300
FS =0000 0000000000000000 00000000 00201300
GS =0000 0000000000000000 00000000 00201300
LDT=0000 0000000000000000 0000ffff 00008200 DPL=0 LDT
TR =0028 ffffffff80215100 00000068 00008900 DPL=0 TSS64-avl
GDT=     ffffffff802043d0 00000037
IDT=     ffffffff802151e0 00000fff
CR0=80000011 CR2=0000000000000000 CR3=0000000000206000 CR4=00000020
DR0=0000000000000000 DR1=0000000000000000 DR2=0000000000000000 DR3=0000000000000000 
DR6=00000000ffff0ff0 DR7=0000000000000400
CCS=0000000000000044 CCD=fffffffffffffff0 CCO=EFLAGS
EFER=0000000000000500
   344: v=20 e=0000 i=0 cpl=0 IP=0008:ffffffff802000a9 pc=ffffffff802000a9 SP=0010:ffffffff80219370 env->regs[R_EAX]=0000000000000000
RAX=0000000000000000 RBX=000002d000000000 RCX=0000000000000780 RDX=000000000000001a
RSI=0000030000000000 RDI=0000000000000018 RBP=ffffffff80219370 RSP=ffffffff80219370
R8 =0000032000000000 R9 =0000033000000000 R10=0000034000000000 R11=0000035000000000
R12=0000036000000000 R13=0000037000000000 R14=0000038000000000 R15=0000039000000000
RIP=ffffffff802000a9 RFL=00000246 [---Z-P-] CPL=0 II=0 A20=1 SMM=0 HLT=0
ES =0000 0000000000000000 00000000 00201300
CS =0008 0000000000000000 00000000 00209800 DPL=0 CS64 [---]
SS =0010 0000000000000000 00000000 00209300 DPL=0 DS   [-WA]
DS =0000 0000000000000000 00000000 00201300
FS =0000 0000000000000000 00000000 00201300
GS =0000 0000000000000000 00000000 00201300
LDT=0000 0000000000000000 0000ffff 00008200 DPL=0 LDT
TR =0028 ffffffff80215100 00000068 00008900 DPL=0 TSS64-avl
GDT=     ffffffff802043d0 00000037
IDT=     ffffffff802151e0 00000fff
CR0=80000011 CR2=0000000000000000 CR3=0000000000206000 CR4=00000020
DR0=0000000000000000 DR1=0000000000000000 DR2=0000000000000000 DR3=0000000000000000 
DR6=00000000ffff0ff0 DR7=0000000000000400
CCS=0000000000000044 CCD=fffffffffffffff1 CCO=EFLAGS
EFER=0000000000000500
   345: v=20 e=0000 i=0 cpl=0 IP=0008:ffffffff802000a9 pc=ffffffff802000a9 SP=0010:ffffffff80219370 env->regs[R_EAX]=0000000000000000
RAX=0000000000000000 RBX=000002d000000000 RCX=0000000000000780 RDX=000000000000001a
RSI=0000030000000000 RDI=0000000000000018 RBP=ffffffff80219370 RSP=ffffffff80219370
R8 =0000032000000000 R9 =0000033000000000 R10=0000034000000000 R11=0000035000000000
R12=0000036000000000 R13=0000037000000000 R14=0000038000000000 R15=0000039000000000
RIP=ffffffff802000a9 RFL=00000246 [---Z-P-] CPL=0 II=0 A20=1 SMM=0 HLT=0
ES =0000 0000000000000000 00000000 00201300
CS =0008 0000000000000000 00000000 00209800 DPL=0 CS64 [---]
SS =0010 0000000000000000 00000000 00209300 DPL=0 DS   [-WA]
DS =0000 0000000000000000 00000000 00201300
FS =0000 0000000000000000 00000000 00201300
GS =0000 0000000000000000 00000000 00201300
LDT=0000 0000000000000000 0000ffff 00008200 DPL=0 LDT
TR =0028 ffffffff80215100 00000068 00008900 DPL=0 TSS64-avl
GDT=     ffffffff802043d0 00000037
IDT=     ffffffff802151e0 00000fff
CR0=80000011 CR2=0000000000000000 CR3=0000000000206000 CR4=00000020
DR0=0000000000000000 DR1=0000000000000000 DR2=0000000000000000 DR3=0000000000000000 
DR6=00000000ffff0ff0 DR7=0000000000000400
CCS=0000000000000044 CCD=fffffffffffffff2 CCO=EFLAGS
EFER=0000000000000500
   346: v=20 e=0000 i=0 cpl=0 IP=0008:ffffffff802000a9 pc=ffffffff802000a9 SP=0010:ffffffff80219370 env->regs[R_EAX]=0000000000000000
RAX=0000000000000000 RBX=000002d000000000 RCX=0000000000000780 RDX=000000000000001a
RSI=0000030000000000 RDI=0000000000000018 RBP=ffffffff80219370 RSP=ffffffff80219370
R8 =0000032000000000 R9 =0000033000000000 R10=0000034000000000 R11=0000035000000000
R12=0000036000000000 R13=0000037000000000 R14=0000038000000000 R15=0000039000000000
RIP=ffffffff802000a9 RFL=00000246 [---Z-P-] CPL=0 II=0 A20=1 SMM=0 HLT=0
ES =0000 0000000000000000 00000000 00201300
CS =0008 0000000000000000 00000000 00209800 DPL=0 CS64 [---]
SS =0010 0000000000000000 00000000 00209300 DPL=0 DS   [-WA]
DS =0000 0000000000000000 00000000 00201300
FS =0000 0000000000000000 00000000 00201300
GS =0000 0000000000000000 00000000 00201300
LDT=0000 0000000000000000 0000ffff 00008200 DPL=0 LDT
TR =0028 ffffffff80215100 00000068 00008900 DPL=0 TSS64-avl
GDT=     ffffffff802043d0 00000037
IDT=     ffffffff802151e0 00000fff
CR0=80000011 CR2=0000000000000000 CR3=0000000000206000 CR4=00000020
DR0=0000000000000000 DR1=0000000000000000 DR2=0000000000000000 DR3=0000000000000000 
DR6=00000000ffff0ff0 DR7=0000000000000400
CCS=0000000000000044 CCD=fffffffffffffff3 CCO=EFLAGS
EFER=0000000000000500
   347: v=20 e=0000 i=0 cpl=0 IP=0008:ffffffff802000a9 pc=ffffffff802000a9 SP=0010:ffffffff80219370 env->regs[R_EAX]=0000000000000000
RAX=0000000000000000 RBX=000002d000000000 RCX=0000000000000780 RDX=000000000000001a
RSI=0000030000000000 RDI=0000000000000018 RBP=ffffffff80219370 RSP=ffffffff80219370
R8 =0000032000000000 R9 =0000033000000000 R10=0000034000000000 R11=0000035000000000
R12=0000036000000000 R13=0000037000000000 R14=0000038000000000 R15=0000039000000000
RIP=ffffffff802000a9 RFL=00000246 [---Z-P-] CPL=0 II=0 A20=1 SMM=0 HLT=0
ES =0000 0000000000000000 00000000 00201300
CS =0008 0000000000000000 00000000 00209800 DPL=0 CS64 [---]
SS =0010 0000000000000000 00000000 00209300 DPL=0 DS   [-WA]
DS =0000 0000000000000000 00000000 00201300
FS =0000 0000000000000000 00000000 00201300
GS =0000 0000000000000000 00000000 00201300
LDT=0000 0000000000000000 0000ffff 00008200 DPL=0 LDT
TR =0028 ffffffff80215100 00000068 00008900 DPL=0 TSS64-avl
GDT=     ffffffff802043d0 00000037
IDT=     ffffffff802151e0 00000fff
CR0=80000011 CR2=0000000000000000 CR3=0000000000206000 CR4=00000020
DR0=0000000000000000 DR1=0000000000000000 DR2=0000000000000000 DR3=0000000000000000 
DR6=00000000ffff0ff0 DR7=0000000000000400
CCS=0000000000000044 CCD=fffffffffffffff4 CCO=EFLAGS
EFER=0000000000000500
   348: v=20 e=0000 i=0 cpl=0 IP=0008:ffffffff802000a9 pc=ffffffff802000a9 SP=0010:ffffffff80219370 env->regs[R_EAX]=0000000000000000
RAX=0000000000000000 RBX=000002d000000000 RCX=0000000000000780 RDX=000000000000001a
RSI=0000030000000000 RDI=0000000000000018 RBP=ffffffff80219370 RSP=ffffffff80219370
R8 =0000032000000000 R9 =0000033000000000 R10=0000034000000000 R11=0000035000000000
R12=0000036000000000 R13=0000037000000000 R14=0000038000000000 R15=0000039000000000
RIP=ffffffff802000a9 RFL=00000246 [---Z-P-] CPL=0 II=0 A20=1 SMM=0 HLT=0
ES =0000 0000000000000000 00000000 00201300
CS =0008 0000000000000000 00000000 00209800 DPL=0 CS64 [---]
SS =0010 0000000000000000 00000000 00209300 DPL=0 DS   [-WA]
DS =0000 0000000000000000 00000000 00201300
FS =0000 0000000000000000 00000000 00201300
GS =0000 0000000000000000 00000000 00201300
LDT=0000 0000000000000000 0000ffff 00008200 DPL=0 LDT
TR =0028 ffffffff80215100 00000068 00008900 DPL=0 TSS64-avl
GDT=     ffffffff802043d0 00000037
IDT=     ffffffff802151e0 00000fff
CR0=80000011 CR2=0000000000000000 CR3=0000000000206000 CR4=00000020
DR0=0000000000000000 DR1=0000000000000000 DR2=0000000000000000 DR3=0000000000000000 
DR6=00000000ffff0ff0 DR7=0000000000000400
CCS=0000000000000044 CCD=fffffffffffffff5 CCO=EFLAGS
EFER=0000000000000500
   349: v=20 e=0000 i=0 cpl=0 IP=0008:ffffffff802000a9 pc=ffffffff802000a9 SP=0010:ffffffff80219370 env->regs[R_EAX]=0000000000000000
RAX=0000000000000000 RBX=000002d000000000 RCX=0000000000000780 RDX=000000000000001a
RSI=0000030000000000 RDI=0000000000000018 RBP=ffffffff80219370 RSP=ffffffff80219370
R8 =0000032000000000 R9 =0000033000000000 R10=0000034000000000 R11=0000035000000000
R12=0000036000000000 R13=0000037000000000 R14=0000038000000000 R15=0000039000000000
RIP=ffffffff802000a9 RFL=00000246 [---Z-P-] CPL=0 II=0 A20=1 SMM=0 HLT=0
ES =0000 0000000000000000 00000000 00201300
CS =0008 0000000000000000 00000000 00209800 DPL=0 CS64 [---]
SS =0010 0000000000000000 00000000 00209300 DPL=0 DS   [-WA]
DS =0000 0000000000000000 00000000 00201300
FS =0000 0000000000000000 00000000 00201300
GS =0000 0000000000000000 00000000 00201300
LDT=0000 0000000000000000 0000ffff 00008200 DPL=0 LDT
TR =0028 ffffffff80215100 00000068 00008900 DPL=0 TSS64-avl
GDT=     ffffffff802043d0 00000037
IDT=     ffffffff802151e0 00000fff
CR0=80000011 CR2=0000000000000000 CR3=0000000000206000 CR4=00000020
DR0=0000000000000000 DR1=0000000000000000 DR2=0000000000000000 DR3=0000000000000000 
DR6=00000000ffff0ff0 DR7=0000000000000400
CCS=0000000000000044 CCD=fffffffffffffff6 CCO=EFLAGS
EFER=0000000000000500
   350: v=20 e=0000 i=0 cpl=0 IP=0008:ffffffff802000a9 pc=ffffffff802000a9 SP=0010:ffffffff80219370 env->regs[R_EAX]=0000000000000000
RAX=0000000000000000 RBX=000002d000000000 RCX=0000000000000780 RDX=000000000000001a
RSI=0000030000000000 RDI=0000000000000018 RBP=ffffffff80219370 RSP=ffffffff80219370
R8 =0000032000000000 R9 =0000033000000000 R10=0000034000000000 R11=0000035000000000
R12=0000036000000000 R13=0000037000000000 R14=0000038000000000 R15=0000039000000000
RIP=ffffffff802000a9 RFL=00000246 [---Z-P-] CPL=0 II=0 A20=1 SMM=0 HLT=0
ES =0000 0000000000000000 00000000 00201300
CS =0008 0000000000000000 00000000 00209800 DPL=0 CS64 [---]
SS =0010 0000000000000000 00000000 00209300 DPL=0 DS   [-WA]
DS =0000 0000000000000000 00000000 00201300
FS =0000 0000000000000000 00000000 00201300
GS =0000 0000000000000000 00000000 00201300
LDT=0000 0000000000000000 0000ffff 00008200 DPL=0 LDT
TR =0028 ffffffff80215100 00000068 00008900 DPL=0 TSS64-avl
GDT=     ffffffff802043d0 00000037
IDT=     ffffffff802151e0 00000fff
CR0=80000011 CR2=0000000000000000 CR3=0000000000206000 CR4=00000020
DR0=0000000000000000 DR1=0000000000000000 DR2=0000000000000000 DR3=0000000000000000 
DR6=00000000ffff0ff0 DR7=0000000000000400
CCS=0000000000000044 CCD=fffffffffffffff7 CCO=EFLAGS
EFER=0000000000000500
   351: v=20 e=0000 i=0 cpl=0 IP=0008:ffffffff802000a9 pc=ffffffff802000a9 SP=0010:ffffffff80219370 env->regs[R_EAX]=0000000000000000
RAX=0000000000000000 RBX=000002d000000000 RCX=0000000000000780 RDX=000000000000001a
RSI=0000030000000000 RDI=0000000000000018 RBP=ffffffff80219370 RSP=ffffffff80219370
R8 =0000032000000000 R9 =0000033000000000 R10=0000034000000000 R11=0000035000000000
R12=0000036000000000 R13=0000037000000000 R14=0000038000000000 R15=0000039000000000
RIP=ffffffff802000a9 RFL=00000246 [---Z-P-] CPL=0 II=0 A20=1 SMM=0 HLT=0
ES =0000 0000000000000000 00000000 00201300
CS =0008 0000000000000000 00000000 00209800 DPL=0 CS64 [---]
SS =0010 0000000000000000 00000000 00209300 DPL=0 DS   [-WA]
DS =0000 0000000000000000 00000000 00201300
FS =0000 0000000000000000 00000000 00201300
GS =0000 0000000000000000 00000000 00201300
LDT=0000 0000000000000000 0000ffff 00008200 DPL=0 LDT
TR =0028 ffffffff80215100 00000068 00008900 DPL=0 TSS64-avl
GDT=     ffffffff802043d0 00000037
IDT=     ffffffff802151e0 00000fff
CR0=80000011 CR2=0000000000000000 CR3=0000000000206000 CR4=00000020
DR0=0000000000000000 DR1=0000000000000000 DR2=0000000000000000 DR3=0000000000000000 
DR6=00000000ffff0ff0 DR7=0000000000000400
CCS=0000000000000044 CCD=fffffffffffffff8 CCO=EFLAGS
EFER=0000000000000500
   352: v=20 e=0000 i=0 cpl=0 IP=0008:ffffffff802000a9 pc=ffffffff802000a9 SP=0010:ffffffff80219370 env->regs[R_EAX]=0000000000000000
RAX=0000000000000000 RBX=000002d000000000 RCX=0000000000000780 RDX=000000000000001a
RSI=0000030000000000 RDI=0000000000000018 RBP=ffffffff80219370 RSP=ffffffff80219370
R8 =0000032000000000 R9 =0000033000000000 R10=0000034000000000 R11=0000035000000000
R12=0000036000000000 R13=0000037000000000 R14=0000038000000000 R15=0000039000000000
RIP=ffffffff802000a9 RFL=00000246 [---Z-P-] CPL=0 II=0 A20=1 SMM=0 HLT=0
ES =0000 0000000000000000 00000000 00201300
CS =0008 0000000000000000 00000000 00209800 DPL=0 CS64 [---]
SS =0010 0000000000000000 00000000 00209300 DPL=0 DS   [-WA]
DS =0000 0000000000000000 00000000 00201300
FS =0000 0000000000000000 00000000 00201300
GS =0000 0000000000000000 00000000 00201300
LDT=0000 0000000000000000 0000ffff 00008200 DPL=0 LDT
TR =0028 ffffffff80215100 00000068 00008900 DPL=0 TSS64-avl
GDT=     ffffffff802043d0 00000037
IDT=     ffffffff802151e0 00000fff
CR0=80000011 CR2=0000000000000000 CR3=0000000000206000 CR4=00000020
DR0=0000000000000000 DR1=0000000000000000 DR2=0000000000000000 DR3=0000000000000000 
DR6=00000000ffff0ff0 DR7=0000000000000400
CCS=0000000000000044 CCD=fffffffffffffff9 CCO=EFLAGS
EFER=0000000000000500
   353: v=20 e=0000 i=0 cpl=0 IP=0008:ffffffff802000a9 pc=ffffffff802000a9 SP=0010:ffffffff80219370 env->regs[R_EAX]=0000000000000000
RAX=0000000000000000 RBX=000002d000000000 RCX=0000000000000780 RDX=000000000000001a
RSI=0000030000000000 RDI=0000000000000018 RBP=ffffffff80219370 RSP=ffffffff80219370
R8 =0000032000000000 R9 =0000033000000000 R10=0000034000000000 R11=0000035000000000
R12=0000036000000000 R13=0000037000000000 R14=0000038000000000 R15=0000039000000000
RIP=ffffffff802000a9 RFL=00000246 [---Z-P-] CPL=0 II=0 A20=1 SMM=0 HLT=0
ES =0000 0000000000000000 00000000 00201300
CS =0008 0000000000000000 00000000 00209800 DPL=0 CS64 [---]
SS =0010 0000000000000000 00000000 00209300 DPL=0 DS   [-WA]
DS =0000 0000000000000000 00000000 00201300
FS =0000 0000000000000000 00000000 00201300
GS =0000 0000000000000000 00000000 00201300
LDT=0000 0000000000000000 0000ffff 00008200 DPL=0 LDT
TR =0028 ffffffff80215100 00000068 00008900 DPL=0 TSS64-avl
GDT=     ffffffff802043d0 00000037
IDT=     ffffffff802151e0 00000fff
CR0=80000011 CR2=0000000000000000 CR3=0000000000206000 CR4=00000020
DR0=0000000000000000 DR1=0000000000000000 DR2=0000000000000000 DR3=0000000000000000 
DR6=00000000ffff0ff0 DR7=0000000000000400
CCS=0000000000000044 CCD=fffffffffffffffa CCO=EFLAGS
EFER=0000000000000500
   354: v=20 e=0000 i=0 cpl=0 IP=0008:ffffffff802000a9 pc=ffffffff802000a9 SP=0010:ffffffff80219370 env->regs[R_EAX]=0000000000000000
RAX=0000000000000000 RBX=000002d000000000 RCX=0000000000000780 RDX=000000000000001a
RSI=0000030000000000 RDI=0000000000000018 RBP=ffffffff80219370 RSP=ffffffff80219370
R8 =0000032000000000 R9 =0000033000000000 R10=0000034000000000 R11=0000035000000000
R12=0000036000000000 R13=0000037000000000 R14=0000038000000000 R15=0000039000000000
RIP=ffffffff802000a9 RFL=00000246 [---Z-P-] CPL=0 II=0 A20=1 SMM=0 HLT=0
ES =0000 0000000000000000 00000000 00201300
CS =0008 0000000000000000 00000000 00209800 DPL=0 CS64 [---]
SS =0010 0000000000000000 00000000 00209300 DPL=0 DS   [-WA]
DS =0000 0000000000000000 00000000 00201300
FS =0000 0000000000000000 00000000 00201300
GS =0000 0000000000000000 00000000 00201300
LDT=0000 0000000000000000 0000ffff 00008200 DPL=0 LDT
TR =0028 ffffffff80215100 00000068 00008900 DPL=0 TSS64-avl
GDT=     ffffffff802043d0 00000037
IDT=     ffffffff802151e0 00000fff
CR0=80000011 CR2=0000000000000000 CR3=0000000000206000 CR4=00000020
DR0=0000000000000000 DR1=0000000000000000 DR2=0000000000000000 DR3=0000000000000000 
DR6=00000000ffff0ff0 DR7=0000000000000400
CCS=0000000000000044 CCD=fffffffffffffffb CCO=EFLAGS
EFER=0000000000000500
   355: v=20 e=0000 i=0 cpl=0 IP=0008:ffffffff802000a9 pc=ffffffff802000a9 SP=0010:ffffffff80219370 env->regs[R_EAX]=0000000000000000
RAX=0000000000000000 RBX=000002d000000000 RCX=0000000000000780 RDX=000000000000001a
RSI=0000030000000000 RDI=0000000000000018 RBP=ffffffff80219370 RSP=ffffffff80219370
R8 =0000032000000000 R9 =0000033000000000 R10=0000034000000000 R11=0000035000000000
R12=0000036000000000 R13=0000037000000000 R14=0000038000000000 R15=0000039000000000
RIP=ffffffff802000a9 RFL=00000246 [---Z-P-] CPL=0 II=0 A20=1 SMM=0 HLT=0
ES =0000 0000000000000000 00000000 00201300
CS =0008 0000000000000000 00000000 00209800 DPL=0 CS64 [---]
SS =0010 0000000000000000 00000000 00209300 DPL=0 DS   [-WA]
DS =0000 0000000000000000 00000000 00201300
FS =0000 0000000000000000 00000000 00201300
GS =0000 0000000000000000 00000000 00201300
LDT=0000 0000000000000000 0000ffff 00008200 DPL=0 LDT
TR =0028 ffffffff80215100 00000068 00008900 DPL=0 TSS64-avl
GDT=     ffffffff802043d0 00000037
IDT=     ffffffff802151e0 00000fff
CR0=80000011 CR2=0000000000000000 CR3=0000000000206000 CR4=00000020
DR0=0000000000000000 DR1=0000000000000000 DR2=0000000000000000 DR3=0000000000000000 
DR6=00000000ffff0ff0 DR7=0000000000000400
CCS=0000000000000044 CCD=fffffffffffffffc CCO=EFLAGS
EFER=0000000000000500
   356: v=20 e=0000 i=0 cpl=0 IP=0008:ffffffff802000a9 pc=ffffffff802000a9 SP=0010:ffffffff80219370 env->regs[R_EAX]=0000000000000000
RAX=0000000000000000 RBX=000002d000000000 RCX=0000000000000780 RDX=000000000000001a
RSI=0000030000000000 RDI=0000000000000018 RBP=ffffffff80219370 RSP=ffffffff80219370
R8 =0000032000000000 R9 =0000033000000000 R10=0000034000000000 R11=0000035000000000
R12=0000036000000000 R13=0000037000000000 R14=0000038000000000 R15=0000039000000000
RIP=ffffffff802000a9 RFL=00000246 [---Z-P-] CPL=0 II=0 A20=1 SMM=0 HLT=0
ES =0000 0000000000000000 00000000 00201300
CS =0008 0000000000000000 00000000 00209800 DPL=0 CS64 [---]
SS =0010 0000000000000000 00000000 00209300 DPL=0 DS   [-WA]
DS =0000 0000000000000000 00000000 00201300
FS =0000 0000000000000000 00000000 00201300
GS =0000 0000000000000000 00000000 00201300
LDT=0000 0000000000000000 0000ffff 00008200 DPL=0 LDT
TR =0028 ffffffff80215100 00000068 00008900 DPL=0 TSS64-avl
GDT=     ffffffff802043d0 00000037
IDT=     ffffffff802151e0 00000fff
CR0=80000011 CR2=0000000000000000 CR3=0000000000206000 CR4=00000020
DR0=0000000000000000 DR1=0000000000000000 DR2=0000000000000000 DR3=0000000000000000 
DR6=00000000ffff0ff0 DR7=0000000000000400
CCS=0000000000000044 CCD=fffffffffffffffd CCO=EFLAGS
EFER=0000000000000500
   357: v=20 e=0000 i=0 cpl=0 IP=0008:ffffffff802000a9 pc=ffffffff802000a9 SP=0010:ffffffff80219370 env->regs[R_EAX]=0000000000000000
RAX=0000000000000000 RBX=000002d000000000 RCX=0000000000000780 RDX=000000000000001a
RSI=0000030000000000 RDI=0000000000000018 RBP=ffffffff80219370 RSP=ffffffff80219370
R8 =0000032000000000 R9 =0000033000000000 R10=0000034000000000 R11=0000035000000000
R12=0000036000000000 R13=0000037000000000 R14=0000038000000000 R15=0000039000000000
RIP=ffffffff802000a9 RFL=00000246 [---Z-P-] CPL=0 II=0 A20=1 SMM=0 HLT=0
ES =0000 0000000000000000 00000000 00201300
CS =0008 0000000000000000 00000000 00209800 DPL=0 CS64 [---]
SS =0010 0000000000000000 00000000 00209300 DPL=0 DS   [-WA]
DS =0000 0000000000000000 00000000 00201300
FS =0000 0000000000000000 00000000 00201300
GS =0000 0000000000000000 00000000 00201300
LDT=0000 0000000000000000 0000ffff 00008200 DPL=0 LDT
TR =0028 ffffffff80215100 00000068 00008900 DPL=0 TSS64-avl
GDT=     ffffffff802043d0 00000037
IDT=     ffffffff802151e0 00000fff
CR0=80000011 CR2=0000000000000000 CR3=0000000000206000 CR4=00000020
DR0=0000000000000000 DR1=0000000000000000 DR2=0000000000000000 DR3=0000000000000000 
DR6=00000000ffff0ff0 DR7=0000000000000400
CCS=0000000000000044 CCD=fffffffffffffffe CCO=EFLAGS
EFER=0000000000000500
   358: v=20 e=0000 i=0 cpl=0 IP=0008:ffffffff802000a9 pc=ffffffff802000a9 SP=0010:ffffffff80219370 env->regs[R_EAX]=0000000000000000
RAX=0000000000000000 RBX=000002d000000000 RCX=0000000000000780 RDX=000000000000001a
RSI=0000030000000000 RDI=0000000000000018 RBP=ffffffff80219370 RSP=ffffffff80219370
R8 =0000032000000000 R9 =0000033000000000 R10=0000034000000000 R11=0000035000000000
R12=0000036000000000 R13=0000037000000000 R14=0000038000000000 R15=0000039000000000
RIP=ffffffff802000a9 RFL=00000246 [---Z-P-] CPL=0 II=0 A20=1 SMM=0 HLT=0
ES =0000 0000000000000000 00000000 00201300
CS =0008 0000000000000000 00000000 00209800 DPL=0 CS64 [---]
SS =0010 0000000000000000 00000000 00209300 DPL=0 DS   [-WA]
DS =0000 0000000000000000 00000000 00201300
FS =0000 0000000000000000 00000000 00201300
GS =0000 0000000000000000 00000000 00201300
LDT=0000 0000000000000000 0000ffff 00008200 DPL=0 LDT
TR =0028 ffffffff80215100 00000068 00008900 DPL=0 TSS64-avl
GDT=     ffffffff802043d0 00000037
IDT=     ffffffff802151e0 00000fff
CR0=80000011 CR2=0000000000000000 CR3=0000000000206000 CR4=00000020
DR0=0000000000000000 DR1=0000000000000000 DR2=0000000000000000 DR3=0000000000000000 
DR6=00000000ffff0ff0 DR7=0000000000000400
CCS=0000000000000044 CCD=ffffffffffffffff CCO=EFLAGS
EFER=0000000000000500
   359: v=20 e=0000 i=0 cpl=0 IP=0008:ffffffff802000a9 pc=ffffffff802000a9 SP=0010:ffffffff80219370 env->regs[R_EAX]=0000000000000000
RAX=0000000000000000 RBX=000002d000000000 RCX=0000000000000780 RDX=000000000000001a
RSI=0000030000000000 RDI=0000000000000018 RBP=ffffffff80219370 RSP=ffffffff80219370
R8 =0000032000000000 R9 =0000033000000000 R10=0000034000000000 R11=0000035000000000
R12=0000036000000000 R13=0000037000000000 R14=0000038000000000 R15=0000039000000000
RIP=ffffffff802000a9 RFL=00000246 [---Z-P-] CPL=0 II=0 A20=1 SMM=0 HLT=0
ES =0000 0000000000000000 00000000 00201300
CS =0008 0000000000000000 00000000 00209800 DPL=0 CS64 [---]
SS =0010 0000000000000000 00000000 00209300 DPL=0 DS   [-WA]
DS =0000 0000000000000000 00000000 00201300
FS =0000 0000000000000000 00000000 00201300
GS =0000 0000000000000000 00000000 00201300
LDT=0000 0000000000000000 0000ffff 00008200 DPL=0 LDT
TR =0028 ffffffff80215100 00000068 00008900 DPL=0 TSS64-avl
GDT=     ffffffff802043d0 00000037
IDT=     ffffffff802151e0 00000fff
CR0=80000011 CR2=0000000000000000 CR3=0000000000206000 CR4=00000020
DR0=0000000000000000 DR1=0000000000000000 DR2=0000000000000000 DR3=0000000000000000 
DR6=00000000ffff0ff0 DR7=0000000000000400
CCS=0000000000000044 CCD=0000000000000000 CCO=EFLAGS
EFER=0000000000000500
   360: v=20 e=0000 i=0 cpl=3 IP=001b:000000000040007c pc=000000000040007c SP=0023:00007fffffffffe8 env->regs[R_EAX]=ffffffff8021822d
RAX=ffffffff8021822d RBX=0000000000000000 RCX=0000000000000780 RDX=0000000000000008
RSI=00007ffffffffff0 RDI=ffffffff8021822d RBP=00007fffffffffe8 RSP=00007fffffffffe8
R8 =0000000000000000 R9 =0000000000000000 R10=0000000000000000 R11=0000000000000000
R12=0000000000000000 R13=0000000000000000 R14=0000000000000000 R15=0000000000000000
RIP=000000000040007c RFL=00000202 [-------] CPL=3 II=0 A20=1 SMM=0 HLT=0
ES =0000 0000000000000000 00000000 00201300
CS =001b 0000000000000000 ffffffff 00affa00 DPL=3 CS64 [-R-]
SS =0023 0000000000000000 ffffffff 008ff200 DPL=3 DS   [-W-]
DS =0000 0000000000000000 00000000 00201300
FS =0000 0000000000000000 00000000 00201300
GS =0000 0000000000000000 00000000 00201300
LDT=0000 0000000000000000 0000ffff 00008200 DPL=0 LDT
TR =0028 ffffffff80215100 00000068 00008900 DPL=0 TSS64-avl
GDT=     ffffffff802043d0 00000037
IDT=     ffffffff802151e0 00000fff
CR0=80000011 CR2=0000000000000000 CR3=0000000000206000 CR4=00000020
DR0=0000000000000000 DR1=0000000000000000 DR2=0000000000000000 DR3=0000000000000000 
DR6=00000000ffff0ff0 DR7=0000000000000400
CCS=0000000000000000 CCD=0000000000000014 CCO=EFLAGS
EFER=0000000000000500
   361: v=20 e=0000 i=0 cpl=3 IP=001b:000000000040007c pc=000000000040007c SP=0023:00007fffffffffe8 env->regs[R_EAX]=ffffffff8021822d
RAX=ffffffff8021822d RBX=0000000000000000 RCX=0000000000000780 RDX=0000000000000008
RSI=00007ffffffffff0 RDI=ffffffff8021822d RBP=00007fffffffffe8 RSP=00007fffffffffe8
R8 =0000000000000000 R9 =0000000000000000 R10=0000000000000000 R11=0000000000000000
R12=0000000000000000 R13=0000000000000000 R14=0000000000000000 R15=0000000000000000
RIP=000000000040007c RFL=00000202 [-------] CPL=3 II=0 A20=1 SMM=0 HLT=0
ES =0000 0000000000000000 00000000 00201300
CS =001b 0000000000000000 ffffffff 00affa00 DPL=3 CS64 [-R-]
SS =0023 0000000000000000 ffffffff 008ff200 DPL=3 DS   [-W-]
DS =0000 0000000000000000 00000000 00201300
FS =0000 0000000000000000 00000000 00201300
GS =0000 0000000000000000 00000000 00201300
LDT=0000 0000000000000000 0000ffff 00008200 DPL=0 LDT
TR =0028 ffffffff80215100 00000068 00008900 DPL=0 TSS64-avl
GDT=     ffffffff802043d0 00000037
IDT=     ffffffff802151e0 00000fff
CR0=80000011 CR2=0000000000000000 CR3=0000000000206000 CR4=00000020
DR0=0000000000000000 DR1=0000000000000000 DR2=0000000000000000 DR3=0000000000000000 
DR6=00000000ffff0ff0 DR7=0000000000000400
CCS=0000000000000000 CCD=fffffffffffffff0 CCO=EFLAGS
EFER=0000000000000500
   362: v=20 e=0000 i=0 cpl=3 IP=001b:000000000040007c pc=000000000040007c SP=0023:00007fffffffffe8 env->regs[R_EAX]=ffffffff8021822d
RAX=ffffffff8021822d RBX=0000000000000000 RCX=0000000000000780 RDX=0000000000000008
RSI=00007ffffffffff0 RDI=ffffffff8021822d RBP=00007fffffffffe8 RSP=00007fffffffffe8
R8 =0000000000000000 R9 =0000000000000000 R10=0000000000000000 R11=0000000000000000
R12=0000000000000000 R13=0000000000000000 R14=0000000000000000 R15=0000000000000000
RIP=000000000040007c RFL=00000202 [-------] CPL=3 II=0 A20=1 SMM=0 HLT=0
ES =0000 0000000000000000 00000000 00201300
CS =001b 0000000000000000 ffffffff 00affa00 DPL=3 CS64 [-R-]
SS =0023 0000000000000000 ffffffff 008ff200 DPL=3 DS   [-W-]
DS =0000 0000000000000000 00000000 00201300
FS =0000 0000000000000000 00000000 00201300
GS =0000 0000000000000000 00000000 00201300
LDT=0000 0000000000000000 0000ffff 00008200 DPL=0 LDT
TR =0028 ffffffff80215100 00000068 00008900 DPL=0 TSS64-avl
GDT=     ffffffff802043d0 00000037
IDT=     ffffffff802151e0 00000fff
CR0=80000011 CR2=0000000000000000 CR3=0000000000206000 CR4=00000020
DR0=0000000000000000 DR1=0000000000000000 DR2=0000000000000000 DR3=0000000000000000 
DR6=00000000ffff0ff0 DR7=0000000000000400
CCS=0000000000000000 CCD=fffffffffffffff1 CCO=EFLAGS
EFER=0000000000000500
   363: v=20 e=0000 i=0 cpl=3 IP=001b:000000000040007c pc=000000000040007c SP=0023:00007fffffffffe8 env->regs[R_EAX]=ffffffff8021822d
RAX=ffffffff8021822d RBX=0000000000000000 RCX=0000000000000780 RDX=0000000000000008
RSI=00007ffffffffff0 RDI=ffffffff8021822d RBP=00007fffffffffe8 RSP=00007fffffffffe8
R8 =0000000000000000 R9 =0000000000000000 R10=0000000000000000 R11=0000000000000000
R12=0000000000000000 R13=0000000000000000 R14=0000000000000000 R15=0000000000000000
RIP=000000000040007c RFL=00000202 [-------] CPL=3 II=0 A20=1 SMM=0 HLT=0
ES =0000 0000000000000000 00000000 00201300
CS =001b 0000000000000000 ffffffff 00affa00 DPL=3 CS64 [-R-]
SS =0023 0000000000000000 ffffffff 008ff200 DPL=3 DS   [-W-]
DS =0000 0000000000000000 00000000 00201300
FS =0000 0000000000000000 00000000 00201300
GS =0000 0000000000000000 00000000 00201300
LDT=0000 0000000000000000 0000ffff 00008200 DPL=0 LDT
TR =0028 ffffffff80215100 00000068 00008900 DPL=0 TSS64-avl
GDT=     ffffffff802043d0 00000037
IDT=     ffffffff802151e0 00000fff
CR0=80000011 CR2=0000000000000000 CR3=0000000000206000 CR4=00000020
DR0=0000000000000000 DR1=0000000000000000 DR2=0000000000000000 DR3=0000000000000000 
DR6=00000000ffff0ff0 DR7=0000000000000400
CCS=0000000000000000 CCD=fffffffffffffff2 CCO=EFLAGS
EFER=0000000000000500
   364: v=20 e=0000 i=0 cpl=3 IP=001b:000000000040007c pc=000000000040007c SP=0023:00007fffffffffe8 env->regs[R_EAX]=ffffffff8021822d
RAX=ffffffff8021822d RBX=0000000000000000 RCX=0000000000000780 RDX=0000000000000008
RSI=00007ffffffffff0 RDI=ffffffff8021822d RBP=00007fffffffffe8 RSP=00007fffffffffe8
R8 =0000000000000000 R9 =0000000000000000 R10=0000000000000000 R11=0000000000000000
R12=0000000000000000 R13=0000000000000000 R14=0000000000000000 R15=0000000000000000
RIP=000000000040007c RFL=00000202 [-------] CPL=3 II=0 A20=1 SMM=0 HLT=0
ES =0000 0000000000000000 00000000 00201300
CS =001b 0000000000000000 ffffffff 00affa00 DPL=3 CS64 [-R-]
SS =0023 0000000000000000 ffffffff 008ff200 DPL=3 DS   [-W-]
DS =0000 0000000000000000 00000000 00201300
FS =0000 0000000000000000 00000000 00201300
GS =0000 0000000000000000 00000000 00201300
LDT=0000 0000000000000000 0000ffff 00008200 DPL=0 LDT
TR =0028 ffffffff80215100 00000068 00008900 DPL=0 TSS64-avl
GDT=     ffffffff802043d0 00000037
IDT=     ffffffff802151e0 00000fff
CR0=80000011 CR2=0000000000000000 CR3=0000000000206000 CR4=00000020
DR0=0000000000000000 DR1=0000000000000000 DR2=0000000000000000 DR3=0000000000000000 
DR6=00000000ffff0ff0 DR7=0000000000000400
CCS=0000000000000000 CCD=fffffffffffffff3 CCO=EFLAGS
EFER=0000000000000500
   365: v=20 e=0000 i=0 cpl=3 IP=001b:000000000040007c pc=000000000040007c SP=0023:00007fffffffffe8 env->regs[R_EAX]=ffffffff8021822d
RAX=ffffffff8021822d RBX=0000000000000000 RCX=0000000000000780 RDX=0000000000000008
RSI=00007ffffffffff0 RDI=ffffffff8021822d RBP=00007fffffffffe8 RSP=00007fffffffffe8
R8 =0000000000000000 R9 =0000000000000000 R10=0000000000000000 R11=0000000000000000
R12=0000000000000000 R13=0000000000000000 R14=0000000000000000 R15=0000000000000000
RIP=000000000040007c RFL=00000202 [-------] CPL=3 II=0 A20=1 SMM=0 HLT=0
ES =0000 0000000000000000 00000000 00201300
CS =001b 0000000000000000 ffffffff 00affa00 DPL=3 CS64 [-R-]
SS =0023 0000000000000000 ffffffff 008ff200 DPL=3 DS   [-W-]
DS =0000 0000000000000000 00000000 00201300
FS =0000 0000000000000000 00000000 00201300
GS =0000 0000000000000000 00000000 00201300
LDT=0000 0000000000000000 0000ffff 00008200 DPL=0 LDT
TR =0028 ffffffff80215100 00000068 00008900 DPL=0 TSS64-avl
GDT=     ffffffff802043d0 00000037
IDT=     ffffffff802151e0 00000fff
CR0=80000011 CR2=0000000000000000 CR3=0000000000206000 CR4=00000020
DR0=0000000000000000 DR1=0000000000000000 DR2=0000000000000000 DR3=0000000000000000 
DR6=00000000ffff0ff0 DR7=0000000000000400
CCS=0000000000000000 CCD=fffffffffffffff4 CCO=EFLAGS
EFER=0000000000000500
   366: v=20 e=0000 i=0 cpl=3 IP=001b:000000000040007c pc=000000000040007c SP=0023:00007fffffffffe8 env->regs[R_EAX]=ffffffff8021822d
RAX=ffffffff8021822d RBX=0000000000000000 RCX=0000000000000780 RDX=0000000000000008
RSI=00007ffffffffff0 RDI=ffffffff8021822d RBP=00007fffffffffe8 RSP=00007fffffffffe8
R8 =0000000000000000 R9 =0000000000000000 R10=0000000000000000 R11=0000000000000000
R12=0000000000000000 R13=0000000000000000 R14=0000000000000000 R15=0000000000000000
RIP=000000000040007c RFL=00000202 [-------] CPL=3 II=0 A20=1 SMM=0 HLT=0
ES =0000 0000000000000000 00000000 00201300
CS =001b 0000000000000000 ffffffff 00affa00 DPL=3 CS64 [-R-]
SS =0023 0000000000000000 ffffffff 008ff200 DPL=3 DS   [-W-]
DS =0000 0000000000000000 00000000 00201300
FS =0000 0000000000000000 00000000 00201300
GS =0000 0000000000000000 00000000 00201300
LDT=0000 0000000000000000 0000ffff 00008200 DPL=0 LDT
TR =0028 ffffffff80215100 00000068 00008900 DPL=0 TSS64-avl
GDT=     ffffffff802043d0 00000037
IDT=     ffffffff802151e0 00000fff
CR0=80000011 CR2=0000000000000000 CR3=0000000000206000 CR4=00000020
DR0=0000000000000000 DR1=0000000000000000 DR2=0000000000000000 DR3=0000000000000000 
DR6=00000000ffff0ff0 DR7=0000000000000400
CCS=0000000000000000 CCD=fffffffffffffff5 CCO=EFLAGS
EFER=0000000000000500
   367: v=20 e=0000 i=0 cpl=3 IP=001b:000000000040007c pc=000000000040007c SP=0023:00007fffffffffe8 env->regs[R_EAX]=ffffffff8021822d
RAX=ffffffff8021822d RBX=0000000000000000 RCX=0000000000000780 RDX=0000000000000008
RSI=00007ffffffffff0 RDI=ffffffff8021822d RBP=00007fffffffffe8 RSP=00007fffffffffe8
R8 =0000000000000000 R9 =0000000000000000 R10=0000000000000000 R11=0000000000000000
R12=0000000000000000 R13=0000000000000000 R14=0000000000000000 R15=0000000000000000
RIP=000000000040007c RFL=00000202 [-------] CPL=3 II=0 A20=1 SMM=0 HLT=0
ES =0000 0000000000000000 00000000 00201300
CS =001b 0000000000000000 ffffffff 00affa00 DPL=3 CS64 [-R-]
SS =0023 0000000000000000 ffffffff 008ff200 DPL=3 DS   [-W-]
DS =0000 0000000000000000 00000000 00201300
FS =0000 0000000000000000 00000000 00201300
GS =0000 0000000000000000 00000000 00201300
LDT=0000 0000000000000000 0000ffff 00008200 DPL=0 LDT
TR =0028 ffffffff80215100 00000068 00008900 DPL=0 TSS64-avl
GDT=     ffffffff802043d0 00000037
IDT=     ffffffff802151e0 00000fff
CR0=80000011 CR2=0000000000000000 CR3=0000000000206000 CR4=00000020
DR0=0000000000000000 DR1=0000000000000000 DR2=0000000000000000 DR3=0000000000000000 
DR6=00000000ffff0ff0 DR7=0000000000000400
CCS=0000000000000000 CCD=fffffffffffffff6 CCO=EFLAGS
EFER=0000000000000500
   368: v=20 e=0000 i=0 cpl=3 IP=001b:000000000040007c pc=000000000040007c SP=0023:00007fffffffffe8 env->regs[R_EAX]=ffffffff8021822d
RAX=ffffffff8021822d RBX=0000000000000000 RCX=0000000000000780 RDX=0000000000000008
RSI=00007ffffffffff0 RDI=ffffffff8021822d RBP=00007fffffffffe8 RSP=00007fffffffffe8
R8 =0000000000000000 R9 =0000000000000000 R10=0000000000000000 R11=0000000000000000
R12=0000000000000000 R13=0000000000000000 R14=0000000000000000 R15=0000000000000000
RIP=000000000040007c RFL=00000202 [-------] CPL=3 II=0 A20=1 SMM=0 HLT=0
ES =0000 0000000000000000 00000000 00201300
CS =001b 0000000000000000 ffffffff 00affa00 DPL=3 CS64 [-R-]
SS =0023 0000000000000000 ffffffff 008ff200 DPL=3 DS   [-W-]
DS =0000 0000000000000000 00000000 00201300
FS =0000 0000000000000000 00000000 00201300
GS =0000 0000000000000000 00000000 00201300
LDT=0000 0000000000000000 0000ffff 00008200 DPL=0 LDT
TR =0028 ffffffff80215100 00000068 00008900 DPL=0 TSS64-avl
GDT=     ffffffff802043d0 00000037
IDT=     ffffffff802151e0 00000fff
CR0=80000011 CR2=0000000000000000 CR3=0000000000206000 CR4=00000020
DR0=0000000000000000 DR1=0000000000000000 DR2=0000000000000000 DR3=0000000000000000 
DR6=00000000ffff0ff0 DR7=0000000000000400
CCS=0000000000000000 CCD=fffffffffffffff7 CCO=EFLAGS
EFER=0000000000000500
   369: v=20 e=0000 i=0 cpl=3 IP=001b:000000000040007c pc=000000000040007c SP=0023:00007fffffffffe8 env->regs[R_EAX]=ffffffff8021822d
RAX=ffffffff8021822d RBX=0000000000000000 RCX=0000000000000780 RDX=0000000000000008
RSI=00007ffffffffff0 RDI=ffffffff8021822d RBP=00007fffffffffe8 RSP=00007fffffffffe8
R8 =0000000000000000 R9 =0000000000000000 R10=0000000000000000 R11=0000000000000000
R12=0000000000000000 R13=0000000000000000 R14=0000000000000000 R15=0000000000000000
RIP=000000000040007c RFL=00000202 [-------] CPL=3 II=0 A20=1 SMM=0 HLT=0
ES =0000 0000000000000000 00000000 00201300
CS =001b 0000000000000000 ffffffff 00affa00 DPL=3 CS64 [-R-]
SS =0023 0000000000000000 ffffffff 008ff200 DPL=3 DS   [-W-]
DS =0000 0000000000000000 00000000 00201300
FS =0000 0000000000000000 00000000 00201300
GS =0000 0000000000000000 00000000 00201300
LDT=0000 0000000000000000 0000ffff 00008200 DPL=0 LDT
TR =0028 ffffffff80215100 00000068 00008900 DPL=0 TSS64-avl
GDT=     ffffffff802043d0 00000037
IDT=     ffffffff802151e0 00000fff
CR0=80000011 CR2=0000000000000000 CR3=0000000000206000 CR4=00000020
DR0=0000000000000000 DR1=0000000000000000 DR2=0000000000000000 DR3=0000000000000000 
DR6=00000000ffff0ff0 DR7=0000000000000400
CCS=0000000000000000 CCD=fffffffffffffff8 CCO=EFLAGS
EFER=0000000000000500
   370: v=20 e=0000 i=0 cpl=3 IP=001b:000000000040007c pc=000000000040007c SP=0023:00007fffffffffe8 env->regs[R_EAX]=ffffffff8021822d
RAX=ffffffff8021822d RBX=0000000000000000 RCX=0000000000000780 RDX=0000000000000008
RSI=00007ffffffffff0 RDI=ffffffff8021822d RBP=00007fffffffffe8 RSP=00007fffffffffe8
R8 =0000000000000000 R9 =0000000000000000 R10=0000000000000000 R11=0000000000000000
R12=0000000000000000 R13=0000000000000000 R14=0000000000000000 R15=0000000000000000
RIP=000000000040007c RFL=00000202 [-------] CPL=3 II=0 A20=1 SMM=0 HLT=0
ES =0000 0000000000000000 00000000 00201300
CS =001b 0000000000000000 ffffffff 00affa00 DPL=3 CS64 [-R-]
SS =0023 0000000000000000 ffffffff 008ff200 DPL=3 DS   [-W-]
DS =0000 0000000000000000 00000000 00201300
FS =0000 0000000000000000 00000000 00201300
GS =0000 0000000000000000 00000000 00201300
LDT=0000 0000000000000000 0000ffff 00008200 DPL=0 LDT
TR =0028 ffffffff80215100 00000068 00008900 DPL=0 TSS64-avl
GDT=     ffffffff802043d0 00000037
IDT=     ffffffff802151e0 00000fff
CR0=80000011 CR2=0000000000000000 CR3=0000000000206000 CR4=00000020
DR0=0000000000000000 DR1=0000000000000000 DR2=0000000000000000 DR3=0000000000000000 
DR6=00000000ffff0ff0 DR7=0000000000000400
CCS=0000000000000000 CCD=fffffffffffffff9 CCO=EFLAGS
EFER=0000000000000500
   371: v=20 e=0000 i=0 cpl=3 IP=001b:000000000040007c pc=000000000040007c SP=0023:00007fffffffffe8 env->regs[R_EAX]=ffffffff8021822d
RAX=ffffffff8021822d RBX=0000000000000000 RCX=0000000000000780 RDX=0000000000000008
RSI=00007ffffffffff0 RDI=ffffffff8021822d RBP=00007fffffffffe8 RSP=00007fffffffffe8
R8 =0000000000000000 R9 =0000000000000000 R10=0000000000000000 R11=0000000000000000
R12=0000000000000000 R13=0000000000000000 R14=0000000000000000 R15=0000000000000000
RIP=000000000040007c RFL=00000202 [-------] CPL=3 II=0 A20=1 SMM=0 HLT=0
ES =0000 0000000000000000 00000000 00201300
CS =001b 0000000000000000 ffffffff 00affa00 DPL=3 CS64 [-R-]
SS =0023 0000000000000000 ffffffff 008ff200 DPL=3 DS   [-W-]
DS =0000 0000000000000000 00000000 00201300
FS =0000 0000000000000000 00000000 00201300
GS =0000 0000000000000000 00000000 00201300
LDT=0000 0000000000000000 0000ffff 00008200 DPL=0 LDT
TR =0028 ffffffff80215100 00000068 00008900 DPL=0 TSS64-avl
GDT=     ffffffff802043d0 00000037
IDT=     ffffffff802151e0 00000fff
CR0=80000011 CR2=0000000000000000 CR3=0000000000206000 CR4=00000020
DR0=0000000000000000 DR1=0000000000000000 DR2=0000000000000000 DR3=0000000000000000 
DR6=00000000ffff0ff0 DR7=0000000000000400
CCS=0000000000000000 CCD=fffffffffffffffa CCO=EFLAGS
EFER=0000000000000500
   372: v=20 e=0000 i=0 cpl=3 IP=001b:000000000040007c pc=000000000040007c SP=0023:00007fffffffffe8 env->regs[R_EAX]=ffffffff8021822d
RAX=ffffffff8021822d RBX=0000000000000000 RCX=0000000000000780 RDX=0000000000000008
RSI=00007ffffffffff0 RDI=ffffffff8021822d RBP=00007fffffffffe8 RSP=00007fffffffffe8
R8 =0000000000000000 R9 =0000000000000000 R10=0000000000000000 R11=0000000000000000
R12=0000000000000000 R13=0000000000000000 R14=0000000000000000 R15=0000000000000000
RIP=000000000040007c RFL=00000202 [-------] CPL=3 II=0 A20=1 SMM=0 HLT=0
ES =0000 0000000000000000 00000000 00201300
CS =001b 0000000000000000 ffffffff 00affa00 DPL=3 CS64 [-R-]
SS =0023 0000000000000000 ffffffff 008ff200 DPL=3 DS   [-W-]
DS =0000 0000000000000000 00000000 00201300
FS =0000 0000000000000000 00000000 00201300
GS =0000 0000000000000000 00000000 00201300
LDT=0000 0000000000000000 0000ffff 00008200 DPL=0 LDT
TR =0028 ffffffff80215100 00000068 00008900 DPL=0 TSS64-avl
GDT=     ffffffff802043d0 00000037
IDT=     ffffffff802151e0 00000fff
CR0=80000011 CR2=0000000000000000 CR3=0000000000206000 CR4=00000020
DR0=0000000000000000 DR1=0000000000000000 DR2=0000000000000000 DR3=0000000000000000 
DR6=00000000ffff0ff0 DR7=0000000000000400
CCS=0000000000000000 CCD=fffffffffffffffb CCO=EFLAGS
EFER=0000000000000500
   373: v=20 e=0000 i=0 cpl=3 IP=001b:000000000040007c pc=000000000040007c SP=0023:00007fffffffffe8 env->regs[R_EAX]=ffffffff8021822d
RAX=ffffffff8021822d RBX=0000000000000000 RCX=0000000000000780 RDX=0000000000000008
RSI=00007ffffffffff0 RDI=ffffffff8021822d RBP=00007fffffffffe8 RSP=00007fffffffffe8
R8 =0000000000000000 R9 =0000000000000000 R10=0000000000000000 R11=0000000000000000
R12=0000000000000000 R13=0000000000000000 R14=0000000000000000 R15=0000000000000000
RIP=000000000040007c RFL=00000202 [-------] CPL=3 II=0 A20=1 SMM=0 HLT=0
ES =0000 0000000000000000 00000000 00201300
CS =001b 0000000000000000 ffffffff 00affa00 DPL=3 CS64 [-R-]
SS =0023 0000000000000000 ffffffff 008ff200 DPL=3 DS   [-W-]
DS =0000 0000000000000000 00000000 00201300
FS =0000 0000000000000000 00000000 00201300
GS =0000 0000000000000000 00000000 00201300
LDT=0000 0000000000000000 0000ffff 00008200 DPL=0 LDT
TR =0028 ffffffff80215100 00000068 00008900 DPL=0 TSS64-avl
GDT=     ffffffff802043d0 00000037
IDT=     ffffffff802151e0 00000fff
CR0=80000011 CR2=0000000000000000 CR3=0000000000206000 CR4=00000020
DR0=0000000000000000 DR1=0000000000000000 DR2=0000000000000000 DR3=0000000000000000 
DR6=00000000ffff0ff0 DR7=0000000000000400
CCS=0000000000000000 CCD=fffffffffffffffc CCO=EFLAGS
EFER=0000000000000500
   374: v=20 e=0000 i=0 cpl=3 IP=001b:000000000040007c pc=000000000040007c SP=0023:00007fffffffffe8 env->regs[R_EAX]=ffffffff8021822d
RAX=ffffffff8021822d RBX=0000000000000000 RCX=0000000000000780 RDX=0000000000000008
RSI=00007ffffffffff0 RDI=ffffffff8021822d RBP=00007fffffffffe8 RSP=00007fffffffffe8
R8 =0000000000000000 R9 =0000000000000000 R10=0000000000000000 R11=0000000000000000
R12=0000000000000000 R13=0000000000000000 R14=0000000000000000 R15=0000000000000000
RIP=000000000040007c RFL=00000202 [-------] CPL=3 II=0 A20=1 SMM=0 HLT=0
ES =0000 0000000000000000 00000000 00201300
CS =001b 0000000000000000 ffffffff 00affa00 DPL=3 CS64 [-R-]
SS =0023 0000000000000000 ffffffff 008ff200 DPL=3 DS   [-W-]
DS =0000 0000000000000000 00000000 00201300
FS =0000 0000000000000000 00000000 00201300
GS =0000 0000000000000000 00000000 00201300
LDT=0000 0000000000000000 0000ffff 00008200 DPL=0 LDT
TR =0028 ffffffff80215100 00000068 00008900 DPL=0 TSS64-avl
GDT=     ffffffff802043d0 00000037
IDT=     ffffffff802151e0 00000fff
CR0=80000011 CR2=0000000000000000 CR3=0000000000206000 CR4=00000020
DR0=0000000000000000 DR1=0000000000000000 DR2=0000000000000000 DR3=0000000000000000 
DR6=00000000ffff0ff0 DR7=0000000000000400
CCS=0000000000000000 CCD=fffffffffffffffd CCO=EFLAGS
EFER=0000000000000500
   375: v=20 e=0000 i=0 cpl=3 IP=001b:000000000040007c pc=000000000040007c SP=0023:00007fffffffffe8 env->regs[R_EAX]=ffffffff8021822d
RAX=ffffffff8021822d RBX=0000000000000000 RCX=0000000000000780 RDX=0000000000000008
RSI=00007ffffffffff0 RDI=ffffffff8021822d RBP=00007fffffffffe8 RSP=00007fffffffffe8
R8 =0000000000000000 R9 =0000000000000000 R10=0000000000000000 R11=0000000000000000
R12=0000000000000000 R13=0000000000000000 R14=0000000000000000 R15=0000000000000000
RIP=000000000040007c RFL=00000202 [-------] CPL=3 II=0 A20=1 SMM=0 HLT=0
ES =0000 0000000000000000 00000000 00201300
CS =001b 0000000000000000 ffffffff 00affa00 DPL=3 CS64 [-R-]
SS =0023 0000000000000000 ffffffff 008ff200 DPL=3 DS   [-W-]
DS =0000 0000000000000000 00000000 00201300
FS =0000 0000000000000000 00000000 00201300
GS =0000 0000000000000000 00000000 00201300
LDT=0000 0000000000000000 0000ffff 00008200 DPL=0 LDT
TR =0028 ffffffff80215100 00000068 00008900 DPL=0 TSS64-avl
GDT=     ffffffff802043d0 00000037
IDT=     ffffffff802151e0 00000fff
CR0=80000011 CR2=0000000000000000 CR3=0000000000206000 CR4=00000020
DR0=0000000000000000 DR1=0000000000000000 DR2=0000000000000000 DR3=0000000000000000 
DR6=00000000ffff0ff0 DR7=0000000000000400
CCS=0000000000000000 CCD=fffffffffffffffe CCO=EFLAGS
EFER=0000000000000500
   376: v=20 e=0000 i=0 cpl=3 IP=001b:000000000040007c pc=000000000040007c SP=0023:00007fffffffffe8 env->regs[R_EAX]=ffffffff8021822d
RAX=ffffffff8021822d RBX=0000000000000000 RCX=0000000000000780 RDX=0000000000000008
RSI=00007ffffffffff0 RDI=ffffffff8021822d RBP=00007fffffffffe8 RSP=00007fffffffffe8
R8 =0000000000000000 R9 =0000000000000000 R10=0000000000000000 R11=0000000000000000
R12=0000000000000000 R13=0000000000000000 R14=0000000000000000 R15=0000000000000000
RIP=000000000040007c RFL=00000202 [-------] CPL=3 II=0 A20=1 SMM=0 HLT=0
ES =0000 0000000000000000 00000000 00201300
CS =001b 0000000000000000 ffffffff 00affa00 DPL=3 CS64 [-R-]
SS =0023 0000000000000000 ffffffff 008ff200 DPL=3 DS   [-W-]
DS =0000 0000000000000000 00000000 00201300
FS =0000 0000000000000000 00000000 00201300
GS =0000 0000000000000000 00000000 00201300
LDT=0000 0000000000000000 0000ffff 00008200 DPL=0 LDT
TR =0028 ffffffff80215100 00000068 00008900 DPL=0 TSS64-avl
GDT=     ffffffff802043d0 00000037
IDT=     ffffffff802151e0 00000fff
CR0=80000011 CR2=0000000000000000 CR3=0000000000206000 CR4=00000020
DR0=0000000000000000 DR1=0000000000000000 DR2=0000000000000000 DR3=0000000000000000 
DR6=00000000ffff0ff0 DR7=0000000000000400
CCS=0000000000000000 CCD=ffffffffffffffff CCO=EFLAGS
EFER=0000000000000500
   377: v=20 e=0000 i=0 cpl=3 IP=001b:000000000040007c pc=000000000040007c SP=0023:00007fffffffffe8 env->regs[R_EAX]=ffffffff8021822d
RAX=ffffffff8021822d RBX=0000000000000000 RCX=0000000000000780 RDX=0000000000000008
RSI=00007ffffffffff0 RDI=ffffffff8021822d RBP=00007fffffffffe8 RSP=00007fffffffffe8
R8 =0000000000000000 R9 =0000000000000000 R10=0000000000000000 R11=0000000000000000
R12=0000000000000000 R13=0000000000000000 R14=0000000000000000 R15=0000000000000000
RIP=000000000040007c RFL=00000202 [-------] CPL=3 II=0 A20=1 SMM=0 HLT=0
ES =0000 0000000000000000 00000000 00201300
CS =001b 0000000000000000 ffffffff 00affa00 DPL=3 CS64 [-R-]
SS =0023 0000000000000000 ffffffff 008ff200 DPL=3 DS   [-W-]
DS =0000 0000000000000000 00000000 00201300
FS =0000 0000000000000000 00000000 00201300
GS =0000 0000000000000000 00000000 00201300
LDT=0000 0000000000000000 0000ffff 00008200 DPL=0 LDT
TR =0028 ffffffff80215100 00000068 00008900 DPL=0 TSS64-avl
GDT=     ffffffff802043d0 00000037
IDT=     ffffffff802151e0 00000fff
CR0=80000011 CR2=0000000000000000 CR3=0000000000206000 CR4=00000020
DR0=0000000000000000 DR1=0000000000000000 DR2=0000000000000000 DR3=0000000000000000 
DR6=00000000ffff0ff0 DR7=0000000000000400
CCS=0000000000000000 CCD=0000000000000000 CCO=EFLAGS
EFER=0000000000000500
   378: v=20 e=0000 i=0 cpl=0 IP=0008:ffffffff802000a9 pc=ffffffff802000a9 SP=0010:ffffffff80219370 env->regs[R_EAX]=0000000000000000
RAX=0000000000000000 RBX=000002d000000000 RCX=0000000000000780 RDX=000000000000001a
RSI=0000030000000000 RDI=0000000000000018 RBP=ffffffff80219370 RSP=ffffffff80219370
R8 =0000032000000000 R9 =0000033000000000 R10=0000034000000000 R11=0000035000000000
R12=0000036000000000 R13=0000037000000000 R14=0000038000000000 R15=0000039000000000
RIP=ffffffff802000a9 RFL=00000246 [---Z-P-] CPL=0 II=0 A20=1 SMM=0 HLT=0
ES =0000 0000000000000000 00000000 00201300
CS =0008 0000000000000000 00000000 00209800 DPL=0 CS64 [---]
SS =0010 0000000000000000 00000000 00209300 DPL=0 DS   [-WA]
DS =0000 0000000000000000 00000000 00201300
FS =0000 0000000000000000 00000000 00201300
GS =0000 0000000000000000 00000000 00201300
LDT=0000 0000000000000000 0000ffff 00008200 DPL=0 LDT
TR =0028 ffffffff80215100 00000068 00008900 DPL=0 TSS64-avl
GDT=     ffffffff802043d0 00000037
IDT=     ffffffff802151e0 00000fff
CR0=80000011 CR2=0000000000000000 CR3=0000000000206000 CR4=00000020
DR0=0000000000000000 DR1=0000000000000000 DR2=0000000000000000 DR3=0000000000000000 
DR6=00000000ffff0ff0 DR7=0000000000000400
CCS=0000000000000044 CCD=0000000000000015 CCO=EFLAGS
EFER=0000000000000500
   379: v=20 e=0000 i=0 cpl=0 IP=0008:ffffffff802000a9 pc=ffffffff802000a9 SP=0010:ffffffff80219370 env->regs[R_EAX]=0000000000000000
RAX=0000000000000000 RBX=000002d000000000 RCX=0000000000000780 RDX=000000000000001a
RSI=0000030000000000 RDI=0000000000000018 RBP=ffffffff80219370 RSP=ffffffff80219370
R8 =0000032000000000 R9 =0000033000000000 R10=0000034000000000 R11=0000035000000000
R12=0000036000000000 R13=0000037000000000 R14=0000038000000000 R15=0000039000000000
RIP=ffffffff802000a9 RFL=00000246 [---Z-P-] CPL=0 II=0 A20=1 SMM=0 HLT=0
ES =0000 0000000000000000 00000000 00201300
CS =0008 0000000000000000 00000000 00209800 DPL=0 CS64 [---]
SS =0010 0000000000000000 00000000 00209300 DPL=0 DS   [-WA]
DS =0000 0000000000000000 00000000 00201300
FS =0000 0000000000000000 00000000 00201300
GS =0000 0000000000000000 00000000 00201300
LDT=0000 0000000000000000 0000ffff 00008200 DPL=0 LDT
TR =0028 ffffffff80215100 00000068 00008900 DPL=0 TSS64-avl
GDT=     ffffffff802043d0 00000037
IDT=     ffffffff802151e0 00000fff
CR0=80000011 CR2=0000000000000000 CR3=0000000000206000 CR4=00000020
DR0=0000000000000000 DR1=0000000000000000 DR2=0000000000000000 DR3=0000000000000000 
DR6=00000000ffff0ff0 DR7=0000000000000400
CCS=0000000000000044 CCD=fffffffffffffff0 CCO=EFLAGS
EFER=0000000000000500
   380: v=20 e=0000 i=0 cpl=0 IP=0008:ffffffff802000a9 pc=ffffffff802000a9 SP=0010:ffffffff80219370 env->regs[R_EAX]=0000000000000000
RAX=0000000000000000 RBX=000002d000000000 RCX=0000000000000780 RDX=000000000000001a
RSI=0000030000000000 RDI=0000000000000018 RBP=ffffffff80219370 RSP=ffffffff80219370
R8 =0000032000000000 R9 =0000033000000000 R10=0000034000000000 R11=0000035000000000
R12=0000036000000000 R13=0000037000000000 R14=0000038000000000 R15=0000039000000000
RIP=ffffffff802000a9 RFL=00000246 [---Z-P-] CPL=0 II=0 A20=1 SMM=0 HLT=0
ES =0000 0000000000000000 00000000 00201300
CS =0008 0000000000000000 00000000 00209800 DPL=0 CS64 [---]
SS =0010 0000000000000000 00000000 00209300 DPL=0 DS   [-WA]
DS =0000 0000000000000000 00000000 00201300
FS =0000 0000000000000000 00000000 00201300
GS =0000 0000000000000000 00000000 00201300
LDT=0000 0000000000000000 0000ffff 00008200 DPL=0 LDT
TR =0028 ffffffff80215100 00000068 00008900 DPL=0 TSS64-avl
GDT=     ffffffff802043d0 00000037
IDT=     ffffffff802151e0 00000fff
CR0=80000011 CR2=0000000000000000 CR3=0000000000206000 CR4=00000020
DR0=0000000000000000 DR1=0000000000000000 DR2=0000000000000000 DR3=0000000000000000 
DR6=00000000ffff0ff0 DR7=0000000000000400
CCS=0000000000000044 CCD=fffffffffffffff1 CCO=EFLAGS
EFER=0000000000000500
   381: v=20 e=0000 i=0 cpl=0 IP=0008:ffffffff802000a9 pc=ffffffff802000a9 SP=0010:ffffffff80219370 env->regs[R_EAX]=0000000000000000
RAX=0000000000000000 RBX=000002d000000000 RCX=0000000000000780 RDX=000000000000001a
RSI=0000030000000000 RDI=0000000000000018 RBP=ffffffff80219370 RSP=ffffffff80219370
R8 =0000032000000000 R9 =0000033000000000 R10=0000034000000000 R11=0000035000000000
R12=0000036000000000 R13=0000037000000000 R14=0000038000000000 R15=0000039000000000
RIP=ffffffff802000a9 RFL=00000246 [---Z-P-] CPL=0 II=0 A20=1 SMM=0 HLT=0
ES =0000 0000000000000000 00000000 00201300
CS =0008 0000000000000000 00000000 00209800 DPL=0 CS64 [---]
SS =0010 0000000000000000 00000000 00209300 DPL=0 DS   [-WA]
DS =0000 0000000000000000 00000000 00201300
FS =0000 0000000000000000 00000000 00201300
GS =0000 0000000000000000 00000000 00201300
LDT=0000 0000000000000000 0000ffff 00008200 DPL=0 LDT
TR =0028 ffffffff80215100 00000068 00008900 DPL=0 TSS64-avl
GDT=     ffffffff802043d0 00000037
IDT=     ffffffff802151e0 00000fff
CR0=80000011 CR2=0000000000000000 CR3=0000000000206000 CR4=00000020
DR0=0000000000000000 DR1=0000000000000000 DR2=0000000000000000 DR3=0000000000000000 
DR6=00000000ffff0ff0 DR7=0000000000000400
CCS=0000000000000044 CCD=fffffffffffffff2 CCO=EFLAGS
EFER=0000000000000500
   382: v=20 e=0000 i=0 cpl=0 IP=0008:ffffffff802000a9 pc=ffffffff802000a9 SP=0010:ffffffff80219370 env->regs[R_EAX]=0000000000000000
RAX=0000000000000000 RBX=000002d000000000 RCX=0000000000000780 RDX=000000000000001a
RSI=0000030000000000 RDI=0000000000000018 RBP=ffffffff80219370 RSP=ffffffff80219370
R8 =0000032000000000 R9 =0000033000000000 R10=0000034000000000 R11=0000035000000000
R12=0000036000000000 R13=0000037000000000 R14=0000038000000000 R15=0000039000000000
RIP=ffffffff802000a9 RFL=00000246 [---Z-P-] CPL=0 II=0 A20=1 SMM=0 HLT=0
ES =0000 0000000000000000 00000000 00201300
CS =0008 0000000000000000 00000000 00209800 DPL=0 CS64 [---]
SS =0010 0000000000000000 00000000 00209300 DPL=0 DS   [-WA]
DS =0000 0000000000000000 00000000 00201300
FS =0000 0000000000000000 00000000 00201300
GS =0000 0000000000000000 00000000 00201300
LDT=0000 0000000000000000 0000ffff 00008200 DPL=0 LDT
TR =0028 ffffffff80215100 00000068 00008900 DPL=0 TSS64-avl
GDT=     ffffffff802043d0 00000037
IDT=     ffffffff802151e0 00000fff
CR0=80000011 CR2=0000000000000000 CR3=0000000000206000 CR4=00000020
DR0=0000000000000000 DR1=0000000000000000 DR2=0000000000000000 DR3=0000000000000000 
DR6=00000000ffff0ff0 DR7=0000000000000400
CCS=0000000000000044 CCD=fffffffffffffff3 CCO=EFLAGS
EFER=0000000000000500
   383: v=20 e=0000 i=0 cpl=0 IP=0008:ffffffff802000a9 pc=ffffffff802000a9 SP=0010:ffffffff80219370 env->regs[R_EAX]=0000000000000000
RAX=0000000000000000 RBX=000002d000000000 RCX=0000000000000780 RDX=000000000000001a
RSI=0000030000000000 RDI=0000000000000018 RBP=ffffffff80219370 RSP=ffffffff80219370
R8 =0000032000000000 R9 =0000033000000000 R10=0000034000000000 R11=0000035000000000
R12=0000036000000000 R13=0000037000000000 R14=0000038000000000 R15=0000039000000000
RIP=ffffffff802000a9 RFL=00000246 [---Z-P-] CPL=0 II=0 A20=1 SMM=0 HLT=0
ES =0000 0000000000000000 00000000 00201300
CS =0008 0000000000000000 00000000 00209800 DPL=0 CS64 [---]
SS =0010 0000000000000000 00000000 00209300 DPL=0 DS   [-WA]
DS =0000 0000000000000000 00000000 00201300
FS =0000 0000000000000000 00000000 00201300
GS =0000 0000000000000000 00000000 00201300
LDT=0000 0000000000000000 0000ffff 00008200 DPL=0 LDT
TR =0028 ffffffff80215100 00000068 00008900 DPL=0 TSS64-avl
GDT=     ffffffff802043d0 00000037
IDT=     ffffffff802151e0 00000fff
CR0=80000011 CR2=0000000000000000 CR3=0000000000206000 CR4=00000020
DR0=0000000000000000 DR1=0000000000000000 DR2=0000000000000000 DR3=0000000000000000 
DR6=00000000ffff0ff0 DR7=0000000000000400
CCS=0000000000000044 CCD=fffffffffffffff4 CCO=EFLAGS
EFER=0000000000000500
   384: v=20 e=0000 i=0 cpl=0 IP=0008:ffffffff802000a9 pc=ffffffff802000a9 SP=0010:ffffffff80219370 env->regs[R_EAX]=0000000000000000
RAX=0000000000000000 RBX=000002d000000000 RCX=0000000000000780 RDX=000000000000001a
RSI=0000030000000000 RDI=0000000000000018 RBP=ffffffff80219370 RSP=ffffffff80219370
R8 =0000032000000000 R9 =0000033000000000 R10=0000034000000000 R11=0000035000000000
R12=0000036000000000 R13=0000037000000000 R14=0000038000000000 R15=0000039000000000
RIP=ffffffff802000a9 RFL=00000246 [---Z-P-] CPL=0 II=0 A20=1 SMM=0 HLT=0
ES =0000 0000000000000000 00000000 00201300
CS =0008 0000000000000000 00000000 00209800 DPL=0 CS64 [---]
SS =0010 0000000000000000 00000000 00209300 DPL=0 DS   [-WA]
DS =0000 0000000000000000 00000000 00201300
FS =0000 0000000000000000 00000000 00201300
GS =0000 0000000000000000 00000000 00201300
LDT=0000 0000000000000000 0000ffff 00008200 DPL=0 LDT
TR =0028 ffffffff80215100 00000068 00008900 DPL=0 TSS64-avl
GDT=     ffffffff802043d0 00000037
IDT=     ffffffff802151e0 00000fff
CR0=80000011 CR2=0000000000000000 CR3=0000000000206000 CR4=00000020
DR0=0000000000000000 DR1=0000000000000000 DR2=0000000000000000 DR3=0000000000000000 
DR6=00000000ffff0ff0 DR7=0000000000000400
CCS=0000000000000044 CCD=fffffffffffffff5 CCO=EFLAGS
EFER=0000000000000500
   385: v=20 e=0000 i=0 cpl=0 IP=0008:ffffffff802000a9 pc=ffffffff802000a9 SP=0010:ffffffff80219370 env->regs[R_EAX]=0000000000000000
RAX=0000000000000000 RBX=000002d000000000 RCX=0000000000000780 RDX=000000000000001a
RSI=0000030000000000 RDI=0000000000000018 RBP=ffffffff80219370 RSP=ffffffff80219370
R8 =0000032000000000 R9 =0000033000000000 R10=0000034000000000 R11=0000035000000000
R12=0000036000000000 R13=0000037000000000 R14=0000038000000000 R15=0000039000000000
RIP=ffffffff802000a9 RFL=00000246 [---Z-P-] CPL=0 II=0 A20=1 SMM=0 HLT=0
ES =0000 0000000000000000 00000000 00201300
CS =0008 0000000000000000 00000000 00209800 DPL=0 CS64 [---]
SS =0010 0000000000000000 00000000 00209300 DPL=0 DS   [-WA]
DS =0000 0000000000000000 00000000 00201300
FS =0000 0000000000000000 00000000 00201300
GS =0000 0000000000000000 00000000 00201300
LDT=0000 0000000000000000 0000ffff 00008200 DPL=0 LDT
TR =0028 ffffffff80215100 00000068 00008900 DPL=0 TSS64-avl
GDT=     ffffffff802043d0 00000037
IDT=     ffffffff802151e0 00000fff
CR0=80000011 CR2=0000000000000000 CR3=0000000000206000 CR4=00000020
DR0=0000000000000000 DR1=0000000000000000 DR2=0000000000000000 DR3=0000000000000000 
DR6=00000000ffff0ff0 DR7=0000000000000400
CCS=0000000000000044 CCD=fffffffffffffff6 CCO=EFLAGS
EFER=0000000000000500
   386: v=20 e=0000 i=0 cpl=0 IP=0008:ffffffff802000a9 pc=ffffffff802000a9 SP=0010:ffffffff80219370 env->regs[R_EAX]=0000000000000000
RAX=0000000000000000 RBX=000002d000000000 RCX=0000000000000780 RDX=000000000000001a
RSI=0000030000000000 RDI=0000000000000018 RBP=ffffffff80219370 RSP=ffffffff80219370
R8 =0000032000000000 R9 =0000033000000000 R10=0000034000000000 R11=0000035000000000
R12=0000036000000000 R13=0000037000000000 R14=0000038000000000 R15=0000039000000000
RIP=ffffffff802000a9 RFL=00000246 [---Z-P-] CPL=0 II=0 A20=1 SMM=0 HLT=0
ES =0000 0000000000000000 00000000 00201300
CS =0008 0000000000000000 00000000 00209800 DPL=0 CS64 [---]
SS =0010 0000000000000000 00000000 00209300 DPL=0 DS   [-WA]
DS =0000 0000000000000000 00000000 00201300
FS =0000 0000000000000000 00000000 00201300
GS =0000 0000000000000000 00000000 00201300
LDT=0000 0000000000000000 0000ffff 00008200 DPL=0 LDT
TR =0028 ffffffff80215100 00000068 00008900 DPL=0 TSS64-avl
GDT=     ffffffff802043d0 00000037
IDT=     ffffffff802151e0 00000fff
CR0=80000011 CR2=0000000000000000 CR3=0000000000206000 CR4=00000020
DR0=0000000000000000 DR1=0000000000000000 DR2=0000000000000000 DR3=0000000000000000 
DR6=00000000ffff0ff0 DR7=0000000000000400
CCS=0000000000000044 CCD=fffffffffffffff7 CCO=EFLAGS
EFER=0000000000000500
   387: v=20 e=0000 i=0 cpl=0 IP=0008:ffffffff802000a9 pc=ffffffff802000a9 SP=0010:ffffffff80219370 env->regs[R_EAX]=0000000000000000
RAX=0000000000000000 RBX=000002d000000000 RCX=0000000000000780 RDX=000000000000001a
RSI=0000030000000000 RDI=0000000000000018 RBP=ffffffff80219370 RSP=ffffffff80219370
R8 =0000032000000000 R9 =0000033000000000 R10=0000034000000000 R11=0000035000000000
R12=0000036000000000 R13=0000037000000000 R14=0000038000000000 R15=0000039000000000
RIP=ffffffff802000a9 RFL=00000246 [---Z-P-] CPL=0 II=0 A20=1 SMM=0 HLT=0
ES =0000 0000000000000000 00000000 00201300
CS =0008 0000000000000000 00000000 00209800 DPL=0 CS64 [---]
SS =0010 0000000000000000 00000000 00209300 DPL=0 DS   [-WA]
DS =0000 0000000000000000 00000000 00201300
FS =0000 0000000000000000 00000000 00201300
GS =0000 0000000000000000 00000000 00201300
LDT=0000 0000000000000000 0000ffff 00008200 DPL=0 LDT
TR =0028 ffffffff80215100 00000068 00008900 DPL=0 TSS64-avl
GDT=     ffffffff802043d0 00000037
IDT=     ffffffff802151e0 00000fff
CR0=80000011 CR2=0000000000000000 CR3=0000000000206000 CR4=00000020
DR0=0000000000000000 DR1=0000000000000000 DR2=0000000000000000 DR3=0000000000000000 
DR6=00000000ffff0ff0 DR7=0000000000000400
CCS=0000000000000044 CCD=fffffffffffffff8 CCO=EFLAGS
EFER=0000000000000500
   388: v=20 e=0000 i=0 cpl=0 IP=0008:ffffffff802000a9 pc=ffffffff802000a9 SP=0010:ffffffff80219370 env->regs[R_EAX]=0000000000000000
RAX=0000000000000000 RBX=000002d000000000 RCX=0000000000000780 RDX=000000000000001a
RSI=0000030000000000 RDI=0000000000000018 RBP=ffffffff80219370 RSP=ffffffff80219370
R8 =0000032000000000 R9 =0000033000000000 R10=0000034000000000 R11=0000035000000000
R12=0000036000000000 R13=0000037000000000 R14=0000038000000000 R15=0000039000000000
RIP=ffffffff802000a9 RFL=00000246 [---Z-P-] CPL=0 II=0 A20=1 SMM=0 HLT=0
ES =0000 0000000000000000 00000000 00201300
CS =0008 0000000000000000 00000000 00209800 DPL=0 CS64 [---]
SS =0010 0000000000000000 00000000 00209300 DPL=0 DS   [-WA]
DS =0000 0000000000000000 00000000 00201300
FS =0000 0000000000000000 00000000 00201300
GS =0000 0000000000000000 00000000 00201300
LDT=0000 0000000000000000 0000ffff 00008200 DPL=0 LDT
TR =0028 ffffffff80215100 00000068 00008900 DPL=0 TSS64-avl
GDT=     ffffffff802043d0 00000037
IDT=     ffffffff802151e0 00000fff
CR0=80000011 CR2=0000000000000000 CR3=0000000000206000 CR4=00000020
DR0=0000000000000000 DR1=0000000000000000 DR2=0000000000000000 DR3=0000000000000000 
DR6=00000000ffff0ff0 DR7=0000000000000400
CCS=0000000000000044 CCD=fffffffffffffff9 CCO=EFLAGS
EFER=0000000000000500
   389: v=20 e=0000 i=0 cpl=0 IP=0008:ffffffff802000a9 pc=ffffffff802000a9 SP=0010:ffffffff80219370 env->regs[R_EAX]=0000000000000000
RAX=0000000000000000 RBX=000002d000000000 RCX=0000000000000780 RDX=000000000000001a
RSI=0000030000000000 RDI=0000000000000018 RBP=ffffffff80219370 RSP=ffffffff80219370
R8 =0000032000000000 R9 =0000033000000000 R10=0000034000000000 R11=0000035000000000
R12=0000036000000000 R13=0000037000000000 R14=0000038000000000 R15=0000039000000000
RIP=ffffffff802000a9 RFL=00000246 [---Z-P-] CPL=0 II=0 A20=1 SMM=0 HLT=0
ES =0000 0000000000000000 00000000 00201300
CS =0008 0000000000000000 00000000 00209800 DPL=0 CS64 [---]
SS =0010 0000000000000000 00000000 00209300 DPL=0 DS   [-WA]
DS =0000 0000000000000000 00000000 00201300
FS =0000 0000000000000000 00000000 00201300
GS =0000 0000000000000000 00000000 00201300
LDT=0000 0000000000000000 0000ffff 00008200 DPL=0 LDT
TR =0028 ffffffff80215100 00000068 00008900 DPL=0 TSS64-avl
GDT=     ffffffff802043d0 00000037
IDT=     ffffffff802151e0 00000fff
CR0=80000011 CR2=0000000000000000 CR3=0000000000206000 CR4=00000020
DR0=0000000000000000 DR1=0000000000000000 DR2=0000000000000000 DR3=0000000000000000 
DR6=00000000ffff0ff0 DR7=0000000000000400
CCS=0000000000000044 CCD=fffffffffffffffa CCO=EFLAGS
EFER=0000000000000500
   390: v=20 e=0000 i=0 cpl=0 IP=0008:ffffffff802000a9 pc=ffffffff802000a9 SP=0010:ffffffff80219370 env->regs[R_EAX]=0000000000000000
RAX=0000000000000000 RBX=000002d000000000 RCX=0000000000000780 RDX=000000000000001a
RSI=0000030000000000 RDI=0000000000000018 RBP=ffffffff80219370 RSP=ffffffff80219370
R8 =0000032000000000 R9 =0000033000000000 R10=0000034000000000 R11=0000035000000000
R12=0000036000000000 R13=0000037000000000 R14=0000038000000000 R15=0000039000000000
RIP=ffffffff802000a9 RFL=00000246 [---Z-P-] CPL=0 II=0 A20=1 SMM=0 HLT=0
ES =0000 0000000000000000 00000000 00201300
CS =0008 0000000000000000 00000000 00209800 DPL=0 CS64 [---]
SS =0010 0000000000000000 00000000 00209300 DPL=0 DS   [-WA]
DS =0000 0000000000000000 00000000 00201300
FS =0000 0000000000000000 00000000 00201300
GS =0000 0000000000000000 00000000 00201300
LDT=0000 0000000000000000 0000ffff 00008200 DPL=0 LDT
TR =0028 ffffffff80215100 00000068 00008900 DPL=0 TSS64-avl
GDT=     ffffffff802043d0 00000037
IDT=     ffffffff802151e0 00000fff
CR0=80000011 CR2=0000000000000000 CR3=0000000000206000 CR4=00000020
DR0=0000000000000000 DR1=0000000000000000 DR2=0000000000000000 DR3=0000000000000000 
DR6=00000000ffff0ff0 DR7=0000000000000400
CCS=0000000000000044 CCD=fffffffffffffffb CCO=EFLAGS
EFER=0000000000000500
   391: v=20 e=0000 i=0 cpl=0 IP=0008:ffffffff802000a9 pc=ffffffff802000a9 SP=0010:ffffffff80219370 env->regs[R_EAX]=0000000000000000
RAX=0000000000000000 RBX=000002d000000000 RCX=0000000000000780 RDX=000000000000001a
RSI=0000030000000000 RDI=0000000000000018 RBP=ffffffff80219370 RSP=ffffffff80219370
R8 =0000032000000000 R9 =0000033000000000 R10=0000034000000000 R11=0000035000000000
R12=0000036000000000 R13=0000037000000000 R14=0000038000000000 R15=0000039000000000
RIP=ffffffff802000a9 RFL=00000246 [---Z-P-] CPL=0 II=0 A20=1 SMM=0 HLT=0
ES =0000 0000000000000000 00000000 00201300
CS =0008 0000000000000000 00000000 00209800 DPL=0 CS64 [---]
SS =0010 0000000000000000 00000000 00209300 DPL=0 DS   [-WA]
DS =0000 0000000000000000 00000000 00201300
FS =0000 0000000000000000 00000000 00201300
GS =0000 0000000000000000 00000000 00201300
LDT=0000 0000000000000000 0000ffff 00008200 DPL=0 LDT
TR =0028 ffffffff80215100 00000068 00008900 DPL=0 TSS64-avl
GDT=     ffffffff802043d0 00000037
IDT=     ffffffff802151e0 00000fff
CR0=80000011 CR2=0000000000000000 CR3=0000000000206000 CR4=00000020
DR0=0000000000000000 DR1=0000000000000000 DR2=0000000000000000 DR3=0000000000000000 
DR6=00000000ffff0ff0 DR7=0000000000000400
CCS=0000000000000044 CCD=fffffffffffffffc CCO=EFLAGS
EFER=0000000000000500
   392: v=20 e=0000 i=0 cpl=0 IP=0008:ffffffff802000a9 pc=ffffffff802000a9 SP=0010:ffffffff80219370 env->regs[R_EAX]=0000000000000000
RAX=0000000000000000 RBX=000002d000000000 RCX=0000000000000780 RDX=000000000000001a
RSI=0000030000000000 RDI=0000000000000018 RBP=ffffffff80219370 RSP=ffffffff80219370
R8 =0000032000000000 R9 =0000033000000000 R10=0000034000000000 R11=0000035000000000
R12=0000036000000000 R13=0000037000000000 R14=0000038000000000 R15=0000039000000000
RIP=ffffffff802000a9 RFL=00000246 [---Z-P-] CPL=0 II=0 A20=1 SMM=0 HLT=0
ES =0000 0000000000000000 00000000 00201300
CS =0008 0000000000000000 00000000 00209800 DPL=0 CS64 [---]
SS =0010 0000000000000000 00000000 00209300 DPL=0 DS   [-WA]
DS =0000 0000000000000000 00000000 00201300
FS =0000 0000000000000000 00000000 00201300
GS =0000 0000000000000000 00000000 00201300
LDT=0000 0000000000000000 0000ffff 00008200 DPL=0 LDT
TR =0028 ffffffff80215100 00000068 00008900 DPL=0 TSS64-avl
GDT=     ffffffff802043d0 00000037
IDT=     ffffffff802151e0 00000fff
CR0=80000011 CR2=0000000000000000 CR3=0000000000206000 CR4=00000020
DR0=0000000000000000 DR1=0000000000000000 DR2=0000000000000000 DR3=0000000000000000 
DR6=00000000ffff0ff0 DR7=0000000000000400
CCS=0000000000000044 CCD=fffffffffffffffd CCO=EFLAGS
EFER=0000000000000500
   393: v=20 e=0000 i=0 cpl=0 IP=0008:ffffffff802000a9 pc=ffffffff802000a9 SP=0010:ffffffff80219370 env->regs[R_EAX]=0000000000000000
RAX=0000000000000000 RBX=000002d000000000 RCX=0000000000000780 RDX=000000000000001a
RSI=0000030000000000 RDI=0000000000000018 RBP=ffffffff80219370 RSP=ffffffff80219370
R8 =0000032000000000 R9 =0000033000000000 R10=0000034000000000 R11=0000035000000000
R12=0000036000000000 R13=0000037000000000 R14=0000038000000000 R15=0000039000000000
RIP=ffffffff802000a9 RFL=00000246 [---Z-P-] CPL=0 II=0 A20=1 SMM=0 HLT=0
ES =0000 0000000000000000 00000000 00201300
CS =0008 0000000000000000 00000000 00209800 DPL=0 CS64 [---]
SS =0010 0000000000000000 00000000 00209300 DPL=0 DS   [-WA]
DS =0000 0000000000000000 00000000 00201300
FS =0000 0000000000000000 00000000 00201300
GS =0000 0000000000000000 00000000 00201300
LDT=0000 0000000000000000 0000ffff 00008200 DPL=0 LDT
TR =0028 ffffffff80215100 00000068 00008900 DPL=0 TSS64-avl
GDT=     ffffffff802043d0 00000037
IDT=     ffffffff802151e0 00000fff
CR0=80000011 CR2=0000000000000000 CR3=0000000000206000 CR4=00000020
DR0=0000000000000000 DR1=0000000000000000 DR2=0000000000000000 DR3=0000000000000000 
DR6=00000000ffff0ff0 DR7=0000000000000400
CCS=0000000000000044 CCD=fffffffffffffffe CCO=EFLAGS
EFER=0000000000000500
   394: v=20 e=0000 i=0 cpl=0 IP=0008:ffffffff802000a9 pc=ffffffff802000a9 SP=0010:ffffffff80219370 env->regs[R_EAX]=0000000000000000
RAX=0000000000000000 RBX=000002d000000000 RCX=0000000000000780 RDX=000000000000001a
RSI=0000030000000000 RDI=0000000000000018 RBP=ffffffff80219370 RSP=ffffffff80219370
R8 =0000032000000000 R9 =0000033000000000 R10=0000034000000000 R11=0000035000000000
R12=0000036000000000 R13=0000037000000000 R14=0000038000000000 R15=0000039000000000
RIP=ffffffff802000a9 RFL=00000246 [---Z-P-] CPL=0 II=0 A20=1 SMM=0 HLT=0
ES =0000 0000000000000000 00000000 00201300
CS =0008 0000000000000000 00000000 00209800 DPL=0 CS64 [---]
SS =0010 0000000000000000 00000000 00209300 DPL=0 DS   [-WA]
DS =0000 0000000000000000 00000000 00201300
FS =0000 0000000000000000 00000000 00201300
GS =0000 0000000000000000 00000000 00201300
LDT=0000 0000000000000000 0000ffff 00008200 DPL=0 LDT
TR =0028 ffffffff80215100 00000068 00008900 DPL=0 TSS64-avl
GDT=     ffffffff802043d0 00000037
IDT=     ffffffff802151e0 00000fff
CR0=80000011 CR2=0000000000000000 CR3=0000000000206000 CR4=00000020
DR0=0000000000000000 DR1=0000000000000000 DR2=0000000000000000 DR3=0000000000000000 
DR6=00000000ffff0ff0 DR7=0000000000000400
CCS=0000000000000044 CCD=ffffffffffffffff CCO=EFLAGS
EFER=0000000000000500
   395: v=20 e=0000 i=0 cpl=0 IP=0008:ffffffff802000a9 pc=ffffffff802000a9 SP=0010:ffffffff80219370 env->regs[R_EAX]=0000000000000000
RAX=0000000000000000 RBX=000002d000000000 RCX=0000000000000780 RDX=000000000000001a
RSI=0000030000000000 RDI=0000000000000018 RBP=ffffffff80219370 RSP=ffffffff80219370
R8 =0000032000000000 R9 =0000033000000000 R10=0000034000000000 R11=0000035000000000
R12=0000036000000000 R13=0000037000000000 R14=0000038000000000 R15=0000039000000000
RIP=ffffffff802000a9 RFL=00000246 [---Z-P-] CPL=0 II=0 A20=1 SMM=0 HLT=0
ES =0000 0000000000000000 00000000 00201300
CS =0008 0000000000000000 00000000 00209800 DPL=0 CS64 [---]
SS =0010 0000000000000000 00000000 00209300 DPL=0 DS   [-WA]
DS =0000 0000000000000000 00000000 00201300
FS =0000 0000000000000000 00000000 00201300
GS =0000 0000000000000000 00000000 00201300
LDT=0000 0000000000000000 0000ffff 00008200 DPL=0 LDT
TR =0028 ffffffff80215100 00000068 00008900 DPL=0 TSS64-avl
GDT=     ffffffff802043d0 00000037
IDT=     ffffffff802151e0 00000fff
CR0=80000011 CR2=0000000000000000 CR3=0000000000206000 CR4=00000020
DR0=0000000000000000 DR1=0000000000000000 DR2=0000000000000000 DR3=0000000000000000 
DR6=00000000ffff0ff0 DR7=0000000000000400
CCS=0000000000000044 CCD=0000000000000000 CCO=EFLAGS
EFER=0000000000000500
   396: v=20 e=0000 i=0 cpl=3 IP=001b:000000000040007c pc=000000000040007c SP=0023:00007fffffffffe8 env->regs[R_EAX]=ffffffff8021822d
RAX=ffffffff8021822d RBX=0000000000000000 RCX=0000000000000780 RDX=0000000000000008
RSI=00007ffffffffff0 RDI=ffffffff8021822d RBP=00007fffffffffe8 RSP=00007fffffffffe8
R8 =0000000000000000 R9 =0000000000000000 R10=0000000000000000 R11=0000000000000000
R12=0000000000000000 R13=0000000000000000 R14=0000000000000000 R15=0000000000000000
RIP=000000000040007c RFL=00000202 [-------] CPL=3 II=0 A20=1 SMM=0 HLT=0
ES =0000 0000000000000000 00000000 00201300
CS =001b 0000000000000000 ffffffff 00affa00 DPL=3 CS64 [-R-]
SS =0023 0000000000000000 ffffffff 008ff200 DPL=3 DS   [-W-]
DS =0000 0000000000000000 00000000 00201300
FS =0000 0000000000000000 00000000 00201300
GS =0000 0000000000000000 00000000 00201300
LDT=0000 0000000000000000 0000ffff 00008200 DPL=0 LDT
TR =0028 ffffffff80215100 00000068 00008900 DPL=0 TSS64-avl
GDT=     ffffffff802043d0 00000037
IDT=     ffffffff802151e0 00000fff
CR0=80000011 CR2=0000000000000000 CR3=0000000000206000 CR4=00000020
DR0=0000000000000000 DR1=0000000000000000 DR2=0000000000000000 DR3=0000000000000000 
DR6=00000000ffff0ff0 DR7=0000000000000400
CCS=0000000000000000 CCD=0000000000000016 CCO=EFLAGS
EFER=0000000000000500
   397: v=20 e=0000 i=0 cpl=3 IP=001b:000000000040007c pc=000000000040007c SP=0023:00007fffffffffe8 env->regs[R_EAX]=ffffffff8021822d
RAX=ffffffff8021822d RBX=0000000000000000 RCX=0000000000000780 RDX=0000000000000008
RSI=00007ffffffffff0 RDI=ffffffff8021822d RBP=00007fffffffffe8 RSP=00007fffffffffe8
R8 =0000000000000000 R9 =0000000000000000 R10=0000000000000000 R11=0000000000000000
R12=0000000000000000 R13=0000000000000000 R14=0000000000000000 R15=0000000000000000
RIP=000000000040007c RFL=00000202 [-------] CPL=3 II=0 A20=1 SMM=0 HLT=0
ES =0000 0000000000000000 00000000 00201300
CS =001b 0000000000000000 ffffffff 00affa00 DPL=3 CS64 [-R-]
SS =0023 0000000000000000 ffffffff 008ff200 DPL=3 DS   [-W-]
DS =0000 0000000000000000 00000000 00201300
FS =0000 0000000000000000 00000000 00201300
GS =0000 0000000000000000 00000000 00201300
LDT=0000 0000000000000000 0000ffff 00008200 DPL=0 LDT
TR =0028 ffffffff80215100 00000068 00008900 DPL=0 TSS64-avl
GDT=     ffffffff802043d0 00000037
IDT=     ffffffff802151e0 00000fff
CR0=80000011 CR2=0000000000000000 CR3=0000000000206000 CR4=00000020
DR0=0000000000000000 DR1=0000000000000000 DR2=0000000000000000 DR3=0000000000000000 
DR6=00000000ffff0ff0 DR7=0000000000000400
CCS=0000000000000000 CCD=fffffffffffffff0 CCO=EFLAGS
EFER=0000000000000500
   398: v=20 e=0000 i=0 cpl=3 IP=001b:000000000040007c pc=000000000040007c SP=0023:00007fffffffffe8 env->regs[R_EAX]=ffffffff8021822d
RAX=ffffffff8021822d RBX=0000000000000000 RCX=0000000000000780 RDX=0000000000000008
RSI=00007ffffffffff0 RDI=ffffffff8021822d RBP=00007fffffffffe8 RSP=00007fffffffffe8
R8 =0000000000000000 R9 =0000000000000000 R10=0000000000000000 R11=0000000000000000
R12=0000000000000000 R13=0000000000000000 R14=0000000000000000 R15=0000000000000000
RIP=000000000040007c RFL=00000202 [-------] CPL=3 II=0 A20=1 SMM=0 HLT=0
ES =0000 0000000000000000 00000000 00201300
CS =001b 0000000000000000 ffffffff 00affa00 DPL=3 CS64 [-R-]
SS =0023 0000000000000000 ffffffff 008ff200 DPL=3 DS   [-W-]
DS =0000 0000000000000000 00000000 00201300
FS =0000 0000000000000000 00000000 00201300
GS =0000 0000000000000000 00000000 00201300
LDT=0000 0000000000000000 0000ffff 00008200 DPL=0 LDT
TR =0028 ffffffff80215100 00000068 00008900 DPL=0 TSS64-avl
GDT=     ffffffff802043d0 00000037
IDT=     ffffffff802151e0 00000fff
CR0=80000011 CR2=0000000000000000 CR3=0000000000206000 CR4=00000020
DR0=0000000000000000 DR1=0000000000000000 DR2=0000000000000000 DR3=0000000000000000 
DR6=00000000ffff0ff0 DR7=0000000000000400
CCS=0000000000000000 CCD=fffffffffffffff1 CCO=EFLAGS
EFER=0000000000000500
   399: v=20 e=0000 i=0 cpl=3 IP=001b:000000000040007c pc=000000000040007c SP=0023:00007fffffffffe8 env->regs[R_EAX]=ffffffff8021822d
RAX=ffffffff8021822d RBX=0000000000000000 RCX=0000000000000780 RDX=0000000000000008
RSI=00007ffffffffff0 RDI=ffffffff8021822d RBP=00007fffffffffe8 RSP=00007fffffffffe8
R8 =0000000000000000 R9 =0000000000000000 R10=0000000000000000 R11=0000000000000000
R12=0000000000000000 R13=0000000000000000 R14=0000000000000000 R15=0000000000000000
RIP=000000000040007c RFL=00000202 [-------] CPL=3 II=0 A20=1 SMM=0 HLT=0
ES =0000 0000000000000000 00000000 00201300
CS =001b 0000000000000000 ffffffff 00affa00 DPL=3 CS64 [-R-]
SS =0023 0000000000000000 ffffffff 008ff200 DPL=3 DS   [-W-]
DS =0000 0000000000000000 00000000 00201300
FS =0000 0000000000000000 00000000 00201300
GS =0000 0000000000000000 00000000 00201300
LDT=0000 0000000000000000 0000ffff 00008200 DPL=0 LDT
TR =0028 ffffffff80215100 00000068 00008900 DPL=0 TSS64-avl
GDT=     ffffffff802043d0 00000037
IDT=     ffffffff802151e0 00000fff
CR0=80000011 CR2=0000000000000000 CR3=0000000000206000 CR4=00000020
DR0=0000000000000000 DR1=0000000000000000 DR2=0000000000000000 DR3=0000000000000000 
DR6=00000000ffff0ff0 DR7=0000000000000400
CCS=0000000000000000 CCD=fffffffffffffff2 CCO=EFLAGS
EFER=0000000000000500
   400: v=20 e=0000 i=0 cpl=3 IP=001b:000000000040007c pc=000000000040007c SP=0023:00007fffffffffe8 env->regs[R_EAX]=ffffffff8021822d
RAX=ffffffff8021822d RBX=0000000000000000 RCX=0000000000000780 RDX=0000000000000008
RSI=00007ffffffffff0 RDI=ffffffff8021822d RBP=00007fffffffffe8 RSP=00007fffffffffe8
R8 =0000000000000000 R9 =0000000000000000 R10=0000000000000000 R11=0000000000000000
R12=0000000000000000 R13=0000000000000000 R14=0000000000000000 R15=0000000000000000
RIP=000000000040007c RFL=00000202 [-------] CPL=3 II=0 A20=1 SMM=0 HLT=0
ES =0000 0000000000000000 00000000 00201300
CS =001b 0000000000000000 ffffffff 00affa00 DPL=3 CS64 [-R-]
SS =0023 0000000000000000 ffffffff 008ff200 DPL=3 DS   [-W-]
DS =0000 0000000000000000 00000000 00201300
FS =0000 0000000000000000 00000000 00201300
GS =0000 0000000000000000 00000000 00201300
LDT=0000 0000000000000000 0000ffff 00008200 DPL=0 LDT
TR =0028 ffffffff80215100 00000068 00008900 DPL=0 TSS64-avl
GDT=     ffffffff802043d0 00000037
IDT=     ffffffff802151e0 00000fff
CR0=80000011 CR2=0000000000000000 CR3=0000000000206000 CR4=00000020
DR0=0000000000000000 DR1=0000000000000000 DR2=0000000000000000 DR3=0000000000000000 
DR6=00000000ffff0ff0 DR7=0000000000000400
CCS=0000000000000000 CCD=fffffffffffffff3 CCO=EFLAGS
EFER=0000000000000500
   401: v=20 e=0000 i=0 cpl=3 IP=001b:000000000040007c pc=000000000040007c SP=0023:00007fffffffffe8 env->regs[R_EAX]=ffffffff8021822d
RAX=ffffffff8021822d RBX=0000000000000000 RCX=0000000000000780 RDX=0000000000000008
RSI=00007ffffffffff0 RDI=ffffffff8021822d RBP=00007fffffffffe8 RSP=00007fffffffffe8
R8 =0000000000000000 R9 =0000000000000000 R10=0000000000000000 R11=0000000000000000
R12=0000000000000000 R13=0000000000000000 R14=0000000000000000 R15=0000000000000000
RIP=000000000040007c RFL=00000202 [-------] CPL=3 II=0 A20=1 SMM=0 HLT=0
ES =0000 0000000000000000 00000000 00201300
CS =001b 0000000000000000 ffffffff 00affa00 DPL=3 CS64 [-R-]
SS =0023 0000000000000000 ffffffff 008ff200 DPL=3 DS   [-W-]
DS =0000 0000000000000000 00000000 00201300
FS =0000 0000000000000000 00000000 00201300
GS =0000 0000000000000000 00000000 00201300
LDT=0000 0000000000000000 0000ffff 00008200 DPL=0 LDT
TR =0028 ffffffff80215100 00000068 00008900 DPL=0 TSS64-avl
GDT=     ffffffff802043d0 00000037
IDT=     ffffffff802151e0 00000fff
CR0=80000011 CR2=0000000000000000 CR3=0000000000206000 CR4=00000020
DR0=0000000000000000 DR1=0000000000000000 DR2=0000000000000000 DR3=0000000000000000 
DR6=00000000ffff0ff0 DR7=0000000000000400
CCS=0000000000000000 CCD=fffffffffffffff4 CCO=EFLAGS
EFER=0000000000000500
   402: v=20 e=0000 i=0 cpl=3 IP=001b:000000000040007c pc=000000000040007c SP=0023:00007fffffffffe8 env->regs[R_EAX]=ffffffff8021822d
RAX=ffffffff8021822d RBX=0000000000000000 RCX=0000000000000780 RDX=0000000000000008
RSI=00007ffffffffff0 RDI=ffffffff8021822d RBP=00007fffffffffe8 RSP=00007fffffffffe8
R8 =0000000000000000 R9 =0000000000000000 R10=0000000000000000 R11=0000000000000000
R12=0000000000000000 R13=0000000000000000 R14=0000000000000000 R15=0000000000000000
RIP=000000000040007c RFL=00000202 [-------] CPL=3 II=0 A20=1 SMM=0 HLT=0
ES =0000 0000000000000000 00000000 00201300
CS =001b 0000000000000000 ffffffff 00affa00 DPL=3 CS64 [-R-]
SS =0023 0000000000000000 ffffffff 008ff200 DPL=3 DS   [-W-]
DS =0000 0000000000000000 00000000 00201300
FS =0000 0000000000000000 00000000 00201300
GS =0000 0000000000000000 00000000 00201300
LDT=0000 0000000000000000 0000ffff 00008200 DPL=0 LDT
TR =0028 ffffffff80215100 00000068 00008900 DPL=0 TSS64-avl
GDT=     ffffffff802043d0 00000037
IDT=     ffffffff802151e0 00000fff
CR0=80000011 CR2=0000000000000000 CR3=0000000000206000 CR4=00000020
DR0=0000000000000000 DR1=0000000000000000 DR2=0000000000000000 DR3=0000000000000000 
DR6=00000000ffff0ff0 DR7=0000000000000400
CCS=0000000000000000 CCD=fffffffffffffff5 CCO=EFLAGS
EFER=0000000000000500
   403: v=20 e=0000 i=0 cpl=3 IP=001b:000000000040007c pc=000000000040007c SP=0023:00007fffffffffe8 env->regs[R_EAX]=ffffffff8021822d
RAX=ffffffff8021822d RBX=0000000000000000 RCX=0000000000000780 RDX=0000000000000008
RSI=00007ffffffffff0 RDI=ffffffff8021822d RBP=00007fffffffffe8 RSP=00007fffffffffe8
R8 =0000000000000000 R9 =0000000000000000 R10=0000000000000000 R11=0000000000000000
R12=0000000000000000 R13=0000000000000000 R14=0000000000000000 R15=0000000000000000
RIP=000000000040007c RFL=00000202 [-------] CPL=3 II=0 A20=1 SMM=0 HLT=0
ES =0000 0000000000000000 00000000 00201300
CS =001b 0000000000000000 ffffffff 00affa00 DPL=3 CS64 [-R-]
SS =0023 0000000000000000 ffffffff 008ff200 DPL=3 DS   [-W-]
DS =0000 0000000000000000 00000000 00201300
FS =0000 0000000000000000 00000000 00201300
GS =0000 0000000000000000 00000000 00201300
LDT=0000 0000000000000000 0000ffff 00008200 DPL=0 LDT
TR =0028 ffffffff80215100 00000068 00008900 DPL=0 TSS64-avl
GDT=     ffffffff802043d0 00000037
IDT=     ffffffff802151e0 00000fff
CR0=80000011 CR2=0000000000000000 CR3=0000000000206000 CR4=00000020
DR0=0000000000000000 DR1=0000000000000000 DR2=0000000000000000 DR3=0000000000000000 
DR6=00000000ffff0ff0 DR7=0000000000000400
CCS=0000000000000000 CCD=fffffffffffffff6 CCO=EFLAGS
EFER=0000000000000500
   404: v=20 e=0000 i=0 cpl=3 IP=001b:000000000040007c pc=000000000040007c SP=0023:00007fffffffffe8 env->regs[R_EAX]=ffffffff8021822d
RAX=ffffffff8021822d RBX=0000000000000000 RCX=0000000000000780 RDX=0000000000000008
RSI=00007ffffffffff0 RDI=ffffffff8021822d RBP=00007fffffffffe8 RSP=00007fffffffffe8
R8 =0000000000000000 R9 =0000000000000000 R10=0000000000000000 R11=0000000000000000
R12=0000000000000000 R13=0000000000000000 R14=0000000000000000 R15=0000000000000000
RIP=000000000040007c RFL=00000202 [-------] CPL=3 II=0 A20=1 SMM=0 HLT=0
ES =0000 0000000000000000 00000000 00201300
CS =001b 0000000000000000 ffffffff 00affa00 DPL=3 CS64 [-R-]
SS =0023 0000000000000000 ffffffff 008ff200 DPL=3 DS   [-W-]
DS =0000 0000000000000000 00000000 00201300
FS =0000 0000000000000000 00000000 00201300
GS =0000 0000000000000000 00000000 00201300
LDT=0000 0000000000000000 0000ffff 00008200 DPL=0 LDT
TR =0028 ffffffff80215100 00000068 00008900 DPL=0 TSS64-avl
GDT=     ffffffff802043d0 00000037
IDT=     ffffffff802151e0 00000fff
CR0=80000011 CR2=0000000000000000 CR3=0000000000206000 CR4=00000020
DR0=0000000000000000 DR1=0000000000000000 DR2=0000000000000000 DR3=0000000000000000 
DR6=00000000ffff0ff0 DR7=0000000000000400
CCS=0000000000000000 CCD=fffffffffffffff7 CCO=EFLAGS
EFER=0000000000000500
   405: v=20 e=0000 i=0 cpl=3 IP=001b:000000000040007c pc=000000000040007c SP=0023:00007fffffffffe8 env->regs[R_EAX]=ffffffff8021822d
RAX=ffffffff8021822d RBX=0000000000000000 RCX=0000000000000780 RDX=0000000000000008
RSI=00007ffffffffff0 RDI=ffffffff8021822d RBP=00007fffffffffe8 RSP=00007fffffffffe8
R8 =0000000000000000 R9 =0000000000000000 R10=0000000000000000 R11=0000000000000000
R12=0000000000000000 R13=0000000000000000 R14=0000000000000000 R15=0000000000000000
RIP=000000000040007c RFL=00000202 [-------] CPL=3 II=0 A20=1 SMM=0 HLT=0
ES =0000 0000000000000000 00000000 00201300
CS =001b 0000000000000000 ffffffff 00affa00 DPL=3 CS64 [-R-]
SS =0023 0000000000000000 ffffffff 008ff200 DPL=3 DS   [-W-]
DS =0000 0000000000000000 00000000 00201300
FS =0000 0000000000000000 00000000 00201300
GS =0000 0000000000000000 00000000 00201300
LDT=0000 0000000000000000 0000ffff 00008200 DPL=0 LDT
TR =0028 ffffffff80215100 00000068 00008900 DPL=0 TSS64-avl
GDT=     ffffffff802043d0 00000037
IDT=     ffffffff802151e0 00000fff
CR0=80000011 CR2=0000000000000000 CR3=0000000000206000 CR4=00000020
DR0=0000000000000000 DR1=0000000000000000 DR2=0000000000000000 DR3=0000000000000000 
DR6=00000000ffff0ff0 DR7=0000000000000400
CCS=0000000000000000 CCD=fffffffffffffff8 CCO=EFLAGS
EFER=0000000000000500
   406: v=20 e=0000 i=0 cpl=3 IP=001b:000000000040007c pc=000000000040007c SP=0023:00007fffffffffe8 env->regs[R_EAX]=ffffffff8021822d
RAX=ffffffff8021822d RBX=0000000000000000 RCX=0000000000000780 RDX=0000000000000008
RSI=00007ffffffffff0 RDI=ffffffff8021822d RBP=00007fffffffffe8 RSP=00007fffffffffe8
R8 =0000000000000000 R9 =0000000000000000 R10=0000000000000000 R11=0000000000000000
R12=0000000000000000 R13=0000000000000000 R14=0000000000000000 R15=0000000000000000
RIP=000000000040007c RFL=00000202 [-------] CPL=3 II=0 A20=1 SMM=0 HLT=0
ES =0000 0000000000000000 00000000 00201300
CS =001b 0000000000000000 ffffffff 00affa00 DPL=3 CS64 [-R-]
SS =0023 0000000000000000 ffffffff 008ff200 DPL=3 DS   [-W-]
DS =0000 0000000000000000 00000000 00201300
FS =0000 0000000000000000 00000000 00201300
GS =0000 0000000000000000 00000000 00201300
LDT=0000 0000000000000000 0000ffff 00008200 DPL=0 LDT
TR =0028 ffffffff80215100 00000068 00008900 DPL=0 TSS64-avl
GDT=     ffffffff802043d0 00000037
IDT=     ffffffff802151e0 00000fff
CR0=80000011 CR2=0000000000000000 CR3=0000000000206000 CR4=00000020
DR0=0000000000000000 DR1=0000000000000000 DR2=0000000000000000 DR3=0000000000000000 
DR6=00000000ffff0ff0 DR7=0000000000000400
CCS=0000000000000000 CCD=fffffffffffffff9 CCO=EFLAGS
EFER=0000000000000500
   407: v=20 e=0000 i=0 cpl=3 IP=001b:000000000040007c pc=000000000040007c SP=0023:00007fffffffffe8 env->regs[R_EAX]=ffffffff8021822d
RAX=ffffffff8021822d RBX=0000000000000000 RCX=0000000000000780 RDX=0000000000000008
RSI=00007ffffffffff0 RDI=ffffffff8021822d RBP=00007fffffffffe8 RSP=00007fffffffffe8
R8 =0000000000000000 R9 =0000000000000000 R10=0000000000000000 R11=0000000000000000
R12=0000000000000000 R13=0000000000000000 R14=0000000000000000 R15=0000000000000000
RIP=000000000040007c RFL=00000202 [-------] CPL=3 II=0 A20=1 SMM=0 HLT=0
ES =0000 0000000000000000 00000000 00201300
CS =001b 0000000000000000 ffffffff 00affa00 DPL=3 CS64 [-R-]
SS =0023 0000000000000000 ffffffff 008ff200 DPL=3 DS   [-W-]
DS =0000 0000000000000000 00000000 00201300
FS =0000 0000000000000000 00000000 00201300
GS =0000 0000000000000000 00000000 00201300
LDT=0000 0000000000000000 0000ffff 00008200 DPL=0 LDT
TR =0028 ffffffff80215100 00000068 00008900 DPL=0 TSS64-avl
GDT=     ffffffff802043d0 00000037
IDT=     ffffffff802151e0 00000fff
CR0=80000011 CR2=0000000000000000 CR3=0000000000206000 CR4=00000020
DR0=0000000000000000 DR1=0000000000000000 DR2=0000000000000000 DR3=0000000000000000 
DR6=00000000ffff0ff0 DR7=0000000000000400
CCS=0000000000000000 CCD=fffffffffffffffa CCO=EFLAGS
EFER=0000000000000500
   408: v=20 e=0000 i=0 cpl=3 IP=001b:000000000040007c pc=000000000040007c SP=0023:00007fffffffffe8 env->regs[R_EAX]=ffffffff8021822d
RAX=ffffffff8021822d RBX=0000000000000000 RCX=0000000000000780 RDX=0000000000000008
RSI=00007ffffffffff0 RDI=ffffffff8021822d RBP=00007fffffffffe8 RSP=00007fffffffffe8
R8 =0000000000000000 R9 =0000000000000000 R10=0000000000000000 R11=0000000000000000
R12=0000000000000000 R13=0000000000000000 R14=0000000000000000 R15=0000000000000000
RIP=000000000040007c RFL=00000202 [-------] CPL=3 II=0 A20=1 SMM=0 HLT=0
ES =0000 0000000000000000 00000000 00201300
CS =001b 0000000000000000 ffffffff 00affa00 DPL=3 CS64 [-R-]
SS =0023 0000000000000000 ffffffff 008ff200 DPL=3 DS   [-W-]
DS =0000 0000000000000000 00000000 00201300
FS =0000 0000000000000000 00000000 00201300
GS =0000 0000000000000000 00000000 00201300
LDT=0000 0000000000000000 0000ffff 00008200 DPL=0 LDT
TR =0028 ffffffff80215100 00000068 00008900 DPL=0 TSS64-avl
GDT=     ffffffff802043d0 00000037
IDT=     ffffffff802151e0 00000fff
CR0=80000011 CR2=0000000000000000 CR3=0000000000206000 CR4=00000020
DR0=0000000000000000 DR1=0000000000000000 DR2=0000000000000000 DR3=0000000000000000 
DR6=00000000ffff0ff0 DR7=0000000000000400
CCS=0000000000000000 CCD=fffffffffffffffb CCO=EFLAGS
EFER=0000000000000500
   409: v=20 e=0000 i=0 cpl=3 IP=001b:000000000040007c pc=000000000040007c SP=0023:00007fffffffffe8 env->regs[R_EAX]=ffffffff8021822d
RAX=ffffffff8021822d RBX=0000000000000000 RCX=0000000000000780 RDX=0000000000000008
RSI=00007ffffffffff0 RDI=ffffffff8021822d RBP=00007fffffffffe8 RSP=00007fffffffffe8
R8 =0000000000000000 R9 =0000000000000000 R10=0000000000000000 R11=0000000000000000
R12=0000000000000000 R13=0000000000000000 R14=0000000000000000 R15=0000000000000000
RIP=000000000040007c RFL=00000202 [-------] CPL=3 II=0 A20=1 SMM=0 HLT=0
ES =0000 0000000000000000 00000000 00201300
CS =001b 0000000000000000 ffffffff 00affa00 DPL=3 CS64 [-R-]
SS =0023 0000000000000000 ffffffff 008ff200 DPL=3 DS   [-W-]
DS =0000 0000000000000000 00000000 00201300
FS =0000 0000000000000000 00000000 00201300
GS =0000 0000000000000000 00000000 00201300
LDT=0000 0000000000000000 0000ffff 00008200 DPL=0 LDT
TR =0028 ffffffff80215100 00000068 00008900 DPL=0 TSS64-avl
GDT=     ffffffff802043d0 00000037
IDT=     ffffffff802151e0 00000fff
CR0=80000011 CR2=0000000000000000 CR3=0000000000206000 CR4=00000020
DR0=0000000000000000 DR1=0000000000000000 DR2=0000000000000000 DR3=0000000000000000 
DR6=00000000ffff0ff0 DR7=0000000000000400
CCS=0000000000000000 CCD=fffffffffffffffc CCO=EFLAGS
EFER=0000000000000500
   410: v=20 e=0000 i=0 cpl=3 IP=001b:000000000040007c pc=000000000040007c SP=0023:00007fffffffffe8 env->regs[R_EAX]=ffffffff8021822d
RAX=ffffffff8021822d RBX=0000000000000000 RCX=0000000000000780 RDX=0000000000000008
RSI=00007ffffffffff0 RDI=ffffffff8021822d RBP=00007fffffffffe8 RSP=00007fffffffffe8
R8 =0000000000000000 R9 =0000000000000000 R10=0000000000000000 R11=0000000000000000
R12=0000000000000000 R13=0000000000000000 R14=0000000000000000 R15=0000000000000000
RIP=000000000040007c RFL=00000202 [-------] CPL=3 II=0 A20=1 SMM=0 HLT=0
ES =0000 0000000000000000 00000000 00201300
CS =001b 0000000000000000 ffffffff 00affa00 DPL=3 CS64 [-R-]
SS =0023 0000000000000000 ffffffff 008ff200 DPL=3 DS   [-W-]
DS =0000 0000000000000000 00000000 00201300
FS =0000 0000000000000000 00000000 00201300
GS =0000 0000000000000000 00000000 00201300
LDT=0000 0000000000000000 0000ffff 00008200 DPL=0 LDT
TR =0028 ffffffff80215100 00000068 00008900 DPL=0 TSS64-avl
GDT=     ffffffff802043d0 00000037
IDT=     ffffffff802151e0 00000fff
CR0=80000011 CR2=0000000000000000 CR3=0000000000206000 CR4=00000020
DR0=0000000000000000 DR1=0000000000000000 DR2=0000000000000000 DR3=0000000000000000 
DR6=00000000ffff0ff0 DR7=0000000000000400
CCS=0000000000000000 CCD=fffffffffffffffd CCO=EFLAGS
EFER=0000000000000500
   411: v=20 e=0000 i=0 cpl=3 IP=001b:000000000040007c pc=000000000040007c SP=0023:00007fffffffffe8 env->regs[R_EAX]=ffffffff8021822d
RAX=ffffffff8021822d RBX=0000000000000000 RCX=0000000000000780 RDX=0000000000000008
RSI=00007ffffffffff0 RDI=ffffffff8021822d RBP=00007fffffffffe8 RSP=00007fffffffffe8
R8 =0000000000000000 R9 =0000000000000000 R10=0000000000000000 R11=0000000000000000
R12=0000000000000000 R13=0000000000000000 R14=0000000000000000 R15=0000000000000000
RIP=000000000040007c RFL=00000202 [-------] CPL=3 II=0 A20=1 SMM=0 HLT=0
ES =0000 0000000000000000 00000000 00201300
CS =001b 0000000000000000 ffffffff 00affa00 DPL=3 CS64 [-R-]
SS =0023 0000000000000000 ffffffff 008ff200 DPL=3 DS   [-W-]
DS =0000 0000000000000000 00000000 00201300
FS =0000 0000000000000000 00000000 00201300
GS =0000 0000000000000000 00000000 00201300
LDT=0000 0000000000000000 0000ffff 00008200 DPL=0 LDT
TR =0028 ffffffff80215100 00000068 00008900 DPL=0 TSS64-avl
GDT=     ffffffff802043d0 00000037
IDT=     ffffffff802151e0 00000fff
CR0=80000011 CR2=0000000000000000 CR3=0000000000206000 CR4=00000020
DR0=0000000000000000 DR1=0000000000000000 DR2=0000000000000000 DR3=0000000000000000 
DR6=00000000ffff0ff0 DR7=0000000000000400
CCS=0000000000000000 CCD=fffffffffffffffe CCO=EFLAGS
EFER=0000000000000500
   412: v=20 e=0000 i=0 cpl=3 IP=001b:000000000040007c pc=000000000040007c SP=0023:00007fffffffffe8 env->regs[R_EAX]=ffffffff8021822d
RAX=ffffffff8021822d RBX=0000000000000000 RCX=0000000000000780 RDX=0000000000000008
RSI=00007ffffffffff0 RDI=ffffffff8021822d RBP=00007fffffffffe8 RSP=00007fffffffffe8
R8 =0000000000000000 R9 =0000000000000000 R10=0000000000000000 R11=0000000000000000
R12=0000000000000000 R13=0000000000000000 R14=0000000000000000 R15=0000000000000000
RIP=000000000040007c RFL=00000202 [-------] CPL=3 II=0 A20=1 SMM=0 HLT=0
ES =0000 0000000000000000 00000000 00201300
CS =001b 0000000000000000 ffffffff 00affa00 DPL=3 CS64 [-R-]
SS =0023 0000000000000000 ffffffff 008ff200 DPL=3 DS   [-W-]
DS =0000 0000000000000000 00000000 00201300
FS =0000 0000000000000000 00000000 00201300
GS =0000 0000000000000000 00000000 00201300
LDT=0000 0000000000000000 0000ffff 00008200 DPL=0 LDT
TR =0028 ffffffff80215100 00000068 00008900 DPL=0 TSS64-avl
GDT=     ffffffff802043d0 00000037
IDT=     ffffffff802151e0 00000fff
CR0=80000011 CR2=0000000000000000 CR3=0000000000206000 CR4=00000020
DR0=0000000000000000 DR1=0000000000000000 DR2=0000000000000000 DR3=0000000000000000 
DR6=00000000ffff0ff0 DR7=0000000000000400
CCS=0000000000000000 CCD=ffffffffffffffff CCO=EFLAGS
EFER=0000000000000500
   413: v=20 e=0000 i=0 cpl=3 IP=001b:000000000040007c pc=000000000040007c SP=0023:00007fffffffffe8 env->regs[R_EAX]=ffffffff8021822d
RAX=ffffffff8021822d RBX=0000000000000000 RCX=0000000000000780 RDX=0000000000000008
RSI=00007ffffffffff0 RDI=ffffffff8021822d RBP=00007fffffffffe8 RSP=00007fffffffffe8
R8 =0000000000000000 R9 =0000000000000000 R10=0000000000000000 R11=0000000000000000
R12=0000000000000000 R13=0000000000000000 R14=0000000000000000 R15=0000000000000000
RIP=000000000040007c RFL=00000202 [-------] CPL=3 II=0 A20=1 SMM=0 HLT=0
ES =0000 0000000000000000 00000000 00201300
CS =001b 0000000000000000 ffffffff 00affa00 DPL=3 CS64 [-R-]
SS =0023 0000000000000000 ffffffff 008ff200 DPL=3 DS   [-W-]
DS =0000 0000000000000000 00000000 00201300
FS =0000 0000000000000000 00000000 00201300
GS =0000 0000000000000000 00000000 00201300
LDT=0000 0000000000000000 0000ffff 00008200 DPL=0 LDT
TR =0028 ffffffff80215100 00000068 00008900 DPL=0 TSS64-avl
GDT=     ffffffff802043d0 00000037
IDT=     ffffffff802151e0 00000fff
CR0=80000011 CR2=0000000000000000 CR3=0000000000206000 CR4=00000020
DR0=0000000000000000 DR1=0000000000000000 DR2=0000000000000000 DR3=0000000000000000 
DR6=00000000ffff0ff0 DR7=0000000000000400
CCS=0000000000000000 CCD=0000000000000000 CCO=EFLAGS
EFER=0000000000000500
   414: v=20 e=0000 i=0 cpl=0 IP=0008:ffffffff802000a9 pc=ffffffff802000a9 SP=0010:ffffffff80219370 env->regs[R_EAX]=0000000000000000
RAX=0000000000000000 RBX=000002d000000000 RCX=0000000000000780 RDX=000000000000001a
RSI=0000030000000000 RDI=0000000000000018 RBP=ffffffff80219370 RSP=ffffffff80219370
R8 =0000032000000000 R9 =0000033000000000 R10=0000034000000000 R11=0000035000000000
R12=0000036000000000 R13=0000037000000000 R14=0000038000000000 R15=0000039000000000
RIP=ffffffff802000a9 RFL=00000246 [---Z-P-] CPL=0 II=0 A20=1 SMM=0 HLT=0
ES =0000 0000000000000000 00000000 00201300
CS =0008 0000000000000000 00000000 00209800 DPL=0 CS64 [---]
SS =0010 0000000000000000 00000000 00209300 DPL=0 DS   [-WA]
DS =0000 0000000000000000 00000000 00201300
FS =0000 0000000000000000 00000000 00201300
GS =0000 0000000000000000 00000000 00201300
LDT=0000 0000000000000000 0000ffff 00008200 DPL=0 LDT
TR =0028 ffffffff80215100 00000068 00008900 DPL=0 TSS64-avl
GDT=     ffffffff802043d0 00000037
IDT=     ffffffff802151e0 00000fff
CR0=80000011 CR2=0000000000000000 CR3=0000000000206000 CR4=00000020
DR0=0000000000000000 DR1=0000000000000000 DR2=0000000000000000 DR3=0000000000000000 
DR6=00000000ffff0ff0 DR7=0000000000000400
CCS=0000000000000044 CCD=0000000000000017 CCO=EFLAGS
EFER=0000000000000500
   415: v=20 e=0000 i=0 cpl=0 IP=0008:ffffffff802000a9 pc=ffffffff802000a9 SP=0010:ffffffff80219370 env->regs[R_EAX]=0000000000000000
RAX=0000000000000000 RBX=000002d000000000 RCX=0000000000000780 RDX=000000000000001a
RSI=0000030000000000 RDI=0000000000000018 RBP=ffffffff80219370 RSP=ffffffff80219370
R8 =0000032000000000 R9 =0000033000000000 R10=0000034000000000 R11=0000035000000000
R12=0000036000000000 R13=0000037000000000 R14=0000038000000000 R15=0000039000000000
RIP=ffffffff802000a9 RFL=00000246 [---Z-P-] CPL=0 II=0 A20=1 SMM=0 HLT=0
ES =0000 0000000000000000 00000000 00201300
CS =0008 0000000000000000 00000000 00209800 DPL=0 CS64 [---]
SS =0010 0000000000000000 00000000 00209300 DPL=0 DS   [-WA]
DS =0000 0000000000000000 00000000 00201300
FS =0000 0000000000000000 00000000 00201300
GS =0000 0000000000000000 00000000 00201300
LDT=0000 0000000000000000 0000ffff 00008200 DPL=0 LDT
TR =0028 ffffffff80215100 00000068 00008900 DPL=0 TSS64-avl
GDT=     ffffffff802043d0 00000037
IDT=     ffffffff802151e0 00000fff
CR0=80000011 CR2=0000000000000000 CR3=0000000000206000 CR4=00000020
DR0=0000000000000000 DR1=0000000000000000 DR2=0000000000000000 DR3=0000000000000000 
DR6=00000000ffff0ff0 DR7=0000000000000400
CCS=0000000000000044 CCD=fffffffffffffff0 CCO=EFLAGS
EFER=0000000000000500
   416: v=20 e=0000 i=0 cpl=0 IP=0008:ffffffff802000a9 pc=ffffffff802000a9 SP=0010:ffffffff80219370 env->regs[R_EAX]=0000000000000000
RAX=0000000000000000 RBX=000002d000000000 RCX=0000000000000780 RDX=000000000000001a
RSI=0000030000000000 RDI=0000000000000018 RBP=ffffffff80219370 RSP=ffffffff80219370
R8 =0000032000000000 R9 =0000033000000000 R10=0000034000000000 R11=0000035000000000
R12=0000036000000000 R13=0000037000000000 R14=0000038000000000 R15=0000039000000000
RIP=ffffffff802000a9 RFL=00000246 [---Z-P-] CPL=0 II=0 A20=1 SMM=0 HLT=0
ES =0000 0000000000000000 00000000 00201300
CS =0008 0000000000000000 00000000 00209800 DPL=0 CS64 [---]
SS =0010 0000000000000000 00000000 00209300 DPL=0 DS   [-WA]
DS =0000 0000000000000000 00000000 00201300
FS =0000 0000000000000000 00000000 00201300
GS =0000 0000000000000000 00000000 00201300
LDT=0000 0000000000000000 0000ffff 00008200 DPL=0 LDT
TR =0028 ffffffff80215100 00000068 00008900 DPL=0 TSS64-avl
GDT=     ffffffff802043d0 00000037
IDT=     ffffffff802151e0 00000fff
CR0=80000011 CR2=0000000000000000 CR3=0000000000206000 CR4=00000020
DR0=0000000000000000 DR1=0000000000000000 DR2=0000000000000000 DR3=0000000000000000 
DR6=00000000ffff0ff0 DR7=0000000000000400
CCS=0000000000000044 CCD=fffffffffffffff1 CCO=EFLAGS
EFER=0000000000000500
   417: v=20 e=0000 i=0 cpl=0 IP=0008:ffffffff802000a9 pc=ffffffff802000a9 SP=0010:ffffffff80219370 env->regs[R_EAX]=0000000000000000
RAX=0000000000000000 RBX=000002d000000000 RCX=0000000000000780 RDX=000000000000001a
RSI=0000030000000000 RDI=0000000000000018 RBP=ffffffff80219370 RSP=ffffffff80219370
R8 =0000032000000000 R9 =0000033000000000 R10=0000034000000000 R11=0000035000000000
R12=0000036000000000 R13=0000037000000000 R14=0000038000000000 R15=0000039000000000
RIP=ffffffff802000a9 RFL=00000246 [---Z-P-] CPL=0 II=0 A20=1 SMM=0 HLT=0
ES =0000 0000000000000000 00000000 00201300
CS =0008 0000000000000000 00000000 00209800 DPL=0 CS64 [---]
SS =0010 0000000000000000 00000000 00209300 DPL=0 DS   [-WA]
DS =0000 0000000000000000 00000000 00201300
FS =0000 0000000000000000 00000000 00201300
GS =0000 0000000000000000 00000000 00201300
LDT=0000 0000000000000000 0000ffff 00008200 DPL=0 LDT
TR =0028 ffffffff80215100 00000068 00008900 DPL=0 TSS64-avl
GDT=     ffffffff802043d0 00000037
IDT=     ffffffff802151e0 00000fff
CR0=80000011 CR2=0000000000000000 CR3=0000000000206000 CR4=00000020
DR0=0000000000000000 DR1=0000000000000000 DR2=0000000000000000 DR3=0000000000000000 
DR6=00000000ffff0ff0 DR7=0000000000000400
CCS=0000000000000044 CCD=fffffffffffffff2 CCO=EFLAGS
EFER=0000000000000500
   418: v=20 e=0000 i=0 cpl=0 IP=0008:ffffffff802000a9 pc=ffffffff802000a9 SP=0010:ffffffff80219370 env->regs[R_EAX]=0000000000000000
RAX=0000000000000000 RBX=000002d000000000 RCX=0000000000000780 RDX=000000000000001a
RSI=0000030000000000 RDI=0000000000000018 RBP=ffffffff80219370 RSP=ffffffff80219370
R8 =0000032000000000 R9 =0000033000000000 R10=0000034000000000 R11=0000035000000000
R12=0000036000000000 R13=0000037000000000 R14=0000038000000000 R15=0000039000000000
RIP=ffffffff802000a9 RFL=00000246 [---Z-P-] CPL=0 II=0 A20=1 SMM=0 HLT=0
ES =0000 0000000000000000 00000000 00201300
CS =0008 0000000000000000 00000000 00209800 DPL=0 CS64 [---]
SS =0010 0000000000000000 00000000 00209300 DPL=0 DS   [-WA]
DS =0000 0000000000000000 00000000 00201300
FS =0000 0000000000000000 00000000 00201300
GS =0000 0000000000000000 00000000 00201300
LDT=0000 0000000000000000 0000ffff 00008200 DPL=0 LDT
TR =0028 ffffffff80215100 00000068 00008900 DPL=0 TSS64-avl
GDT=     ffffffff802043d0 00000037
IDT=     ffffffff802151e0 00000fff
CR0=80000011 CR2=0000000000000000 CR3=0000000000206000 CR4=00000020
DR0=0000000000000000 DR1=0000000000000000 DR2=0000000000000000 DR3=0000000000000000 
DR6=00000000ffff0ff0 DR7=0000000000000400
CCS=0000000000000044 CCD=fffffffffffffff3 CCO=EFLAGS
EFER=0000000000000500
   419: v=20 e=0000 i=0 cpl=0 IP=0008:ffffffff802000a9 pc=ffffffff802000a9 SP=0010:ffffffff80219370 env->regs[R_EAX]=0000000000000000
RAX=0000000000000000 RBX=000002d000000000 RCX=0000000000000780 RDX=000000000000001a
RSI=0000030000000000 RDI=0000000000000018 RBP=ffffffff80219370 RSP=ffffffff80219370
R8 =0000032000000000 R9 =0000033000000000 R10=0000034000000000 R11=0000035000000000
R12=0000036000000000 R13=0000037000000000 R14=0000038000000000 R15=0000039000000000
RIP=ffffffff802000a9 RFL=00000246 [---Z-P-] CPL=0 II=0 A20=1 SMM=0 HLT=0
ES =0000 0000000000000000 00000000 00201300
CS =0008 0000000000000000 00000000 00209800 DPL=0 CS64 [---]
SS =0010 0000000000000000 00000000 00209300 DPL=0 DS   [-WA]
DS =0000 0000000000000000 00000000 00201300
FS =0000 0000000000000000 00000000 00201300
GS =0000 0000000000000000 00000000 00201300
LDT=0000 0000000000000000 0000ffff 00008200 DPL=0 LDT
TR =0028 ffffffff80215100 00000068 00008900 DPL=0 TSS64-avl
GDT=     ffffffff802043d0 00000037
IDT=     ffffffff802151e0 00000fff
CR0=80000011 CR2=0000000000000000 CR3=0000000000206000 CR4=00000020
DR0=0000000000000000 DR1=0000000000000000 DR2=0000000000000000 DR3=0000000000000000 
DR6=00000000ffff0ff0 DR7=0000000000000400
CCS=0000000000000044 CCD=fffffffffffffff4 CCO=EFLAGS
EFER=0000000000000500
   420: v=20 e=0000 i=0 cpl=0 IP=0008:ffffffff802000a9 pc=ffffffff802000a9 SP=0010:ffffffff80219370 env->regs[R_EAX]=0000000000000000
RAX=0000000000000000 RBX=000002d000000000 RCX=0000000000000780 RDX=000000000000001a
RSI=0000030000000000 RDI=0000000000000018 RBP=ffffffff80219370 RSP=ffffffff80219370
R8 =0000032000000000 R9 =0000033000000000 R10=0000034000000000 R11=0000035000000000
R12=0000036000000000 R13=0000037000000000 R14=0000038000000000 R15=0000039000000000
RIP=ffffffff802000a9 RFL=00000246 [---Z-P-] CPL=0 II=0 A20=1 SMM=0 HLT=0
ES =0000 0000000000000000 00000000 00201300
CS =0008 0000000000000000 00000000 00209800 DPL=0 CS64 [---]
SS =0010 0000000000000000 00000000 00209300 DPL=0 DS   [-WA]
DS =0000 0000000000000000 00000000 00201300
FS =0000 0000000000000000 00000000 00201300
GS =0000 0000000000000000 00000000 00201300
LDT=0000 0000000000000000 0000ffff 00008200 DPL=0 LDT
TR =0028 ffffffff80215100 00000068 00008900 DPL=0 TSS64-avl
GDT=     ffffffff802043d0 00000037
IDT=     ffffffff802151e0 00000fff
CR0=80000011 CR2=0000000000000000 CR3=0000000000206000 CR4=00000020
DR0=0000000000000000 DR1=0000000000000000 DR2=0000000000000000 DR3=0000000000000000 
DR6=00000000ffff0ff0 DR7=0000000000000400
CCS=0000000000000044 CCD=fffffffffffffff5 CCO=EFLAGS
EFER=0000000000000500
   421: v=20 e=0000 i=0 cpl=0 IP=0008:ffffffff802000a9 pc=ffffffff802000a9 SP=0010:ffffffff80219370 env->regs[R_EAX]=0000000000000000
RAX=0000000000000000 RBX=000002d000000000 RCX=0000000000000780 RDX=000000000000001a
RSI=0000030000000000 RDI=0000000000000018 RBP=ffffffff80219370 RSP=ffffffff80219370
R8 =0000032000000000 R9 =0000033000000000 R10=0000034000000000 R11=0000035000000000
R12=0000036000000000 R13=0000037000000000 R14=0000038000000000 R15=0000039000000000
RIP=ffffffff802000a9 RFL=00000246 [---Z-P-] CPL=0 II=0 A20=1 SMM=0 HLT=0
ES =0000 0000000000000000 00000000 00201300
CS =0008 0000000000000000 00000000 00209800 DPL=0 CS64 [---]
SS =0010 0000000000000000 00000000 00209300 DPL=0 DS   [-WA]
DS =0000 0000000000000000 00000000 00201300
FS =0000 0000000000000000 00000000 00201300
GS =0000 0000000000000000 00000000 00201300
LDT=0000 0000000000000000 0000ffff 00008200 DPL=0 LDT
TR =0028 ffffffff80215100 00000068 00008900 DPL=0 TSS64-avl
GDT=     ffffffff802043d0 00000037
IDT=     ffffffff802151e0 00000fff
CR0=80000011 CR2=0000000000000000 CR3=0000000000206000 CR4=00000020
DR0=0000000000000000 DR1=0000000000000000 DR2=0000000000000000 DR3=0000000000000000 
DR6=00000000ffff0ff0 DR7=0000000000000400
CCS=0000000000000044 CCD=fffffffffffffff6 CCO=EFLAGS
EFER=0000000000000500
   422: v=20 e=0000 i=0 cpl=0 IP=0008:ffffffff802000a9 pc=ffffffff802000a9 SP=0010:ffffffff80219370 env->regs[R_EAX]=0000000000000000
RAX=0000000000000000 RBX=000002d000000000 RCX=0000000000000780 RDX=000000000000001a
RSI=0000030000000000 RDI=0000000000000018 RBP=ffffffff80219370 RSP=ffffffff80219370
R8 =0000032000000000 R9 =0000033000000000 R10=0000034000000000 R11=0000035000000000
R12=0000036000000000 R13=0000037000000000 R14=0000038000000000 R15=0000039000000000
RIP=ffffffff802000a9 RFL=00000246 [---Z-P-] CPL=0 II=0 A20=1 SMM=0 HLT=0
ES =0000 0000000000000000 00000000 00201300
CS =0008 0000000000000000 00000000 00209800 DPL=0 CS64 [---]
SS =0010 0000000000000000 00000000 00209300 DPL=0 DS   [-WA]
DS =0000 0000000000000000 00000000 00201300
FS =0000 0000000000000000 00000000 00201300
GS =0000 0000000000000000 00000000 00201300
LDT=0000 0000000000000000 0000ffff 00008200 DPL=0 LDT
TR =0028 ffffffff80215100 00000068 00008900 DPL=0 TSS64-avl
GDT=     ffffffff802043d0 00000037
IDT=     ffffffff802151e0 00000fff
CR0=80000011 CR2=0000000000000000 CR3=0000000000206000 CR4=00000020
DR0=0000000000000000 DR1=0000000000000000 DR2=0000000000000000 DR3=0000000000000000 
DR6=00000000ffff0ff0 DR7=0000000000000400
CCS=0000000000000044 CCD=fffffffffffffff7 CCO=EFLAGS
EFER=0000000000000500
   423: v=20 e=0000 i=0 cpl=0 IP=0008:ffffffff802000a9 pc=ffffffff802000a9 SP=0010:ffffffff80219370 env->regs[R_EAX]=0000000000000000
RAX=0000000000000000 RBX=000002d000000000 RCX=0000000000000780 RDX=000000000000001a
RSI=0000030000000000 RDI=0000000000000018 RBP=ffffffff80219370 RSP=ffffffff80219370
R8 =0000032000000000 R9 =0000033000000000 R10=0000034000000000 R11=0000035000000000
R12=0000036000000000 R13=0000037000000000 R14=0000038000000000 R15=0000039000000000
RIP=ffffffff802000a9 RFL=00000246 [---Z-P-] CPL=0 II=0 A20=1 SMM=0 HLT=0
ES =0000 0000000000000000 00000000 00201300
CS =0008 0000000000000000 00000000 00209800 DPL=0 CS64 [---]
SS =0010 0000000000000000 00000000 00209300 DPL=0 DS   [-WA]
DS =0000 0000000000000000 00000000 00201300
FS =0000 0000000000000000 00000000 00201300
GS =0000 0000000000000000 00000000 00201300
LDT=0000 0000000000000000 0000ffff 00008200 DPL=0 LDT
TR =0028 ffffffff80215100 00000068 00008900 DPL=0 TSS64-avl
GDT=     ffffffff802043d0 00000037
IDT=     ffffffff802151e0 00000fff
CR0=80000011 CR2=0000000000000000 CR3=0000000000206000 CR4=00000020
DR0=0000000000000000 DR1=0000000000000000 DR2=0000000000000000 DR3=0000000000000000 
DR6=00000000ffff0ff0 DR7=0000000000000400
CCS=0000000000000044 CCD=fffffffffffffff8 CCO=EFLAGS
EFER=0000000000000500
   424: v=20 e=0000 i=0 cpl=0 IP=0008:ffffffff802000a9 pc=ffffffff802000a9 SP=0010:ffffffff80219370 env->regs[R_EAX]=0000000000000000
RAX=0000000000000000 RBX=000002d000000000 RCX=0000000000000780 RDX=000000000000001a
RSI=0000030000000000 RDI=0000000000000018 RBP=ffffffff80219370 RSP=ffffffff80219370
R8 =0000032000000000 R9 =0000033000000000 R10=0000034000000000 R11=0000035000000000
R12=0000036000000000 R13=0000037000000000 R14=0000038000000000 R15=0000039000000000
RIP=ffffffff802000a9 RFL=00000246 [---Z-P-] CPL=0 II=0 A20=1 SMM=0 HLT=0
ES =0000 0000000000000000 00000000 00201300
CS =0008 0000000000000000 00000000 00209800 DPL=0 CS64 [---]
SS =0010 0000000000000000 00000000 00209300 DPL=0 DS   [-WA]
DS =0000 0000000000000000 00000000 00201300
FS =0000 0000000000000000 00000000 00201300
GS =0000 0000000000000000 00000000 00201300
LDT=0000 0000000000000000 0000ffff 00008200 DPL=0 LDT
TR =0028 ffffffff80215100 00000068 00008900 DPL=0 TSS64-avl
GDT=     ffffffff802043d0 00000037
IDT=     ffffffff802151e0 00000fff
CR0=80000011 CR2=0000000000000000 CR3=0000000000206000 CR4=00000020
DR0=0000000000000000 DR1=0000000000000000 DR2=0000000000000000 DR3=0000000000000000 
DR6=00000000ffff0ff0 DR7=0000000000000400
CCS=0000000000000044 CCD=fffffffffffffff9 CCO=EFLAGS
EFER=0000000000000500
   425: v=20 e=0000 i=0 cpl=0 IP=0008:ffffffff802000a9 pc=ffffffff802000a9 SP=0010:ffffffff80219370 env->regs[R_EAX]=0000000000000000
RAX=0000000000000000 RBX=000002d000000000 RCX=0000000000000780 RDX=000000000000001a
RSI=0000030000000000 RDI=0000000000000018 RBP=ffffffff80219370 RSP=ffffffff80219370
R8 =0000032000000000 R9 =0000033000000000 R10=0000034000000000 R11=0000035000000000
R12=0000036000000000 R13=0000037000000000 R14=0000038000000000 R15=0000039000000000
RIP=ffffffff802000a9 RFL=00000246 [---Z-P-] CPL=0 II=0 A20=1 SMM=0 HLT=0
ES =0000 0000000000000000 00000000 00201300
CS =0008 0000000000000000 00000000 00209800 DPL=0 CS64 [---]
SS =0010 0000000000000000 00000000 00209300 DPL=0 DS   [-WA]
DS =0000 0000000000000000 00000000 00201300
FS =0000 0000000000000000 00000000 00201300
GS =0000 0000000000000000 00000000 00201300
LDT=0000 0000000000000000 0000ffff 00008200 DPL=0 LDT
TR =0028 ffffffff80215100 00000068 00008900 DPL=0 TSS64-avl
GDT=     ffffffff802043d0 00000037
IDT=     ffffffff802151e0 00000fff
CR0=80000011 CR2=0000000000000000 CR3=0000000000206000 CR4=00000020
DR0=0000000000000000 DR1=0000000000000000 DR2=0000000000000000 DR3=0000000000000000 
DR6=00000000ffff0ff0 DR7=0000000000000400
CCS=0000000000000044 CCD=fffffffffffffffa CCO=EFLAGS
EFER=0000000000000500
   426: v=20 e=0000 i=0 cpl=0 IP=0008:ffffffff802000a9 pc=ffffffff802000a9 SP=0010:ffffffff80219370 env->regs[R_EAX]=0000000000000000
RAX=0000000000000000 RBX=000002d000000000 RCX=0000000000000780 RDX=000000000000001a
RSI=0000030000000000 RDI=0000000000000018 RBP=ffffffff80219370 RSP=ffffffff80219370
R8 =0000032000000000 R9 =0000033000000000 R10=0000034000000000 R11=0000035000000000
R12=0000036000000000 R13=0000037000000000 R14=0000038000000000 R15=0000039000000000
RIP=ffffffff802000a9 RFL=00000246 [---Z-P-] CPL=0 II=0 A20=1 SMM=0 HLT=0
ES =0000 0000000000000000 00000000 00201300
CS =0008 0000000000000000 00000000 00209800 DPL=0 CS64 [---]
SS =0010 0000000000000000 00000000 00209300 DPL=0 DS   [-WA]
DS =0000 0000000000000000 00000000 00201300
FS =0000 0000000000000000 00000000 00201300
GS =0000 0000000000000000 00000000 00201300
LDT=0000 0000000000000000 0000ffff 00008200 DPL=0 LDT
TR =0028 ffffffff80215100 00000068 00008900 DPL=0 TSS64-avl
GDT=     ffffffff802043d0 00000037
IDT=     ffffffff802151e0 00000fff
CR0=80000011 CR2=0000000000000000 CR3=0000000000206000 CR4=00000020
DR0=0000000000000000 DR1=0000000000000000 DR2=0000000000000000 DR3=0000000000000000 
DR6=00000000ffff0ff0 DR7=0000000000000400
CCS=0000000000000044 CCD=fffffffffffffffb CCO=EFLAGS
EFER=0000000000000500
   427: v=20 e=0000 i=0 cpl=0 IP=0008:ffffffff802000a9 pc=ffffffff802000a9 SP=0010:ffffffff80219370 env->regs[R_EAX]=0000000000000000
RAX=0000000000000000 RBX=000002d000000000 RCX=0000000000000780 RDX=000000000000001a
RSI=0000030000000000 RDI=0000000000000018 RBP=ffffffff80219370 RSP=ffffffff80219370
R8 =0000032000000000 R9 =0000033000000000 R10=0000034000000000 R11=0000035000000000
R12=0000036000000000 R13=0000037000000000 R14=0000038000000000 R15=0000039000000000
RIP=ffffffff802000a9 RFL=00000246 [---Z-P-] CPL=0 II=0 A20=1 SMM=0 HLT=0
ES =0000 0000000000000000 00000000 00201300
CS =0008 0000000000000000 00000000 00209800 DPL=0 CS64 [---]
SS =0010 0000000000000000 00000000 00209300 DPL=0 DS   [-WA]
DS =0000 0000000000000000 00000000 00201300
FS =0000 0000000000000000 00000000 00201300
GS =0000 0000000000000000 00000000 00201300
LDT=0000 0000000000000000 0000ffff 00008200 DPL=0 LDT
TR =0028 ffffffff80215100 00000068 00008900 DPL=0 TSS64-avl
GDT=     ffffffff802043d0 00000037
IDT=     ffffffff802151e0 00000fff
CR0=80000011 CR2=0000000000000000 CR3=0000000000206000 CR4=00000020
DR0=0000000000000000 DR1=0000000000000000 DR2=0000000000000000 DR3=0000000000000000 
DR6=00000000ffff0ff0 DR7=0000000000000400
CCS=0000000000000044 CCD=fffffffffffffffc CCO=EFLAGS
EFER=0000000000000500
   428: v=20 e=0000 i=0 cpl=0 IP=0008:ffffffff802000a9 pc=ffffffff802000a9 SP=0010:ffffffff80219370 env->regs[R_EAX]=0000000000000000
RAX=0000000000000000 RBX=000002d000000000 RCX=0000000000000780 RDX=000000000000001a
RSI=0000030000000000 RDI=0000000000000018 RBP=ffffffff80219370 RSP=ffffffff80219370
R8 =0000032000000000 R9 =0000033000000000 R10=0000034000000000 R11=0000035000000000
R12=0000036000000000 R13=0000037000000000 R14=0000038000000000 R15=0000039000000000
RIP=ffffffff802000a9 RFL=00000246 [---Z-P-] CPL=0 II=0 A20=1 SMM=0 HLT=0
ES =0000 0000000000000000 00000000 00201300
CS =0008 0000000000000000 00000000 00209800 DPL=0 CS64 [---]
SS =0010 0000000000000000 00000000 00209300 DPL=0 DS   [-WA]
DS =0000 0000000000000000 00000000 00201300
FS =0000 0000000000000000 00000000 00201300
GS =0000 0000000000000000 00000000 00201300
LDT=0000 0000000000000000 0000ffff 00008200 DPL=0 LDT
TR =0028 ffffffff80215100 00000068 00008900 DPL=0 TSS64-avl
GDT=     ffffffff802043d0 00000037
IDT=     ffffffff802151e0 00000fff
CR0=80000011 CR2=0000000000000000 CR3=0000000000206000 CR4=00000020
DR0=0000000000000000 DR1=0000000000000000 DR2=0000000000000000 DR3=0000000000000000 
DR6=00000000ffff0ff0 DR7=0000000000000400
CCS=0000000000000044 CCD=fffffffffffffffd CCO=EFLAGS
EFER=0000000000000500
   429: v=20 e=0000 i=0 cpl=0 IP=0008:ffffffff802000a9 pc=ffffffff802000a9 SP=0010:ffffffff80219370 env->regs[R_EAX]=0000000000000000
RAX=0000000000000000 RBX=000002d000000000 RCX=0000000000000780 RDX=000000000000001a
RSI=0000030000000000 RDI=0000000000000018 RBP=ffffffff80219370 RSP=ffffffff80219370
R8 =0000032000000000 R9 =0000033000000000 R10=0000034000000000 R11=0000035000000000
R12=0000036000000000 R13=0000037000000000 R14=0000038000000000 R15=0000039000000000
RIP=ffffffff802000a9 RFL=00000246 [---Z-P-] CPL=0 II=0 A20=1 SMM=0 HLT=0
ES =0000 0000000000000000 00000000 00201300
CS =0008 0000000000000000 00000000 00209800 DPL=0 CS64 [---]
SS =0010 0000000000000000 00000000 00209300 DPL=0 DS   [-WA]
DS =0000 0000000000000000 00000000 00201300
FS =0000 0000000000000000 00000000 00201300
GS =0000 0000000000000000 00000000 00201300
LDT=0000 0000000000000000 0000ffff 00008200 DPL=0 LDT
TR =0028 ffffffff80215100 00000068 00008900 DPL=0 TSS64-avl
GDT=     ffffffff802043d0 00000037
IDT=     ffffffff802151e0 00000fff
CR0=80000011 CR2=0000000000000000 CR3=0000000000206000 CR4=00000020
DR0=0000000000000000 DR1=0000000000000000 DR2=0000000000000000 DR3=0000000000000000 
DR6=00000000ffff0ff0 DR7=0000000000000400
CCS=0000000000000044 CCD=fffffffffffffffe CCO=EFLAGS
EFER=0000000000000500
   430: v=20 e=0000 i=0 cpl=0 IP=0008:ffffffff802000a9 pc=ffffffff802000a9 SP=0010:ffffffff80219370 env->regs[R_EAX]=0000000000000000
RAX=0000000000000000 RBX=000002d000000000 RCX=0000000000000780 RDX=000000000000001a
RSI=0000030000000000 RDI=0000000000000018 RBP=ffffffff80219370 RSP=ffffffff80219370
R8 =0000032000000000 R9 =0000033000000000 R10=0000034000000000 R11=0000035000000000
R12=0000036000000000 R13=0000037000000000 R14=0000038000000000 R15=0000039000000000
RIP=ffffffff802000a9 RFL=00000246 [---Z-P-] CPL=0 II=0 A20=1 SMM=0 HLT=0
ES =0000 0000000000000000 00000000 00201300
CS =0008 0000000000000000 00000000 00209800 DPL=0 CS64 [---]
SS =0010 0000000000000000 00000000 00209300 DPL=0 DS   [-WA]
DS =0000 0000000000000000 00000000 00201300
FS =0000 0000000000000000 00000000 00201300
GS =0000 0000000000000000 00000000 00201300
LDT=0000 0000000000000000 0000ffff 00008200 DPL=0 LDT
TR =0028 ffffffff80215100 00000068 00008900 DPL=0 TSS64-avl
GDT=     ffffffff802043d0 00000037
IDT=     ffffffff802151e0 00000fff
CR0=80000011 CR2=0000000000000000 CR3=0000000000206000 CR4=00000020
DR0=0000000000000000 DR1=0000000000000000 DR2=0000000000000000 DR3=0000000000000000 
DR6=00000000ffff0ff0 DR7=0000000000000400
CCS=0000000000000044 CCD=ffffffffffffffff CCO=EFLAGS
EFER=0000000000000500
   431: v=20 e=0000 i=0 cpl=0 IP=0008:ffffffff802000a9 pc=ffffffff802000a9 SP=0010:ffffffff80219370 env->regs[R_EAX]=0000000000000000
RAX=0000000000000000 RBX=000002d000000000 RCX=0000000000000780 RDX=000000000000001a
RSI=0000030000000000 RDI=0000000000000018 RBP=ffffffff80219370 RSP=ffffffff80219370
R8 =0000032000000000 R9 =0000033000000000 R10=0000034000000000 R11=0000035000000000
R12=0000036000000000 R13=0000037000000000 R14=0000038000000000 R15=0000039000000000
RIP=ffffffff802000a9 RFL=00000246 [---Z-P-] CPL=0 II=0 A20=1 SMM=0 HLT=0
ES =0000 0000000000000000 00000000 00201300
CS =0008 0000000000000000 00000000 00209800 DPL=0 CS64 [---]
SS =0010 0000000000000000 00000000 00209300 DPL=0 DS   [-WA]
DS =0000 0000000000000000 00000000 00201300
FS =0000 0000000000000000 00000000 00201300
GS =0000 0000000000000000 00000000 00201300
LDT=0000 0000000000000000 0000ffff 00008200 DPL=0 LDT
TR =0028 ffffffff80215100 00000068 00008900 DPL=0 TSS64-avl
GDT=     ffffffff802043d0 00000037
IDT=     ffffffff802151e0 00000fff
CR0=80000011 CR2=0000000000000000 CR3=0000000000206000 CR4=00000020
DR0=0000000000000000 DR1=0000000000000000 DR2=0000000000000000 DR3=0000000000000000 
DR6=00000000ffff0ff0 DR7=0000000000000400
CCS=0000000000000044 CCD=0000000000000000 CCO=EFLAGS
EFER=0000000000000500
   432: v=20 e=0000 i=0 cpl=3 IP=001b:000000000040007c pc=000000000040007c SP=0023:00007fffffffffe8 env->regs[R_EAX]=ffffffff8021822d
RAX=ffffffff8021822d RBX=0000000000000000 RCX=0000000000000780 RDX=0000000000000008
RSI=00007ffffffffff0 RDI=ffffffff8021822d RBP=00007fffffffffe8 RSP=00007fffffffffe8
R8 =0000000000000000 R9 =0000000000000000 R10=0000000000000000 R11=0000000000000000
R12=0000000000000000 R13=0000000000000000 R14=0000000000000000 R15=0000000000000000
RIP=000000000040007c RFL=00000202 [-------] CPL=3 II=0 A20=1 SMM=0 HLT=0
ES =0000 0000000000000000 00000000 00201300
CS =001b 0000000000000000 ffffffff 00affa00 DPL=3 CS64 [-R-]
SS =0023 0000000000000000 ffffffff 008ff200 DPL=3 DS   [-W-]
DS =0000 0000000000000000 00000000 00201300
FS =0000 0000000000000000 00000000 00201300
GS =0000 0000000000000000 00000000 00201300
LDT=0000 0000000000000000 0000ffff 00008200 DPL=0 LDT
TR =0028 ffffffff80215100 00000068 00008900 DPL=0 TSS64-avl
GDT=     ffffffff802043d0 00000037
IDT=     ffffffff802151e0 00000fff
CR0=80000011 CR2=0000000000000000 CR3=0000000000206000 CR4=00000020
DR0=0000000000000000 DR1=0000000000000000 DR2=0000000000000000 DR3=0000000000000000 
DR6=00000000ffff0ff0 DR7=0000000000000400
CCS=0000000000000000 CCD=0000000000000018 CCO=EFLAGS
EFER=0000000000000500
   433: v=20 e=0000 i=0 cpl=3 IP=001b:000000000040007c pc=000000000040007c SP=0023:00007fffffffffe8 env->regs[R_EAX]=ffffffff8021822d
RAX=ffffffff8021822d RBX=0000000000000000 RCX=0000000000000780 RDX=0000000000000008
RSI=00007ffffffffff0 RDI=ffffffff8021822d RBP=00007fffffffffe8 RSP=00007fffffffffe8
R8 =0000000000000000 R9 =0000000000000000 R10=0000000000000000 R11=0000000000000000
R12=0000000000000000 R13=0000000000000000 R14=0000000000000000 R15=0000000000000000
RIP=000000000040007c RFL=00000202 [-------] CPL=3 II=0 A20=1 SMM=0 HLT=0
ES =0000 0000000000000000 00000000 00201300
CS =001b 0000000000000000 ffffffff 00affa00 DPL=3 CS64 [-R-]
SS =0023 0000000000000000 ffffffff 008ff200 DPL=3 DS   [-W-]
DS =0000 0000000000000000 00000000 00201300
FS =0000 0000000000000000 00000000 00201300
GS =0000 0000000000000000 00000000 00201300
LDT=0000 0000000000000000 0000ffff 00008200 DPL=0 LDT
TR =0028 ffffffff80215100 00000068 00008900 DPL=0 TSS64-avl
GDT=     ffffffff802043d0 00000037
IDT=     ffffffff802151e0 00000fff
CR0=80000011 CR2=0000000000000000 CR3=0000000000206000 CR4=00000020
DR0=0000000000000000 DR1=0000000000000000 DR2=0000000000000000 DR3=0000000000000000 
DR6=00000000ffff0ff0 DR7=0000000000000400
CCS=0000000000000000 CCD=fffffffffffffff0 CCO=EFLAGS
EFER=0000000000000500
   434: v=20 e=0000 i=0 cpl=3 IP=001b:000000000040007c pc=000000000040007c SP=0023:00007fffffffffe8 env->regs[R_EAX]=ffffffff8021822d
RAX=ffffffff8021822d RBX=0000000000000000 RCX=0000000000000780 RDX=0000000000000008
RSI=00007ffffffffff0 RDI=ffffffff8021822d RBP=00007fffffffffe8 RSP=00007fffffffffe8
R8 =0000000000000000 R9 =0000000000000000 R10=0000000000000000 R11=0000000000000000
R12=0000000000000000 R13=0000000000000000 R14=0000000000000000 R15=0000000000000000
RIP=000000000040007c RFL=00000202 [-------] CPL=3 II=0 A20=1 SMM=0 HLT=0
ES =0000 0000000000000000 00000000 00201300
CS =001b 0000000000000000 ffffffff 00affa00 DPL=3 CS64 [-R-]
SS =0023 0000000000000000 ffffffff 008ff200 DPL=3 DS   [-W-]
DS =0000 0000000000000000 00000000 00201300
FS =0000 0000000000000000 00000000 00201300
GS =0000 0000000000000000 00000000 00201300
LDT=0000 0000000000000000 0000ffff 00008200 DPL=0 LDT
TR =0028 ffffffff80215100 00000068 00008900 DPL=0 TSS64-avl
GDT=     ffffffff802043d0 00000037
IDT=     ffffffff802151e0 00000fff
CR0=80000011 CR2=0000000000000000 CR3=0000000000206000 CR4=00000020
DR0=0000000000000000 DR1=0000000000000000 DR2=0000000000000000 DR3=0000000000000000 
DR6=00000000ffff0ff0 DR7=0000000000000400
CCS=0000000000000000 CCD=fffffffffffffff1 CCO=EFLAGS
EFER=0000000000000500
   435: v=20 e=0000 i=0 cpl=3 IP=001b:000000000040007c pc=000000000040007c SP=0023:00007fffffffffe8 env->regs[R_EAX]=ffffffff8021822d
RAX=ffffffff8021822d RBX=0000000000000000 RCX=0000000000000780 RDX=0000000000000008
RSI=00007ffffffffff0 RDI=ffffffff8021822d RBP=00007fffffffffe8 RSP=00007fffffffffe8
R8 =0000000000000000 R9 =0000000000000000 R10=0000000000000000 R11=0000000000000000
R12=0000000000000000 R13=0000000000000000 R14=0000000000000000 R15=0000000000000000
RIP=000000000040007c RFL=00000202 [-------] CPL=3 II=0 A20=1 SMM=0 HLT=0
ES =0000 0000000000000000 00000000 00201300
CS =001b 0000000000000000 ffffffff 00affa00 DPL=3 CS64 [-R-]
SS =0023 0000000000000000 ffffffff 008ff200 DPL=3 DS   [-W-]
DS =0000 0000000000000000 00000000 00201300
FS =0000 0000000000000000 00000000 00201300
GS =0000 0000000000000000 00000000 00201300
LDT=0000 0000000000000000 0000ffff 00008200 DPL=0 LDT
TR =0028 ffffffff80215100 00000068 00008900 DPL=0 TSS64-avl
GDT=     ffffffff802043d0 00000037
IDT=     ffffffff802151e0 00000fff
CR0=80000011 CR2=0000000000000000 CR3=0000000000206000 CR4=00000020
DR0=0000000000000000 DR1=0000000000000000 DR2=0000000000000000 DR3=0000000000000000 
DR6=00000000ffff0ff0 DR7=0000000000000400
CCS=0000000000000000 CCD=fffffffffffffff2 CCO=EFLAGS
EFER=0000000000000500
   436: v=20 e=0000 i=0 cpl=3 IP=001b:000000000040007c pc=000000000040007c SP=0023:00007fffffffffe8 env->regs[R_EAX]=ffffffff8021822d
RAX=ffffffff8021822d RBX=0000000000000000 RCX=0000000000000780 RDX=0000000000000008
RSI=00007ffffffffff0 RDI=ffffffff8021822d RBP=00007fffffffffe8 RSP=00007fffffffffe8
R8 =0000000000000000 R9 =0000000000000000 R10=0000000000000000 R11=0000000000000000
R12=0000000000000000 R13=0000000000000000 R14=0000000000000000 R15=0000000000000000
RIP=000000000040007c RFL=00000202 [-------] CPL=3 II=0 A20=1 SMM=0 HLT=0
ES =0000 0000000000000000 00000000 00201300
CS =001b 0000000000000000 ffffffff 00affa00 DPL=3 CS64 [-R-]
SS =0023 0000000000000000 ffffffff 008ff200 DPL=3 DS   [-W-]
DS =0000 0000000000000000 00000000 00201300
FS =0000 0000000000000000 00000000 00201300
GS =0000 0000000000000000 00000000 00201300
LDT=0000 0000000000000000 0000ffff 00008200 DPL=0 LDT
TR =0028 ffffffff80215100 00000068 00008900 DPL=0 TSS64-avl
GDT=     ffffffff802043d0 00000037
IDT=     ffffffff802151e0 00000fff
CR0=80000011 CR2=0000000000000000 CR3=0000000000206000 CR4=00000020
DR0=0000000000000000 DR1=0000000000000000 DR2=0000000000000000 DR3=0000000000000000 
DR6=00000000ffff0ff0 DR7=0000000000000400
CCS=0000000000000000 CCD=fffffffffffffff3 CCO=EFLAGS
EFER=0000000000000500
   437: v=20 e=0000 i=0 cpl=3 IP=001b:000000000040007c pc=000000000040007c SP=0023:00007fffffffffe8 env->regs[R_EAX]=ffffffff8021822d
RAX=ffffffff8021822d RBX=0000000000000000 RCX=0000000000000780 RDX=0000000000000008
RSI=00007ffffffffff0 RDI=ffffffff8021822d RBP=00007fffffffffe8 RSP=00007fffffffffe8
R8 =0000000000000000 R9 =0000000000000000 R10=0000000000000000 R11=0000000000000000
R12=0000000000000000 R13=0000000000000000 R14=0000000000000000 R15=0000000000000000
RIP=000000000040007c RFL=00000202 [-------] CPL=3 II=0 A20=1 SMM=0 HLT=0
ES =0000 0000000000000000 00000000 00201300
CS =001b 0000000000000000 ffffffff 00affa00 DPL=3 CS64 [-R-]
SS =0023 0000000000000000 ffffffff 008ff200 DPL=3 DS   [-W-]
DS =0000 0000000000000000 00000000 00201300
FS =0000 0000000000000000 00000000 00201300
GS =0000 0000000000000000 00000000 00201300
LDT=0000 0000000000000000 0000ffff 00008200 DPL=0 LDT
TR =0028 ffffffff80215100 00000068 00008900 DPL=0 TSS64-avl
GDT=     ffffffff802043d0 00000037
IDT=     ffffffff802151e0 00000fff
CR0=80000011 CR2=0000000000000000 CR3=0000000000206000 CR4=00000020
DR0=0000000000000000 DR1=0000000000000000 DR2=0000000000000000 DR3=0000000000000000 
DR6=00000000ffff0ff0 DR7=0000000000000400
CCS=0000000000000000 CCD=fffffffffffffff4 CCO=EFLAGS
EFER=0000000000000500
   438: v=20 e=0000 i=0 cpl=3 IP=001b:000000000040007c pc=000000000040007c SP=0023:00007fffffffffe8 env->regs[R_EAX]=ffffffff8021822d
RAX=ffffffff8021822d RBX=0000000000000000 RCX=0000000000000780 RDX=0000000000000008
RSI=00007ffffffffff0 RDI=ffffffff8021822d RBP=00007fffffffffe8 RSP=00007fffffffffe8
R8 =0000000000000000 R9 =0000000000000000 R10=0000000000000000 R11=0000000000000000
R12=0000000000000000 R13=0000000000000000 R14=0000000000000000 R15=0000000000000000
RIP=000000000040007c RFL=00000202 [-------] CPL=3 II=0 A20=1 SMM=0 HLT=0
ES =0000 0000000000000000 00000000 00201300
CS =001b 0000000000000000 ffffffff 00affa00 DPL=3 CS64 [-R-]
SS =0023 0000000000000000 ffffffff 008ff200 DPL=3 DS   [-W-]
DS =0000 0000000000000000 00000000 00201300
FS =0000 0000000000000000 00000000 00201300
GS =0000 0000000000000000 00000000 00201300
LDT=0000 0000000000000000 0000ffff 00008200 DPL=0 LDT
TR =0028 ffffffff80215100 00000068 00008900 DPL=0 TSS64-avl
GDT=     ffffffff802043d0 00000037
IDT=     ffffffff802151e0 00000fff
CR0=80000011 CR2=0000000000000000 CR3=0000000000206000 CR4=00000020
DR0=0000000000000000 DR1=0000000000000000 DR2=0000000000000000 DR3=0000000000000000 
DR6=00000000ffff0ff0 DR7=0000000000000400
CCS=0000000000000000 CCD=fffffffffffffff5 CCO=EFLAGS
EFER=0000000000000500
   439: v=20 e=0000 i=0 cpl=3 IP=001b:000000000040007c pc=000000000040007c SP=0023:00007fffffffffe8 env->regs[R_EAX]=ffffffff8021822d
RAX=ffffffff8021822d RBX=0000000000000000 RCX=0000000000000780 RDX=0000000000000008
RSI=00007ffffffffff0 RDI=ffffffff8021822d RBP=00007fffffffffe8 RSP=00007fffffffffe8
R8 =0000000000000000 R9 =0000000000000000 R10=0000000000000000 R11=0000000000000000
R12=0000000000000000 R13=0000000000000000 R14=0000000000000000 R15=0000000000000000
RIP=000000000040007c RFL=00000202 [-------] CPL=3 II=0 A20=1 SMM=0 HLT=0
ES =0000 0000000000000000 00000000 00201300
CS =001b 0000000000000000 ffffffff 00affa00 DPL=3 CS64 [-R-]
SS =0023 0000000000000000 ffffffff 008ff200 DPL=3 DS   [-W-]
DS =0000 0000000000000000 00000000 00201300
FS =0000 0000000000000000 00000000 00201300
GS =0000 0000000000000000 00000000 00201300
LDT=0000 0000000000000000 0000ffff 00008200 DPL=0 LDT
TR =0028 ffffffff80215100 00000068 00008900 DPL=0 TSS64-avl
GDT=     ffffffff802043d0 00000037
IDT=     ffffffff802151e0 00000fff
CR0=80000011 CR2=0000000000000000 CR3=0000000000206000 CR4=00000020
DR0=0000000000000000 DR1=0000000000000000 DR2=0000000000000000 DR3=0000000000000000 
DR6=00000000ffff0ff0 DR7=0000000000000400
CCS=0000000000000000 CCD=fffffffffffffff6 CCO=EFLAGS
EFER=0000000000000500
   440: v=20 e=0000 i=0 cpl=3 IP=001b:000000000040007c pc=000000000040007c SP=0023:00007fffffffffe8 env->regs[R_EAX]=ffffffff8021822d
RAX=ffffffff8021822d RBX=0000000000000000 RCX=0000000000000780 RDX=0000000000000008
RSI=00007ffffffffff0 RDI=ffffffff8021822d RBP=00007fffffffffe8 RSP=00007fffffffffe8
R8 =0000000000000000 R9 =0000000000000000 R10=0000000000000000 R11=0000000000000000
R12=0000000000000000 R13=0000000000000000 R14=0000000000000000 R15=0000000000000000
RIP=000000000040007c RFL=00000202 [-------] CPL=3 II=0 A20=1 SMM=0 HLT=0
ES =0000 0000000000000000 00000000 00201300
CS =001b 0000000000000000 ffffffff 00affa00 DPL=3 CS64 [-R-]
SS =0023 0000000000000000 ffffffff 008ff200 DPL=3 DS   [-W-]
DS =0000 0000000000000000 00000000 00201300
FS =0000 0000000000000000 00000000 00201300
GS =0000 0000000000000000 00000000 00201300
LDT=0000 0000000000000000 0000ffff 00008200 DPL=0 LDT
TR =0028 ffffffff80215100 00000068 00008900 DPL=0 TSS64-avl
GDT=     ffffffff802043d0 00000037
IDT=     ffffffff802151e0 00000fff
CR0=80000011 CR2=0000000000000000 CR3=0000000000206000 CR4=00000020
DR0=0000000000000000 DR1=0000000000000000 DR2=0000000000000000 DR3=0000000000000000 
DR6=00000000ffff0ff0 DR7=0000000000000400
CCS=0000000000000000 CCD=fffffffffffffff7 CCO=EFLAGS
EFER=0000000000000500
   441: v=20 e=0000 i=0 cpl=3 IP=001b:000000000040007c pc=000000000040007c SP=0023:00007fffffffffe8 env->regs[R_EAX]=ffffffff8021822d
RAX=ffffffff8021822d RBX=0000000000000000 RCX=0000000000000780 RDX=0000000000000008
RSI=00007ffffffffff0 RDI=ffffffff8021822d RBP=00007fffffffffe8 RSP=00007fffffffffe8
R8 =0000000000000000 R9 =0000000000000000 R10=0000000000000000 R11=0000000000000000
R12=0000000000000000 R13=0000000000000000 R14=0000000000000000 R15=0000000000000000
RIP=000000000040007c RFL=00000202 [-------] CPL=3 II=0 A20=1 SMM=0 HLT=0
ES =0000 0000000000000000 00000000 00201300
CS =001b 0000000000000000 ffffffff 00affa00 DPL=3 CS64 [-R-]
SS =0023 0000000000000000 ffffffff 008ff200 DPL=3 DS   [-W-]
DS =0000 0000000000000000 00000000 00201300
FS =0000 0000000000000000 00000000 00201300
GS =0000 0000000000000000 00000000 00201300
LDT=0000 0000000000000000 0000ffff 00008200 DPL=0 LDT
TR =0028 ffffffff80215100 00000068 00008900 DPL=0 TSS64-avl
GDT=     ffffffff802043d0 00000037
IDT=     ffffffff802151e0 00000fff
CR0=80000011 CR2=0000000000000000 CR3=0000000000206000 CR4=00000020
DR0=0000000000000000 DR1=0000000000000000 DR2=0000000000000000 DR3=0000000000000000 
DR6=00000000ffff0ff0 DR7=0000000000000400
CCS=0000000000000000 CCD=fffffffffffffff8 CCO=EFLAGS
EFER=0000000000000500
   442: v=20 e=0000 i=0 cpl=3 IP=001b:000000000040007c pc=000000000040007c SP=0023:00007fffffffffe8 env->regs[R_EAX]=ffffffff8021822d
RAX=ffffffff8021822d RBX=0000000000000000 RCX=0000000000000780 RDX=0000000000000008
RSI=00007ffffffffff0 RDI=ffffffff8021822d RBP=00007fffffffffe8 RSP=00007fffffffffe8
R8 =0000000000000000 R9 =0000000000000000 R10=0000000000000000 R11=0000000000000000
R12=0000000000000000 R13=0000000000000000 R14=0000000000000000 R15=0000000000000000
RIP=000000000040007c RFL=00000202 [-------] CPL=3 II=0 A20=1 SMM=0 HLT=0
ES =0000 0000000000000000 00000000 00201300
CS =001b 0000000000000000 ffffffff 00affa00 DPL=3 CS64 [-R-]
SS =0023 0000000000000000 ffffffff 008ff200 DPL=3 DS   [-W-]
DS =0000 0000000000000000 00000000 00201300
FS =0000 0000000000000000 00000000 00201300
GS =0000 0000000000000000 00000000 00201300
LDT=0000 0000000000000000 0000ffff 00008200 DPL=0 LDT
TR =0028 ffffffff80215100 00000068 00008900 DPL=0 TSS64-avl
GDT=     ffffffff802043d0 00000037
IDT=     ffffffff802151e0 00000fff
CR0=80000011 CR2=0000000000000000 CR3=0000000000206000 CR4=00000020
DR0=0000000000000000 DR1=0000000000000000 DR2=0000000000000000 DR3=0000000000000000 
DR6=00000000ffff0ff0 DR7=0000000000000400
CCS=0000000000000000 CCD=fffffffffffffff9 CCO=EFLAGS
EFER=0000000000000500
   443: v=20 e=0000 i=0 cpl=3 IP=001b:000000000040007c pc=000000000040007c SP=0023:00007fffffffffe8 env->regs[R_EAX]=ffffffff8021822d
RAX=ffffffff8021822d RBX=0000000000000000 RCX=0000000000000780 RDX=0000000000000008
RSI=00007ffffffffff0 RDI=ffffffff8021822d RBP=00007fffffffffe8 RSP=00007fffffffffe8
R8 =0000000000000000 R9 =0000000000000000 R10=0000000000000000 R11=0000000000000000
R12=0000000000000000 R13=0000000000000000 R14=0000000000000000 R15=0000000000000000
RIP=000000000040007c RFL=00000202 [-------] CPL=3 II=0 A20=1 SMM=0 HLT=0
ES =0000 0000000000000000 00000000 00201300
CS =001b 0000000000000000 ffffffff 00affa00 DPL=3 CS64 [-R-]
SS =0023 0000000000000000 ffffffff 008ff200 DPL=3 DS   [-W-]
DS =0000 0000000000000000 00000000 00201300
FS =0000 0000000000000000 00000000 00201300
GS =0000 0000000000000000 00000000 00201300
LDT=0000 0000000000000000 0000ffff 00008200 DPL=0 LDT
TR =0028 ffffffff80215100 00000068 00008900 DPL=0 TSS64-avl
GDT=     ffffffff802043d0 00000037
IDT=     ffffffff802151e0 00000fff
CR0=80000011 CR2=0000000000000000 CR3=0000000000206000 CR4=00000020
DR0=0000000000000000 DR1=0000000000000000 DR2=0000000000000000 DR3=0000000000000000 
DR6=00000000ffff0ff0 DR7=0000000000000400
CCS=0000000000000000 CCD=fffffffffffffffa CCO=EFLAGS
EFER=0000000000000500
   444: v=20 e=0000 i=0 cpl=3 IP=001b:000000000040007c pc=000000000040007c SP=0023:00007fffffffffe8 env->regs[R_EAX]=ffffffff8021822d
RAX=ffffffff8021822d RBX=0000000000000000 RCX=0000000000000780 RDX=0000000000000008
RSI=00007ffffffffff0 RDI=ffffffff8021822d RBP=00007fffffffffe8 RSP=00007fffffffffe8
R8 =0000000000000000 R9 =0000000000000000 R10=0000000000000000 R11=0000000000000000
R12=0000000000000000 R13=0000000000000000 R14=0000000000000000 R15=0000000000000000
RIP=000000000040007c RFL=00000202 [-------] CPL=3 II=0 A20=1 SMM=0 HLT=0
ES =0000 0000000000000000 00000000 00201300
CS =001b 0000000000000000 ffffffff 00affa00 DPL=3 CS64 [-R-]
SS =0023 0000000000000000 ffffffff 008ff200 DPL=3 DS   [-W-]
DS =0000 0000000000000000 00000000 00201300
FS =0000 0000000000000000 00000000 00201300
GS =0000 0000000000000000 00000000 00201300
LDT=0000 0000000000000000 0000ffff 00008200 DPL=0 LDT
TR =0028 ffffffff80215100 00000068 00008900 DPL=0 TSS64-avl
GDT=     ffffffff802043d0 00000037
IDT=     ffffffff802151e0 00000fff
CR0=80000011 CR2=0000000000000000 CR3=0000000000206000 CR4=00000020
DR0=0000000000000000 DR1=0000000000000000 DR2=0000000000000000 DR3=0000000000000000 
DR6=00000000ffff0ff0 DR7=0000000000000400
CCS=0000000000000000 CCD=fffffffffffffffb CCO=EFLAGS
EFER=0000000000000500
   445: v=20 e=0000 i=0 cpl=3 IP=001b:000000000040007c pc=000000000040007c SP=0023:00007fffffffffe8 env->regs[R_EAX]=ffffffff8021822d
RAX=ffffffff8021822d RBX=0000000000000000 RCX=0000000000000780 RDX=0000000000000008
RSI=00007ffffffffff0 RDI=ffffffff8021822d RBP=00007fffffffffe8 RSP=00007fffffffffe8
R8 =0000000000000000 R9 =0000000000000000 R10=0000000000000000 R11=0000000000000000
R12=0000000000000000 R13=0000000000000000 R14=0000000000000000 R15=0000000000000000
RIP=000000000040007c RFL=00000202 [-------] CPL=3 II=0 A20=1 SMM=0 HLT=0
ES =0000 0000000000000000 00000000 00201300
CS =001b 0000000000000000 ffffffff 00affa00 DPL=3 CS64 [-R-]
SS =0023 0000000000000000 ffffffff 008ff200 DPL=3 DS   [-W-]
DS =0000 0000000000000000 00000000 00201300
FS =0000 0000000000000000 00000000 00201300
GS =0000 0000000000000000 00000000 00201300
LDT=0000 0000000000000000 0000ffff 00008200 DPL=0 LDT
TR =0028 ffffffff80215100 00000068 00008900 DPL=0 TSS64-avl
GDT=     ffffffff802043d0 00000037
IDT=     ffffffff802151e0 00000fff
CR0=80000011 CR2=0000000000000000 CR3=0000000000206000 CR4=00000020
DR0=0000000000000000 DR1=0000000000000000 DR2=0000000000000000 DR3=0000000000000000 
DR6=00000000ffff0ff0 DR7=0000000000000400
CCS=0000000000000000 CCD=fffffffffffffffc CCO=EFLAGS
EFER=0000000000000500
   446: v=20 e=0000 i=0 cpl=3 IP=001b:000000000040007c pc=000000000040007c SP=0023:00007fffffffffe8 env->regs[R_EAX]=ffffffff8021822d
RAX=ffffffff8021822d RBX=0000000000000000 RCX=0000000000000780 RDX=0000000000000008
RSI=00007ffffffffff0 RDI=ffffffff8021822d RBP=00007fffffffffe8 RSP=00007fffffffffe8
R8 =0000000000000000 R9 =0000000000000000 R10=0000000000000000 R11=0000000000000000
R12=0000000000000000 R13=0000000000000000 R14=0000000000000000 R15=0000000000000000
RIP=000000000040007c RFL=00000202 [-------] CPL=3 II=0 A20=1 SMM=0 HLT=0
ES =0000 0000000000000000 00000000 00201300
CS =001b 0000000000000000 ffffffff 00affa00 DPL=3 CS64 [-R-]
SS =0023 0000000000000000 ffffffff 008ff200 DPL=3 DS   [-W-]
DS =0000 0000000000000000 00000000 00201300
FS =0000 0000000000000000 00000000 00201300
GS =0000 0000000000000000 00000000 00201300
LDT=0000 0000000000000000 0000ffff 00008200 DPL=0 LDT
TR =0028 ffffffff80215100 00000068 00008900 DPL=0 TSS64-avl
GDT=     ffffffff802043d0 00000037
IDT=     ffffffff802151e0 00000fff
CR0=80000011 CR2=0000000000000000 CR3=0000000000206000 CR4=00000020
DR0=0000000000000000 DR1=0000000000000000 DR2=0000000000000000 DR3=0000000000000000 
DR6=00000000ffff0ff0 DR7=0000000000000400
CCS=0000000000000000 CCD=fffffffffffffffd CCO=EFLAGS
EFER=0000000000000500
   447: v=20 e=0000 i=0 cpl=3 IP=001b:000000000040007c pc=000000000040007c SP=0023:00007fffffffffe8 env->regs[R_EAX]=ffffffff8021822d
RAX=ffffffff8021822d RBX=0000000000000000 RCX=0000000000000780 RDX=0000000000000008
RSI=00007ffffffffff0 RDI=ffffffff8021822d RBP=00007fffffffffe8 RSP=00007fffffffffe8
R8 =0000000000000000 R9 =0000000000000000 R10=0000000000000000 R11=0000000000000000
R12=0000000000000000 R13=0000000000000000 R14=0000000000000000 R15=0000000000000000
RIP=000000000040007c RFL=00000202 [-------] CPL=3 II=0 A20=1 SMM=0 HLT=0
ES =0000 0000000000000000 00000000 00201300
CS =001b 0000000000000000 ffffffff 00affa00 DPL=3 CS64 [-R-]
SS =0023 0000000000000000 ffffffff 008ff200 DPL=3 DS   [-W-]
DS =0000 0000000000000000 00000000 00201300
FS =0000 0000000000000000 00000000 00201300
GS =0000 0000000000000000 00000000 00201300
LDT=0000 0000000000000000 0000ffff 00008200 DPL=0 LDT
TR =0028 ffffffff80215100 00000068 00008900 DPL=0 TSS64-avl
GDT=     ffffffff802043d0 00000037
IDT=     ffffffff802151e0 00000fff
CR0=80000011 CR2=0000000000000000 CR3=0000000000206000 CR4=00000020
DR0=0000000000000000 DR1=0000000000000000 DR2=0000000000000000 DR3=0000000000000000 
DR6=00000000ffff0ff0 DR7=0000000000000400
CCS=0000000000000000 CCD=fffffffffffffffe CCO=EFLAGS
EFER=0000000000000500
   448: v=20 e=0000 i=0 cpl=3 IP=001b:000000000040007c pc=000000000040007c SP=0023:00007fffffffffe8 env->regs[R_EAX]=ffffffff8021822d
RAX=ffffffff8021822d RBX=0000000000000000 RCX=0000000000000780 RDX=0000000000000008
RSI=00007ffffffffff0 RDI=ffffffff8021822d RBP=00007fffffffffe8 RSP=00007fffffffffe8
R8 =0000000000000000 R9 =0000000000000000 R10=0000000000000000 R11=0000000000000000
R12=0000000000000000 R13=0000000000000000 R14=0000000000000000 R15=0000000000000000
RIP=000000000040007c RFL=00000202 [-------] CPL=3 II=0 A20=1 SMM=0 HLT=0
ES =0000 0000000000000000 00000000 00201300
CS =001b 0000000000000000 ffffffff 00affa00 DPL=3 CS64 [-R-]
SS =0023 0000000000000000 ffffffff 008ff200 DPL=3 DS   [-W-]
DS =0000 0000000000000000 00000000 00201300
FS =0000 0000000000000000 00000000 00201300
GS =0000 0000000000000000 00000000 00201300
LDT=0000 0000000000000000 0000ffff 00008200 DPL=0 LDT
TR =0028 ffffffff80215100 00000068 00008900 DPL=0 TSS64-avl
GDT=     ffffffff802043d0 00000037
IDT=     ffffffff802151e0 00000fff
CR0=80000011 CR2=0000000000000000 CR3=0000000000206000 CR4=00000020
DR0=0000000000000000 DR1=0000000000000000 DR2=0000000000000000 DR3=0000000000000000 
DR6=00000000ffff0ff0 DR7=0000000000000400
CCS=0000000000000000 CCD=ffffffffffffffff CCO=EFLAGS
EFER=0000000000000500
   449: v=20 e=0000 i=0 cpl=3 IP=001b:000000000040007c pc=000000000040007c SP=0023:00007fffffffffe8 env->regs[R_EAX]=ffffffff8021822d
RAX=ffffffff8021822d RBX=0000000000000000 RCX=0000000000000780 RDX=0000000000000008
RSI=00007ffffffffff0 RDI=ffffffff8021822d RBP=00007fffffffffe8 RSP=00007fffffffffe8
R8 =0000000000000000 R9 =0000000000000000 R10=0000000000000000 R11=0000000000000000
R12=0000000000000000 R13=0000000000000000 R14=0000000000000000 R15=0000000000000000
RIP=000000000040007c RFL=00000202 [-------] CPL=3 II=0 A20=1 SMM=0 HLT=0
ES =0000 0000000000000000 00000000 00201300
CS =001b 0000000000000000 ffffffff 00affa00 DPL=3 CS64 [-R-]
SS =0023 0000000000000000 ffffffff 008ff200 DPL=3 DS   [-W-]
DS =0000 0000000000000000 00000000 00201300
FS =0000 0000000000000000 00000000 00201300
GS =0000 0000000000000000 00000000 00201300
LDT=0000 0000000000000000 0000ffff 00008200 DPL=0 LDT
TR =0028 ffffffff80215100 00000068 00008900 DPL=0 TSS64-avl
GDT=     ffffffff802043d0 00000037
IDT=     ffffffff802151e0 00000fff
CR0=80000011 CR2=0000000000000000 CR3=0000000000206000 CR4=00000020
DR0=0000000000000000 DR1=0000000000000000 DR2=0000000000000000 DR3=0000000000000000 
DR6=00000000ffff0ff0 DR7=0000000000000400
CCS=0000000000000000 CCD=0000000000000000 CCO=EFLAGS
EFER=0000000000000500
   450: v=20 e=0000 i=0 cpl=0 IP=0008:ffffffff802000a9 pc=ffffffff802000a9 SP=0010:ffffffff80219370 env->regs[R_EAX]=0000000000000000
RAX=0000000000000000 RBX=000002d000000000 RCX=0000000000000780 RDX=000000000000001a
RSI=0000030000000000 RDI=0000000000000018 RBP=ffffffff80219370 RSP=ffffffff80219370
R8 =0000032000000000 R9 =0000033000000000 R10=0000034000000000 R11=0000035000000000
R12=0000036000000000 R13=0000037000000000 R14=0000038000000000 R15=0000039000000000
RIP=ffffffff802000a9 RFL=00000246 [---Z-P-] CPL=0 II=0 A20=1 SMM=0 HLT=0
ES =0000 0000000000000000 00000000 00201300
CS =0008 0000000000000000 00000000 00209800 DPL=0 CS64 [---]
SS =0010 0000000000000000 00000000 00209300 DPL=0 DS   [-WA]
DS =0000 0000000000000000 00000000 00201300
FS =0000 0000000000000000 00000000 00201300
GS =0000 0000000000000000 00000000 00201300
LDT=0000 0000000000000000 0000ffff 00008200 DPL=0 LDT
TR =0028 ffffffff80215100 00000068 00008900 DPL=0 TSS64-avl
GDT=     ffffffff802043d0 00000037
IDT=     ffffffff802151e0 00000fff
CR0=80000011 CR2=0000000000000000 CR3=0000000000206000 CR4=00000020
DR0=0000000000000000 DR1=0000000000000000 DR2=0000000000000000 DR3=0000000000000000 
DR6=00000000ffff0ff0 DR7=0000000000000400
CCS=0000000000000044 CCD=0000000000000019 CCO=EFLAGS
EFER=0000000000000500
   451: v=20 e=0000 i=0 cpl=0 IP=0008:ffffffff802000a9 pc=ffffffff802000a9 SP=0010:ffffffff80219370 env->regs[R_EAX]=0000000000000000
RAX=0000000000000000 RBX=000002d000000000 RCX=0000000000000780 RDX=000000000000001a
RSI=0000030000000000 RDI=0000000000000018 RBP=ffffffff80219370 RSP=ffffffff80219370
R8 =0000032000000000 R9 =0000033000000000 R10=0000034000000000 R11=0000035000000000
R12=0000036000000000 R13=0000037000000000 R14=0000038000000000 R15=0000039000000000
RIP=ffffffff802000a9 RFL=00000246 [---Z-P-] CPL=0 II=0 A20=1 SMM=0 HLT=0
ES =0000 0000000000000000 00000000 00201300
CS =0008 0000000000000000 00000000 00209800 DPL=0 CS64 [---]
SS =0010 0000000000000000 00000000 00209300 DPL=0 DS   [-WA]
DS =0000 0000000000000000 00000000 00201300
FS =0000 0000000000000000 00000000 00201300
GS =0000 0000000000000000 00000000 00201300
LDT=0000 0000000000000000 0000ffff 00008200 DPL=0 LDT
TR =0028 ffffffff80215100 00000068 00008900 DPL=0 TSS64-avl
GDT=     ffffffff802043d0 00000037
IDT=     ffffffff802151e0 00000fff
CR0=80000011 CR2=0000000000000000 CR3=0000000000206000 CR4=00000020
DR0=0000000000000000 DR1=0000000000000000 DR2=0000000000000000 DR3=0000000000000000 
DR6=00000000ffff0ff0 DR7=0000000000000400
CCS=0000000000000044 CCD=fffffffffffffff0 CCO=EFLAGS
EFER=0000000000000500
   452: v=20 e=0000 i=0 cpl=0 IP=0008:ffffffff802000a9 pc=ffffffff802000a9 SP=0010:ffffffff80219370 env->regs[R_EAX]=0000000000000000
RAX=0000000000000000 RBX=000002d000000000 RCX=0000000000000780 RDX=000000000000001a
RSI=0000030000000000 RDI=0000000000000018 RBP=ffffffff80219370 RSP=ffffffff80219370
R8 =0000032000000000 R9 =0000033000000000 R10=0000034000000000 R11=0000035000000000
R12=0000036000000000 R13=0000037000000000 R14=0000038000000000 R15=0000039000000000
RIP=ffffffff802000a9 RFL=00000246 [---Z-P-] CPL=0 II=0 A20=1 SMM=0 HLT=0
ES =0000 0000000000000000 00000000 00201300
CS =0008 0000000000000000 00000000 00209800 DPL=0 CS64 [---]
SS =0010 0000000000000000 00000000 00209300 DPL=0 DS   [-WA]
DS =0000 0000000000000000 00000000 00201300
FS =0000 0000000000000000 00000000 00201300
GS =0000 0000000000000000 00000000 00201300
LDT=0000 0000000000000000 0000ffff 00008200 DPL=0 LDT
TR =0028 ffffffff80215100 00000068 00008900 DPL=0 TSS64-avl
GDT=     ffffffff802043d0 00000037
IDT=     ffffffff802151e0 00000fff
CR0=80000011 CR2=0000000000000000 CR3=0000000000206000 CR4=00000020
DR0=0000000000000000 DR1=0000000000000000 DR2=0000000000000000 DR3=0000000000000000 
DR6=00000000ffff0ff0 DR7=0000000000000400
CCS=0000000000000044 CCD=fffffffffffffff1 CCO=EFLAGS
EFER=0000000000000500
   453: v=20 e=0000 i=0 cpl=0 IP=0008:ffffffff802000a9 pc=ffffffff802000a9 SP=0010:ffffffff80219370 env->regs[R_EAX]=0000000000000000
RAX=0000000000000000 RBX=000002d000000000 RCX=0000000000000780 RDX=000000000000001a
RSI=0000030000000000 RDI=0000000000000018 RBP=ffffffff80219370 RSP=ffffffff80219370
R8 =0000032000000000 R9 =0000033000000000 R10=0000034000000000 R11=0000035000000000
R12=0000036000000000 R13=0000037000000000 R14=0000038000000000 R15=0000039000000000
RIP=ffffffff802000a9 RFL=00000246 [---Z-P-] CPL=0 II=0 A20=1 SMM=0 HLT=0
ES =0000 0000000000000000 00000000 00201300
CS =0008 0000000000000000 00000000 00209800 DPL=0 CS64 [---]
SS =0010 0000000000000000 00000000 00209300 DPL=0 DS   [-WA]
DS =0000 0000000000000000 00000000 00201300
FS =0000 0000000000000000 00000000 00201300
GS =0000 0000000000000000 00000000 00201300
LDT=0000 0000000000000000 0000ffff 00008200 DPL=0 LDT
TR =0028 ffffffff80215100 00000068 00008900 DPL=0 TSS64-avl
GDT=     ffffffff802043d0 00000037
IDT=     ffffffff802151e0 00000fff
CR0=80000011 CR2=0000000000000000 CR3=0000000000206000 CR4=00000020
DR0=0000000000000000 DR1=0000000000000000 DR2=0000000000000000 DR3=0000000000000000 
DR6=00000000ffff0ff0 DR7=0000000000000400
CCS=0000000000000044 CCD=fffffffffffffff2 CCO=EFLAGS
EFER=0000000000000500
   454: v=20 e=0000 i=0 cpl=0 IP=0008:ffffffff802000a9 pc=ffffffff802000a9 SP=0010:ffffffff80219370 env->regs[R_EAX]=0000000000000000
RAX=0000000000000000 RBX=000002d000000000 RCX=0000000000000780 RDX=000000000000001a
RSI=0000030000000000 RDI=0000000000000018 RBP=ffffffff80219370 RSP=ffffffff80219370
R8 =0000032000000000 R9 =0000033000000000 R10=0000034000000000 R11=0000035000000000
R12=0000036000000000 R13=0000037000000000 R14=0000038000000000 R15=0000039000000000
RIP=ffffffff802000a9 RFL=00000246 [---Z-P-] CPL=0 II=0 A20=1 SMM=0 HLT=0
ES =0000 0000000000000000 00000000 00201300
CS =0008 0000000000000000 00000000 00209800 DPL=0 CS64 [---]
SS =0010 0000000000000000 00000000 00209300 DPL=0 DS   [-WA]
DS =0000 0000000000000000 00000000 00201300
FS =0000 0000000000000000 00000000 00201300
GS =0000 0000000000000000 00000000 00201300
LDT=0000 0000000000000000 0000ffff 00008200 DPL=0 LDT
TR =0028 ffffffff80215100 00000068 00008900 DPL=0 TSS64-avl
GDT=     ffffffff802043d0 00000037
IDT=     ffffffff802151e0 00000fff
CR0=80000011 CR2=0000000000000000 CR3=0000000000206000 CR4=00000020
DR0=0000000000000000 DR1=0000000000000000 DR2=0000000000000000 DR3=0000000000000000 
DR6=00000000ffff0ff0 DR7=0000000000000400
CCS=0000000000000044 CCD=fffffffffffffff3 CCO=EFLAGS
EFER=0000000000000500
   455: v=20 e=0000 i=0 cpl=0 IP=0008:ffffffff802000a9 pc=ffffffff802000a9 SP=0010:ffffffff80219370 env->regs[R_EAX]=0000000000000000
RAX=0000000000000000 RBX=000002d000000000 RCX=0000000000000780 RDX=000000000000001a
RSI=0000030000000000 RDI=0000000000000018 RBP=ffffffff80219370 RSP=ffffffff80219370
R8 =0000032000000000 R9 =0000033000000000 R10=0000034000000000 R11=0000035000000000
R12=0000036000000000 R13=0000037000000000 R14=0000038000000000 R15=0000039000000000
RIP=ffffffff802000a9 RFL=00000246 [---Z-P-] CPL=0 II=0 A20=1 SMM=0 HLT=0
ES =0000 0000000000000000 00000000 00201300
CS =0008 0000000000000000 00000000 00209800 DPL=0 CS64 [---]
SS =0010 0000000000000000 00000000 00209300 DPL=0 DS   [-WA]
DS =0000 0000000000000000 00000000 00201300
FS =0000 0000000000000000 00000000 00201300
GS =0000 0000000000000000 00000000 00201300
LDT=0000 0000000000000000 0000ffff 00008200 DPL=0 LDT
TR =0028 ffffffff80215100 00000068 00008900 DPL=0 TSS64-avl
GDT=     ffffffff802043d0 00000037
IDT=     ffffffff802151e0 00000fff
CR0=80000011 CR2=0000000000000000 CR3=0000000000206000 CR4=00000020
DR0=0000000000000000 DR1=0000000000000000 DR2=0000000000000000 DR3=0000000000000000 
DR6=00000000ffff0ff0 DR7=0000000000000400
CCS=0000000000000044 CCD=fffffffffffffff4 CCO=EFLAGS
EFER=0000000000000500
   456: v=20 e=0000 i=0 cpl=0 IP=0008:ffffffff802000a9 pc=ffffffff802000a9 SP=0010:ffffffff80219370 env->regs[R_EAX]=0000000000000000
RAX=0000000000000000 RBX=000002d000000000 RCX=0000000000000780 RDX=000000000000001a
RSI=0000030000000000 RDI=0000000000000018 RBP=ffffffff80219370 RSP=ffffffff80219370
R8 =0000032000000000 R9 =0000033000000000 R10=0000034000000000 R11=0000035000000000
R12=0000036000000000 R13=0000037000000000 R14=0000038000000000 R15=0000039000000000
RIP=ffffffff802000a9 RFL=00000246 [---Z-P-] CPL=0 II=0 A20=1 SMM=0 HLT=0
ES =0000 0000000000000000 00000000 00201300
CS =0008 0000000000000000 00000000 00209800 DPL=0 CS64 [---]
SS =0010 0000000000000000 00000000 00209300 DPL=0 DS   [-WA]
DS =0000 0000000000000000 00000000 00201300
FS =0000 0000000000000000 00000000 00201300
GS =0000 0000000000000000 00000000 00201300
LDT=0000 0000000000000000 0000ffff 00008200 DPL=0 LDT
TR =0028 ffffffff80215100 00000068 00008900 DPL=0 TSS64-avl
GDT=     ffffffff802043d0 00000037
IDT=     ffffffff802151e0 00000fff
CR0=80000011 CR2=0000000000000000 CR3=0000000000206000 CR4=00000020
DR0=0000000000000000 DR1=0000000000000000 DR2=0000000000000000 DR3=0000000000000000 
DR6=00000000ffff0ff0 DR7=0000000000000400
CCS=0000000000000044 CCD=fffffffffffffff5 CCO=EFLAGS
EFER=0000000000000500
   457: v=20 e=0000 i=0 cpl=0 IP=0008:ffffffff802000a9 pc=ffffffff802000a9 SP=0010:ffffffff80219370 env->regs[R_EAX]=0000000000000000
RAX=0000000000000000 RBX=000002d000000000 RCX=0000000000000780 RDX=000000000000001a
RSI=0000030000000000 RDI=0000000000000018 RBP=ffffffff80219370 RSP=ffffffff80219370
R8 =0000032000000000 R9 =0000033000000000 R10=0000034000000000 R11=0000035000000000
R12=0000036000000000 R13=0000037000000000 R14=0000038000000000 R15=0000039000000000
RIP=ffffffff802000a9 RFL=00000246 [---Z-P-] CPL=0 II=0 A20=1 SMM=0 HLT=0
ES =0000 0000000000000000 00000000 00201300
CS =0008 0000000000000000 00000000 00209800 DPL=0 CS64 [---]
SS =0010 0000000000000000 00000000 00209300 DPL=0 DS   [-WA]
DS =0000 0000000000000000 00000000 00201300
FS =0000 0000000000000000 00000000 00201300
GS =0000 0000000000000000 00000000 00201300
LDT=0000 0000000000000000 0000ffff 00008200 DPL=0 LDT
TR =0028 ffffffff80215100 00000068 00008900 DPL=0 TSS64-avl
GDT=     ffffffff802043d0 00000037
IDT=     ffffffff802151e0 00000fff
CR0=80000011 CR2=0000000000000000 CR3=0000000000206000 CR4=00000020
DR0=0000000000000000 DR1=0000000000000000 DR2=0000000000000000 DR3=0000000000000000 
DR6=00000000ffff0ff0 DR7=0000000000000400
CCS=0000000000000044 CCD=fffffffffffffff6 CCO=EFLAGS
EFER=0000000000000500
   458: v=20 e=0000 i=0 cpl=0 IP=0008:ffffffff802000a9 pc=ffffffff802000a9 SP=0010:ffffffff80219370 env->regs[R_EAX]=0000000000000000
RAX=0000000000000000 RBX=000002d000000000 RCX=0000000000000780 RDX=000000000000001a
RSI=0000030000000000 RDI=0000000000000018 RBP=ffffffff80219370 RSP=ffffffff80219370
R8 =0000032000000000 R9 =0000033000000000 R10=0000034000000000 R11=0000035000000000
R12=0000036000000000 R13=0000037000000000 R14=0000038000000000 R15=0000039000000000
RIP=ffffffff802000a9 RFL=00000246 [---Z-P-] CPL=0 II=0 A20=1 SMM=0 HLT=0
ES =0000 0000000000000000 00000000 00201300
CS =0008 0000000000000000 00000000 00209800 DPL=0 CS64 [---]
SS =0010 0000000000000000 00000000 00209300 DPL=0 DS   [-WA]
DS =0000 0000000000000000 00000000 00201300
FS =0000 0000000000000000 00000000 00201300
GS =0000 0000000000000000 00000000 00201300
LDT=0000 0000000000000000 0000ffff 00008200 DPL=0 LDT
TR =0028 ffffffff80215100 00000068 00008900 DPL=0 TSS64-avl
GDT=     ffffffff802043d0 00000037
IDT=     ffffffff802151e0 00000fff
CR0=80000011 CR2=0000000000000000 CR3=0000000000206000 CR4=00000020
DR0=0000000000000000 DR1=0000000000000000 DR2=0000000000000000 DR3=0000000000000000 
DR6=00000000ffff0ff0 DR7=0000000000000400
CCS=0000000000000044 CCD=fffffffffffffff7 CCO=EFLAGS
EFER=0000000000000500
   459: v=20 e=0000 i=0 cpl=0 IP=0008:ffffffff802000a9 pc=ffffffff802000a9 SP=0010:ffffffff80219370 env->regs[R_EAX]=0000000000000000
RAX=0000000000000000 RBX=000002d000000000 RCX=0000000000000780 RDX=000000000000001a
RSI=0000030000000000 RDI=0000000000000018 RBP=ffffffff80219370 RSP=ffffffff80219370
R8 =0000032000000000 R9 =0000033000000000 R10=0000034000000000 R11=0000035000000000
R12=0000036000000000 R13=0000037000000000 R14=0000038000000000 R15=0000039000000000
RIP=ffffffff802000a9 RFL=00000246 [---Z-P-] CPL=0 II=0 A20=1 SMM=0 HLT=0
ES =0000 0000000000000000 00000000 00201300
CS =0008 0000000000000000 00000000 00209800 DPL=0 CS64 [---]
SS =0010 0000000000000000 00000000 00209300 DPL=0 DS   [-WA]
DS =0000 0000000000000000 00000000 00201300
FS =0000 0000000000000000 00000000 00201300
GS =0000 0000000000000000 00000000 00201300
LDT=0000 0000000000000000 0000ffff 00008200 DPL=0 LDT
TR =0028 ffffffff80215100 00000068 00008900 DPL=0 TSS64-avl
GDT=     ffffffff802043d0 00000037
IDT=     ffffffff802151e0 00000fff
CR0=80000011 CR2=0000000000000000 CR3=0000000000206000 CR4=00000020
DR0=0000000000000000 DR1=0000000000000000 DR2=0000000000000000 DR3=0000000000000000 
DR6=00000000ffff0ff0 DR7=0000000000000400
CCS=0000000000000044 CCD=fffffffffffffff8 CCO=EFLAGS
EFER=0000000000000500
   460: v=20 e=0000 i=0 cpl=0 IP=0008:ffffffff802000a9 pc=ffffffff802000a9 SP=0010:ffffffff80219370 env->regs[R_EAX]=0000000000000000
RAX=0000000000000000 RBX=000002d000000000 RCX=0000000000000780 RDX=000000000000001a
RSI=0000030000000000 RDI=0000000000000018 RBP=ffffffff80219370 RSP=ffffffff80219370
R8 =0000032000000000 R9 =0000033000000000 R10=0000034000000000 R11=0000035000000000
R12=0000036000000000 R13=0000037000000000 R14=0000038000000000 R15=0000039000000000
RIP=ffffffff802000a9 RFL=00000246 [---Z-P-] CPL=0 II=0 A20=1 SMM=0 HLT=0
ES =0000 0000000000000000 00000000 00201300
CS =0008 0000000000000000 00000000 00209800 DPL=0 CS64 [---]
SS =0010 0000000000000000 00000000 00209300 DPL=0 DS   [-WA]
DS =0000 0000000000000000 00000000 00201300
FS =0000 0000000000000000 00000000 00201300
GS =0000 0000000000000000 00000000 00201300
LDT=0000 0000000000000000 0000ffff 00008200 DPL=0 LDT
TR =0028 ffffffff80215100 00000068 00008900 DPL=0 TSS64-avl
GDT=     ffffffff802043d0 00000037
IDT=     ffffffff802151e0 00000fff
CR0=80000011 CR2=0000000000000000 CR3=0000000000206000 CR4=00000020
DR0=0000000000000000 DR1=0000000000000000 DR2=0000000000000000 DR3=0000000000000000 
DR6=00000000ffff0ff0 DR7=0000000000000400
CCS=0000000000000044 CCD=fffffffffffffff9 CCO=EFLAGS
EFER=0000000000000500
   461: v=20 e=0000 i=0 cpl=0 IP=0008:ffffffff802000a9 pc=ffffffff802000a9 SP=0010:ffffffff80219370 env->regs[R_EAX]=0000000000000000
RAX=0000000000000000 RBX=000002d000000000 RCX=0000000000000780 RDX=000000000000001a
RSI=0000030000000000 RDI=0000000000000018 RBP=ffffffff80219370 RSP=ffffffff80219370
R8 =0000032000000000 R9 =0000033000000000 R10=0000034000000000 R11=0000035000000000
R12=0000036000000000 R13=0000037000000000 R14=0000038000000000 R15=0000039000000000
RIP=ffffffff802000a9 RFL=00000246 [---Z-P-] CPL=0 II=0 A20=1 SMM=0 HLT=0
ES =0000 0000000000000000 00000000 00201300
CS =0008 0000000000000000 00000000 00209800 DPL=0 CS64 [---]
SS =0010 0000000000000000 00000000 00209300 DPL=0 DS   [-WA]
DS =0000 0000000000000000 00000000 00201300
FS =0000 0000000000000000 00000000 00201300
GS =0000 0000000000000000 00000000 00201300
LDT=0000 0000000000000000 0000ffff 00008200 DPL=0 LDT
TR =0028 ffffffff80215100 00000068 00008900 DPL=0 TSS64-avl
GDT=     ffffffff802043d0 00000037
IDT=     ffffffff802151e0 00000fff
CR0=80000011 CR2=0000000000000000 CR3=0000000000206000 CR4=00000020
DR0=0000000000000000 DR1=0000000000000000 DR2=0000000000000000 DR3=0000000000000000 
DR6=00000000ffff0ff0 DR7=0000000000000400
CCS=0000000000000044 CCD=fffffffffffffffa CCO=EFLAGS
EFER=0000000000000500
   462: v=20 e=0000 i=0 cpl=0 IP=0008:ffffffff802000a9 pc=ffffffff802000a9 SP=0010:ffffffff80219370 env->regs[R_EAX]=0000000000000000
RAX=0000000000000000 RBX=000002d000000000 RCX=0000000000000780 RDX=000000000000001a
RSI=0000030000000000 RDI=0000000000000018 RBP=ffffffff80219370 RSP=ffffffff80219370
R8 =0000032000000000 R9 =0000033000000000 R10=0000034000000000 R11=0000035000000000
R12=0000036000000000 R13=0000037000000000 R14=0000038000000000 R15=0000039000000000
RIP=ffffffff802000a9 RFL=00000246 [---Z-P-] CPL=0 II=0 A20=1 SMM=0 HLT=0
ES =0000 0000000000000000 00000000 00201300
CS =0008 0000000000000000 00000000 00209800 DPL=0 CS64 [---]
SS =0010 0000000000000000 00000000 00209300 DPL=0 DS   [-WA]
DS =0000 0000000000000000 00000000 00201300
FS =0000 0000000000000000 00000000 00201300
GS =0000 0000000000000000 00000000 00201300
LDT=0000 0000000000000000 0000ffff 00008200 DPL=0 LDT
TR =0028 ffffffff80215100 00000068 00008900 DPL=0 TSS64-avl
GDT=     ffffffff802043d0 00000037
IDT=     ffffffff802151e0 00000fff
CR0=80000011 CR2=0000000000000000 CR3=0000000000206000 CR4=00000020
DR0=0000000000000000 DR1=0000000000000000 DR2=0000000000000000 DR3=0000000000000000 
DR6=00000000ffff0ff0 DR7=0000000000000400
CCS=0000000000000044 CCD=fffffffffffffffb CCO=EFLAGS
EFER=0000000000000500
   463: v=20 e=0000 i=0 cpl=0 IP=0008:ffffffff802000a9 pc=ffffffff802000a9 SP=0010:ffffffff80219370 env->regs[R_EAX]=0000000000000000
RAX=0000000000000000 RBX=000002d000000000 RCX=0000000000000780 RDX=000000000000001a
RSI=0000030000000000 RDI=0000000000000018 RBP=ffffffff80219370 RSP=ffffffff80219370
R8 =0000032000000000 R9 =0000033000000000 R10=0000034000000000 R11=0000035000000000
R12=0000036000000000 R13=0000037000000000 R14=0000038000000000 R15=0000039000000000
RIP=ffffffff802000a9 RFL=00000246 [---Z-P-] CPL=0 II=0 A20=1 SMM=0 HLT=0
ES =0000 0000000000000000 00000000 00201300
CS =0008 0000000000000000 00000000 00209800 DPL=0 CS64 [---]
SS =0010 0000000000000000 00000000 00209300 DPL=0 DS   [-WA]
DS =0000 0000000000000000 00000000 00201300
FS =0000 0000000000000000 00000000 00201300
GS =0000 0000000000000000 00000000 00201300
LDT=0000 0000000000000000 0000ffff 00008200 DPL=0 LDT
TR =0028 ffffffff80215100 00000068 00008900 DPL=0 TSS64-avl
GDT=     ffffffff802043d0 00000037
IDT=     ffffffff802151e0 00000fff
CR0=80000011 CR2=0000000000000000 CR3=0000000000206000 CR4=00000020
DR0=0000000000000000 DR1=0000000000000000 DR2=0000000000000000 DR3=0000000000000000 
DR6=00000000ffff0ff0 DR7=0000000000000400
CCS=0000000000000044 CCD=fffffffffffffffc CCO=EFLAGS
EFER=0000000000000500
   464: v=20 e=0000 i=0 cpl=0 IP=0008:ffffffff802000a9 pc=ffffffff802000a9 SP=0010:ffffffff80219370 env->regs[R_EAX]=0000000000000000
RAX=0000000000000000 RBX=000002d000000000 RCX=0000000000000780 RDX=000000000000001a
RSI=0000030000000000 RDI=0000000000000018 RBP=ffffffff80219370 RSP=ffffffff80219370
R8 =0000032000000000 R9 =0000033000000000 R10=0000034000000000 R11=0000035000000000
R12=0000036000000000 R13=0000037000000000 R14=0000038000000000 R15=0000039000000000
RIP=ffffffff802000a9 RFL=00000246 [---Z-P-] CPL=0 II=0 A20=1 SMM=0 HLT=0
ES =0000 0000000000000000 00000000 00201300
CS =0008 0000000000000000 00000000 00209800 DPL=0 CS64 [---]
SS =0010 0000000000000000 00000000 00209300 DPL=0 DS   [-WA]
DS =0000 0000000000000000 00000000 00201300
FS =0000 0000000000000000 00000000 00201300
GS =0000 0000000000000000 00000000 00201300
LDT=0000 0000000000000000 0000ffff 00008200 DPL=0 LDT
TR =0028 ffffffff80215100 00000068 00008900 DPL=0 TSS64-avl
GDT=     ffffffff802043d0 00000037
IDT=     ffffffff802151e0 00000fff
CR0=80000011 CR2=0000000000000000 CR3=0000000000206000 CR4=00000020
DR0=0000000000000000 DR1=0000000000000000 DR2=0000000000000000 DR3=0000000000000000 
DR6=00000000ffff0ff0 DR7=0000000000000400
CCS=0000000000000044 CCD=fffffffffffffffd CCO=EFLAGS
EFER=0000000000000500
   465: v=20 e=0000 i=0 cpl=0 IP=0008:ffffffff802000a9 pc=ffffffff802000a9 SP=0010:ffffffff80219370 env->regs[R_EAX]=0000000000000000
RAX=0000000000000000 RBX=000002d000000000 RCX=0000000000000780 RDX=000000000000001a
RSI=0000030000000000 RDI=0000000000000018 RBP=ffffffff80219370 RSP=ffffffff80219370
R8 =0000032000000000 R9 =0000033000000000 R10=0000034000000000 R11=0000035000000000
R12=0000036000000000 R13=0000037000000000 R14=0000038000000000 R15=0000039000000000
RIP=ffffffff802000a9 RFL=00000246 [---Z-P-] CPL=0 II=0 A20=1 SMM=0 HLT=0
ES =0000 0000000000000000 00000000 00201300
CS =0008 0000000000000000 00000000 00209800 DPL=0 CS64 [---]
SS =0010 0000000000000000 00000000 00209300 DPL=0 DS   [-WA]
DS =0000 0000000000000000 00000000 00201300
FS =0000 0000000000000000 00000000 00201300
GS =0000 0000000000000000 00000000 00201300
LDT=0000 0000000000000000 0000ffff 00008200 DPL=0 LDT
TR =0028 ffffffff80215100 00000068 00008900 DPL=0 TSS64-avl
GDT=     ffffffff802043d0 00000037
IDT=     ffffffff802151e0 00000fff
CR0=80000011 CR2=0000000000000000 CR3=0000000000206000 CR4=00000020
DR0=0000000000000000 DR1=0000000000000000 DR2=0000000000000000 DR3=0000000000000000 
DR6=00000000ffff0ff0 DR7=0000000000000400
CCS=0000000000000044 CCD=fffffffffffffffe CCO=EFLAGS
EFER=0000000000000500
   466: v=20 e=0000 i=0 cpl=0 IP=0008:ffffffff802000a9 pc=ffffffff802000a9 SP=0010:ffffffff80219370 env->regs[R_EAX]=0000000000000000
RAX=0000000000000000 RBX=000002d000000000 RCX=0000000000000780 RDX=000000000000001a
RSI=0000030000000000 RDI=0000000000000018 RBP=ffffffff80219370 RSP=ffffffff80219370
R8 =0000032000000000 R9 =0000033000000000 R10=0000034000000000 R11=0000035000000000
R12=0000036000000000 R13=0000037000000000 R14=0000038000000000 R15=0000039000000000
RIP=ffffffff802000a9 RFL=00000246 [---Z-P-] CPL=0 II=0 A20=1 SMM=0 HLT=0
ES =0000 0000000000000000 00000000 00201300
CS =0008 0000000000000000 00000000 00209800 DPL=0 CS64 [---]
SS =0010 0000000000000000 00000000 00209300 DPL=0 DS   [-WA]
DS =0000 0000000000000000 00000000 00201300
FS =0000 0000000000000000 00000000 00201300
GS =0000 0000000000000000 00000000 00201300
LDT=0000 0000000000000000 0000ffff 00008200 DPL=0 LDT
TR =0028 ffffffff80215100 00000068 00008900 DPL=0 TSS64-avl
GDT=     ffffffff802043d0 00000037
IDT=     ffffffff802151e0 00000fff
CR0=80000011 CR2=0000000000000000 CR3=0000000000206000 CR4=00000020
DR0=0000000000000000 DR1=0000000000000000 DR2=0000000000000000 DR3=0000000000000000 
DR6=00000000ffff0ff0 DR7=0000000000000400
CCS=0000000000000044 CCD=ffffffffffffffff CCO=EFLAGS
EFER=0000000000000500
   467: v=20 e=0000 i=0 cpl=0 IP=0008:ffffffff802000a9 pc=ffffffff802000a9 SP=0010:ffffffff80219370 env->regs[R_EAX]=0000000000000000
RAX=0000000000000000 RBX=000002d000000000 RCX=0000000000000780 RDX=000000000000001a
RSI=0000030000000000 RDI=0000000000000018 RBP=ffffffff80219370 RSP=ffffffff80219370
R8 =0000032000000000 R9 =0000033000000000 R10=0000034000000000 R11=0000035000000000
R12=0000036000000000 R13=0000037000000000 R14=0000038000000000 R15=0000039000000000
RIP=ffffffff802000a9 RFL=00000246 [---Z-P-] CPL=0 II=0 A20=1 SMM=0 HLT=0
ES =0000 0000000000000000 00000000 00201300
CS =0008 0000000000000000 00000000 00209800 DPL=0 CS64 [---]
SS =0010 0000000000000000 00000000 00209300 DPL=0 DS   [-WA]
DS =0000 0000000000000000 00000000 00201300
FS =0000 0000000000000000 00000000 00201300
GS =0000 0000000000000000 00000000 00201300
LDT=0000 0000000000000000 0000ffff 00008200 DPL=0 LDT
TR =0028 ffffffff80215100 00000068 00008900 DPL=0 TSS64-avl
GDT=     ffffffff802043d0 00000037
IDT=     ffffffff802151e0 00000fff
CR0=80000011 CR2=0000000000000000 CR3=0000000000206000 CR4=00000020
DR0=0000000000000000 DR1=0000000000000000 DR2=0000000000000000 DR3=0000000000000000 
DR6=00000000ffff0ff0 DR7=0000000000000400
CCS=0000000000000044 CCD=0000000000000000 CCO=EFLAGS
EFER=0000000000000500
   468: v=20 e=0000 i=0 cpl=3 IP=001b:000000000040007c pc=000000000040007c SP=0023:00007fffffffffe8 env->regs[R_EAX]=ffffffff8021822d
RAX=ffffffff8021822d RBX=0000000000000000 RCX=0000000000000780 RDX=0000000000000008
RSI=00007ffffffffff0 RDI=ffffffff8021822d RBP=00007fffffffffe8 RSP=00007fffffffffe8
R8 =0000000000000000 R9 =0000000000000000 R10=0000000000000000 R11=0000000000000000
R12=0000000000000000 R13=0000000000000000 R14=0000000000000000 R15=0000000000000000
RIP=000000000040007c RFL=00000202 [-------] CPL=3 II=0 A20=1 SMM=0 HLT=0
ES =0000 0000000000000000 00000000 00201300
CS =001b 0000000000000000 ffffffff 00affa00 DPL=3 CS64 [-R-]
SS =0023 0000000000000000 ffffffff 008ff200 DPL=3 DS   [-W-]
DS =0000 0000000000000000 00000000 00201300
FS =0000 0000000000000000 00000000 00201300
GS =0000 0000000000000000 00000000 00201300
LDT=0000 0000000000000000 0000ffff 00008200 DPL=0 LDT
TR =0028 ffffffff80215100 00000068 00008900 DPL=0 TSS64-avl
GDT=     ffffffff802043d0 00000037
IDT=     ffffffff802151e0 00000fff
CR0=80000011 CR2=0000000000000000 CR3=0000000000206000 CR4=00000020
DR0=0000000000000000 DR1=0000000000000000 DR2=0000000000000000 DR3=0000000000000000 
DR6=00000000ffff0ff0 DR7=0000000000000400
CCS=0000000000000000 CCD=000000000000001a CCO=EFLAGS
EFER=0000000000000500
   469: v=20 e=0000 i=0 cpl=3 IP=001b:000000000040007c pc=000000000040007c SP=0023:00007fffffffffe8 env->regs[R_EAX]=ffffffff8021822d
RAX=ffffffff8021822d RBX=0000000000000000 RCX=0000000000000780 RDX=0000000000000008
RSI=00007ffffffffff0 RDI=ffffffff8021822d RBP=00007fffffffffe8 RSP=00007fffffffffe8
R8 =0000000000000000 R9 =0000000000000000 R10=0000000000000000 R11=0000000000000000
R12=0000000000000000 R13=0000000000000000 R14=0000000000000000 R15=0000000000000000
RIP=000000000040007c RFL=00000202 [-------] CPL=3 II=0 A20=1 SMM=0 HLT=0
ES =0000 0000000000000000 00000000 00201300
CS =001b 0000000000000000 ffffffff 00affa00 DPL=3 CS64 [-R-]
SS =0023 0000000000000000 ffffffff 008ff200 DPL=3 DS   [-W-]
DS =0000 0000000000000000 00000000 00201300
FS =0000 0000000000000000 00000000 00201300
GS =0000 0000000000000000 00000000 00201300
LDT=0000 0000000000000000 0000ffff 00008200 DPL=0 LDT
TR =0028 ffffffff80215100 00000068 00008900 DPL=0 TSS64-avl
GDT=     ffffffff802043d0 00000037
IDT=     ffffffff802151e0 00000fff
CR0=80000011 CR2=0000000000000000 CR3=0000000000206000 CR4=00000020
DR0=0000000000000000 DR1=0000000000000000 DR2=0000000000000000 DR3=0000000000000000 
DR6=00000000ffff0ff0 DR7=0000000000000400
CCS=0000000000000000 CCD=fffffffffffffff0 CCO=EFLAGS
EFER=0000000000000500
   470: v=20 e=0000 i=0 cpl=3 IP=001b:000000000040007c pc=000000000040007c SP=0023:00007fffffffffe8 env->regs[R_EAX]=ffffffff8021822d
RAX=ffffffff8021822d RBX=0000000000000000 RCX=0000000000000780 RDX=0000000000000008
RSI=00007ffffffffff0 RDI=ffffffff8021822d RBP=00007fffffffffe8 RSP=00007fffffffffe8
R8 =0000000000000000 R9 =0000000000000000 R10=0000000000000000 R11=0000000000000000
R12=0000000000000000 R13=0000000000000000 R14=0000000000000000 R15=0000000000000000
RIP=000000000040007c RFL=00000202 [-------] CPL=3 II=0 A20=1 SMM=0 HLT=0
ES =0000 0000000000000000 00000000 00201300
CS =001b 0000000000000000 ffffffff 00affa00 DPL=3 CS64 [-R-]
SS =0023 0000000000000000 ffffffff 008ff200 DPL=3 DS   [-W-]
DS =0000 0000000000000000 00000000 00201300
FS =0000 0000000000000000 00000000 00201300
GS =0000 0000000000000000 00000000 00201300
LDT=0000 0000000000000000 0000ffff 00008200 DPL=0 LDT
TR =0028 ffffffff80215100 00000068 00008900 DPL=0 TSS64-avl
GDT=     ffffffff802043d0 00000037
IDT=     ffffffff802151e0 00000fff
CR0=80000011 CR2=0000000000000000 CR3=0000000000206000 CR4=00000020
DR0=0000000000000000 DR1=0000000000000000 DR2=0000000000000000 DR3=0000000000000000 
DR6=00000000ffff0ff0 DR7=0000000000000400
CCS=0000000000000000 CCD=fffffffffffffff1 CCO=EFLAGS
EFER=0000000000000500
   471: v=20 e=0000 i=0 cpl=3 IP=001b:000000000040007c pc=000000000040007c SP=0023:00007fffffffffe8 env->regs[R_EAX]=ffffffff8021822d
RAX=ffffffff8021822d RBX=0000000000000000 RCX=0000000000000780 RDX=0000000000000008
RSI=00007ffffffffff0 RDI=ffffffff8021822d RBP=00007fffffffffe8 RSP=00007fffffffffe8
R8 =0000000000000000 R9 =0000000000000000 R10=0000000000000000 R11=0000000000000000
R12=0000000000000000 R13=0000000000000000 R14=0000000000000000 R15=0000000000000000
RIP=000000000040007c RFL=00000202 [-------] CPL=3 II=0 A20=1 SMM=0 HLT=0
ES =0000 0000000000000000 00000000 00201300
CS =001b 0000000000000000 ffffffff 00affa00 DPL=3 CS64 [-R-]
SS =0023 0000000000000000 ffffffff 008ff200 DPL=3 DS   [-W-]
DS =0000 0000000000000000 00000000 00201300
FS =0000 0000000000000000 00000000 00201300
GS =0000 0000000000000000 00000000 00201300
LDT=0000 0000000000000000 0000ffff 00008200 DPL=0 LDT
TR =0028 ffffffff80215100 00000068 00008900 DPL=0 TSS64-avl
GDT=     ffffffff802043d0 00000037
IDT=     ffffffff802151e0 00000fff
CR0=80000011 CR2=0000000000000000 CR3=0000000000206000 CR4=00000020
DR0=0000000000000000 DR1=0000000000000000 DR2=0000000000000000 DR3=0000000000000000 
DR6=00000000ffff0ff0 DR7=0000000000000400
CCS=0000000000000000 CCD=fffffffffffffff2 CCO=EFLAGS
EFER=0000000000000500
   472: v=20 e=0000 i=0 cpl=3 IP=001b:000000000040007c pc=000000000040007c SP=0023:00007fffffffffe8 env->regs[R_EAX]=ffffffff8021822d
RAX=ffffffff8021822d RBX=0000000000000000 RCX=0000000000000780 RDX=0000000000000008
RSI=00007ffffffffff0 RDI=ffffffff8021822d RBP=00007fffffffffe8 RSP=00007fffffffffe8
R8 =0000000000000000 R9 =0000000000000000 R10=0000000000000000 R11=0000000000000000
R12=0000000000000000 R13=0000000000000000 R14=0000000000000000 R15=0000000000000000
RIP=000000000040007c RFL=00000202 [-------] CPL=3 II=0 A20=1 SMM=0 HLT=0
ES =0000 0000000000000000 00000000 00201300
CS =001b 0000000000000000 ffffffff 00affa00 DPL=3 CS64 [-R-]
SS =0023 0000000000000000 ffffffff 008ff200 DPL=3 DS   [-W-]
DS =0000 0000000000000000 00000000 00201300
FS =0000 0000000000000000 00000000 00201300
GS =0000 0000000000000000 00000000 00201300
LDT=0000 0000000000000000 0000ffff 00008200 DPL=0 LDT
TR =0028 ffffffff80215100 00000068 00008900 DPL=0 TSS64-avl
GDT=     ffffffff802043d0 00000037
IDT=     ffffffff802151e0 00000fff
CR0=80000011 CR2=0000000000000000 CR3=0000000000206000 CR4=00000020
DR0=0000000000000000 DR1=0000000000000000 DR2=0000000000000000 DR3=0000000000000000 
DR6=00000000ffff0ff0 DR7=0000000000000400
CCS=0000000000000000 CCD=fffffffffffffff3 CCO=EFLAGS
EFER=0000000000000500
   473: v=20 e=0000 i=0 cpl=3 IP=001b:000000000040007c pc=000000000040007c SP=0023:00007fffffffffe8 env->regs[R_EAX]=ffffffff8021822d
RAX=ffffffff8021822d RBX=0000000000000000 RCX=0000000000000780 RDX=0000000000000008
RSI=00007ffffffffff0 RDI=ffffffff8021822d RBP=00007fffffffffe8 RSP=00007fffffffffe8
R8 =0000000000000000 R9 =0000000000000000 R10=0000000000000000 R11=0000000000000000
R12=0000000000000000 R13=0000000000000000 R14=0000000000000000 R15=0000000000000000
RIP=000000000040007c RFL=00000202 [-------] CPL=3 II=0 A20=1 SMM=0 HLT=0
ES =0000 0000000000000000 00000000 00201300
CS =001b 0000000000000000 ffffffff 00affa00 DPL=3 CS64 [-R-]
SS =0023 0000000000000000 ffffffff 008ff200 DPL=3 DS   [-W-]
DS =0000 0000000000000000 00000000 00201300
FS =0000 0000000000000000 00000000 00201300
GS =0000 0000000000000000 00000000 00201300
LDT=0000 0000000000000000 0000ffff 00008200 DPL=0 LDT
TR =0028 ffffffff80215100 00000068 00008900 DPL=0 TSS64-avl
GDT=     ffffffff802043d0 00000037
IDT=     ffffffff802151e0 00000fff
CR0=80000011 CR2=0000000000000000 CR3=0000000000206000 CR4=00000020
DR0=0000000000000000 DR1=0000000000000000 DR2=0000000000000000 DR3=0000000000000000 
DR6=00000000ffff0ff0 DR7=0000000000000400
CCS=0000000000000000 CCD=fffffffffffffff4 CCO=EFLAGS
EFER=0000000000000500
   474: v=20 e=0000 i=0 cpl=3 IP=001b:000000000040007c pc=000000000040007c SP=0023:00007fffffffffe8 env->regs[R_EAX]=ffffffff8021822d
RAX=ffffffff8021822d RBX=0000000000000000 RCX=0000000000000780 RDX=0000000000000008
RSI=00007ffffffffff0 RDI=ffffffff8021822d RBP=00007fffffffffe8 RSP=00007fffffffffe8
R8 =0000000000000000 R9 =0000000000000000 R10=0000000000000000 R11=0000000000000000
R12=0000000000000000 R13=0000000000000000 R14=0000000000000000 R15=0000000000000000
RIP=000000000040007c RFL=00000202 [-------] CPL=3 II=0 A20=1 SMM=0 HLT=0
ES =0000 0000000000000000 00000000 00201300
CS =001b 0000000000000000 ffffffff 00affa00 DPL=3 CS64 [-R-]
SS =0023 0000000000000000 ffffffff 008ff200 DPL=3 DS   [-W-]
DS =0000 0000000000000000 00000000 00201300
FS =0000 0000000000000000 00000000 00201300
GS =0000 0000000000000000 00000000 00201300
LDT=0000 0000000000000000 0000ffff 00008200 DPL=0 LDT
TR =0028 ffffffff80215100 00000068 00008900 DPL=0 TSS64-avl
GDT=     ffffffff802043d0 00000037
IDT=     ffffffff802151e0 00000fff
CR0=80000011 CR2=0000000000000000 CR3=0000000000206000 CR4=00000020
DR0=0000000000000000 DR1=0000000000000000 DR2=0000000000000000 DR3=0000000000000000 
DR6=00000000ffff0ff0 DR7=0000000000000400
CCS=0000000000000000 CCD=fffffffffffffff5 CCO=EFLAGS
EFER=0000000000000500
   475: v=20 e=0000 i=0 cpl=3 IP=001b:000000000040007c pc=000000000040007c SP=0023:00007fffffffffe8 env->regs[R_EAX]=ffffffff8021822d
RAX=ffffffff8021822d RBX=0000000000000000 RCX=0000000000000780 RDX=0000000000000008
RSI=00007ffffffffff0 RDI=ffffffff8021822d RBP=00007fffffffffe8 RSP=00007fffffffffe8
R8 =0000000000000000 R9 =0000000000000000 R10=0000000000000000 R11=0000000000000000
R12=0000000000000000 R13=0000000000000000 R14=0000000000000000 R15=0000000000000000
RIP=000000000040007c RFL=00000202 [-------] CPL=3 II=0 A20=1 SMM=0 HLT=0
ES =0000 0000000000000000 00000000 00201300
CS =001b 0000000000000000 ffffffff 00affa00 DPL=3 CS64 [-R-]
SS =0023 0000000000000000 ffffffff 008ff200 DPL=3 DS   [-W-]
DS =0000 0000000000000000 00000000 00201300
FS =0000 0000000000000000 00000000 00201300
GS =0000 0000000000000000 00000000 00201300
LDT=0000 0000000000000000 0000ffff 00008200 DPL=0 LDT
TR =0028 ffffffff80215100 00000068 00008900 DPL=0 TSS64-avl
GDT=     ffffffff802043d0 00000037
IDT=     ffffffff802151e0 00000fff
CR0=80000011 CR2=0000000000000000 CR3=0000000000206000 CR4=00000020
DR0=0000000000000000 DR1=0000000000000000 DR2=0000000000000000 DR3=0000000000000000 
DR6=00000000ffff0ff0 DR7=0000000000000400
CCS=0000000000000000 CCD=fffffffffffffff6 CCO=EFLAGS
EFER=0000000000000500
   476: v=20 e=0000 i=0 cpl=3 IP=001b:000000000040007c pc=000000000040007c SP=0023:00007fffffffffe8 env->regs[R_EAX]=ffffffff8021822d
RAX=ffffffff8021822d RBX=0000000000000000 RCX=0000000000000780 RDX=0000000000000008
RSI=00007ffffffffff0 RDI=ffffffff8021822d RBP=00007fffffffffe8 RSP=00007fffffffffe8
R8 =0000000000000000 R9 =0000000000000000 R10=0000000000000000 R11=0000000000000000
R12=0000000000000000 R13=0000000000000000 R14=0000000000000000 R15=0000000000000000
RIP=000000000040007c RFL=00000202 [-------] CPL=3 II=0 A20=1 SMM=0 HLT=0
ES =0000 0000000000000000 00000000 00201300
CS =001b 0000000000000000 ffffffff 00affa00 DPL=3 CS64 [-R-]
SS =0023 0000000000000000 ffffffff 008ff200 DPL=3 DS   [-W-]
DS =0000 0000000000000000 00000000 00201300
FS =0000 0000000000000000 00000000 00201300
GS =0000 0000000000000000 00000000 00201300
LDT=0000 0000000000000000 0000ffff 00008200 DPL=0 LDT
TR =0028 ffffffff80215100 00000068 00008900 DPL=0 TSS64-avl
GDT=     ffffffff802043d0 00000037
IDT=     ffffffff802151e0 00000fff
CR0=80000011 CR2=0000000000000000 CR3=0000000000206000 CR4=00000020
DR0=0000000000000000 DR1=0000000000000000 DR2=0000000000000000 DR3=0000000000000000 
DR6=00000000ffff0ff0 DR7=0000000000000400
CCS=0000000000000000 CCD=fffffffffffffff7 CCO=EFLAGS
EFER=0000000000000500
   477: v=20 e=0000 i=0 cpl=3 IP=001b:000000000040007c pc=000000000040007c SP=0023:00007fffffffffe8 env->regs[R_EAX]=ffffffff8021822d
RAX=ffffffff8021822d RBX=0000000000000000 RCX=0000000000000780 RDX=0000000000000008
RSI=00007ffffffffff0 RDI=ffffffff8021822d RBP=00007fffffffffe8 RSP=00007fffffffffe8
R8 =0000000000000000 R9 =0000000000000000 R10=0000000000000000 R11=0000000000000000
R12=0000000000000000 R13=0000000000000000 R14=0000000000000000 R15=0000000000000000
RIP=000000000040007c RFL=00000202 [-------] CPL=3 II=0 A20=1 SMM=0 HLT=0
ES =0000 0000000000000000 00000000 00201300
CS =001b 0000000000000000 ffffffff 00affa00 DPL=3 CS64 [-R-]
SS =0023 0000000000000000 ffffffff 008ff200 DPL=3 DS   [-W-]
DS =0000 0000000000000000 00000000 00201300
FS =0000 0000000000000000 00000000 00201300
GS =0000 0000000000000000 00000000 00201300
LDT=0000 0000000000000000 0000ffff 00008200 DPL=0 LDT
TR =0028 ffffffff80215100 00000068 00008900 DPL=0 TSS64-avl
GDT=     ffffffff802043d0 00000037
IDT=     ffffffff802151e0 00000fff
CR0=80000011 CR2=0000000000000000 CR3=0000000000206000 CR4=00000020
DR0=0000000000000000 DR1=0000000000000000 DR2=0000000000000000 DR3=0000000000000000 
DR6=00000000ffff0ff0 DR7=0000000000000400
CCS=0000000000000000 CCD=fffffffffffffff8 CCO=EFLAGS
EFER=0000000000000500
   478: v=20 e=0000 i=0 cpl=3 IP=001b:000000000040007c pc=000000000040007c SP=0023:00007fffffffffe8 env->regs[R_EAX]=ffffffff8021822d
RAX=ffffffff8021822d RBX=0000000000000000 RCX=0000000000000780 RDX=0000000000000008
RSI=00007ffffffffff0 RDI=ffffffff8021822d RBP=00007fffffffffe8 RSP=00007fffffffffe8
R8 =0000000000000000 R9 =0000000000000000 R10=0000000000000000 R11=0000000000000000
R12=0000000000000000 R13=0000000000000000 R14=0000000000000000 R15=0000000000000000
RIP=000000000040007c RFL=00000202 [-------] CPL=3 II=0 A20=1 SMM=0 HLT=0
ES =0000 0000000000000000 00000000 00201300
CS =001b 0000000000000000 ffffffff 00affa00 DPL=3 CS64 [-R-]
SS =0023 0000000000000000 ffffffff 008ff200 DPL=3 DS   [-W-]
DS =0000 0000000000000000 00000000 00201300
FS =0000 0000000000000000 00000000 00201300
GS =0000 0000000000000000 00000000 00201300
LDT=0000 0000000000000000 0000ffff 00008200 DPL=0 LDT
TR =0028 ffffffff80215100 00000068 00008900 DPL=0 TSS64-avl
GDT=     ffffffff802043d0 00000037
IDT=     ffffffff802151e0 00000fff
CR0=80000011 CR2=0000000000000000 CR3=0000000000206000 CR4=00000020
DR0=0000000000000000 DR1=0000000000000000 DR2=0000000000000000 DR3=0000000000000000 
DR6=00000000ffff0ff0 DR7=0000000000000400
CCS=0000000000000000 CCD=fffffffffffffff9 CCO=EFLAGS
EFER=0000000000000500
   479: v=20 e=0000 i=0 cpl=3 IP=001b:000000000040007c pc=000000000040007c SP=0023:00007fffffffffe8 env->regs[R_EAX]=ffffffff8021822d
RAX=ffffffff8021822d RBX=0000000000000000 RCX=0000000000000780 RDX=0000000000000008
RSI=00007ffffffffff0 RDI=ffffffff8021822d RBP=00007fffffffffe8 RSP=00007fffffffffe8
R8 =0000000000000000 R9 =0000000000000000 R10=0000000000000000 R11=0000000000000000
R12=0000000000000000 R13=0000000000000000 R14=0000000000000000 R15=0000000000000000
RIP=000000000040007c RFL=00000202 [-------] CPL=3 II=0 A20=1 SMM=0 HLT=0
ES =0000 0000000000000000 00000000 00201300
CS =001b 0000000000000000 ffffffff 00affa00 DPL=3 CS64 [-R-]
SS =0023 0000000000000000 ffffffff 008ff200 DPL=3 DS   [-W-]
DS =0000 0000000000000000 00000000 00201300
FS =0000 0000000000000000 00000000 00201300
GS =0000 0000000000000000 00000000 00201300
LDT=0000 0000000000000000 0000ffff 00008200 DPL=0 LDT
TR =0028 ffffffff80215100 00000068 00008900 DPL=0 TSS64-avl
GDT=     ffffffff802043d0 00000037
IDT=     ffffffff802151e0 00000fff
CR0=80000011 CR2=0000000000000000 CR3=0000000000206000 CR4=00000020
DR0=0000000000000000 DR1=0000000000000000 DR2=0000000000000000 DR3=0000000000000000 
DR6=00000000ffff0ff0 DR7=0000000000000400
CCS=0000000000000000 CCD=fffffffffffffffa CCO=EFLAGS
EFER=0000000000000500
   480: v=20 e=0000 i=0 cpl=3 IP=001b:000000000040007c pc=000000000040007c SP=0023:00007fffffffffe8 env->regs[R_EAX]=ffffffff8021822d
RAX=ffffffff8021822d RBX=0000000000000000 RCX=0000000000000780 RDX=0000000000000008
RSI=00007ffffffffff0 RDI=ffffffff8021822d RBP=00007fffffffffe8 RSP=00007fffffffffe8
R8 =0000000000000000 R9 =0000000000000000 R10=0000000000000000 R11=0000000000000000
R12=0000000000000000 R13=0000000000000000 R14=0000000000000000 R15=0000000000000000
RIP=000000000040007c RFL=00000202 [-------] CPL=3 II=0 A20=1 SMM=0 HLT=0
ES =0000 0000000000000000 00000000 00201300
CS =001b 0000000000000000 ffffffff 00affa00 DPL=3 CS64 [-R-]
SS =0023 0000000000000000 ffffffff 008ff200 DPL=3 DS   [-W-]
DS =0000 0000000000000000 00000000 00201300
FS =0000 0000000000000000 00000000 00201300
GS =0000 0000000000000000 00000000 00201300
LDT=0000 0000000000000000 0000ffff 00008200 DPL=0 LDT
TR =0028 ffffffff80215100 00000068 00008900 DPL=0 TSS64-avl
GDT=     ffffffff802043d0 00000037
IDT=     ffffffff802151e0 00000fff
CR0=80000011 CR2=0000000000000000 CR3=0000000000206000 CR4=00000020
DR0=0000000000000000 DR1=0000000000000000 DR2=0000000000000000 DR3=0000000000000000 
DR6=00000000ffff0ff0 DR7=0000000000000400
CCS=0000000000000000 CCD=fffffffffffffffb CCO=EFLAGS
EFER=0000000000000500
   481: v=20 e=0000 i=0 cpl=3 IP=001b:000000000040007c pc=000000000040007c SP=0023:00007fffffffffe8 env->regs[R_EAX]=ffffffff8021822d
RAX=ffffffff8021822d RBX=0000000000000000 RCX=0000000000000780 RDX=0000000000000008
RSI=00007ffffffffff0 RDI=ffffffff8021822d RBP=00007fffffffffe8 RSP=00007fffffffffe8
R8 =0000000000000000 R9 =0000000000000000 R10=0000000000000000 R11=0000000000000000
R12=0000000000000000 R13=0000000000000000 R14=0000000000000000 R15=0000000000000000
RIP=000000000040007c RFL=00000202 [-------] CPL=3 II=0 A20=1 SMM=0 HLT=0
ES =0000 0000000000000000 00000000 00201300
CS =001b 0000000000000000 ffffffff 00affa00 DPL=3 CS64 [-R-]
SS =0023 0000000000000000 ffffffff 008ff200 DPL=3 DS   [-W-]
DS =0000 0000000000000000 00000000 00201300
FS =0000 0000000000000000 00000000 00201300
GS =0000 0000000000000000 00000000 00201300
LDT=0000 0000000000000000 0000ffff 00008200 DPL=0 LDT
TR =0028 ffffffff80215100 00000068 00008900 DPL=0 TSS64-avl
GDT=     ffffffff802043d0 00000037
IDT=     ffffffff802151e0 00000fff
CR0=80000011 CR2=0000000000000000 CR3=0000000000206000 CR4=00000020
DR0=0000000000000000 DR1=0000000000000000 DR2=0000000000000000 DR3=0000000000000000 
DR6=00000000ffff0ff0 DR7=0000000000000400
CCS=0000000000000000 CCD=fffffffffffffffc CCO=EFLAGS
EFER=0000000000000500
   482: v=20 e=0000 i=0 cpl=3 IP=001b:000000000040007c pc=000000000040007c SP=0023:00007fffffffffe8 env->regs[R_EAX]=ffffffff8021822d
RAX=ffffffff8021822d RBX=0000000000000000 RCX=0000000000000780 RDX=0000000000000008
RSI=00007ffffffffff0 RDI=ffffffff8021822d RBP=00007fffffffffe8 RSP=00007fffffffffe8
R8 =0000000000000000 R9 =0000000000000000 R10=0000000000000000 R11=0000000000000000
R12=0000000000000000 R13=0000000000000000 R14=0000000000000000 R15=0000000000000000
RIP=000000000040007c RFL=00000202 [-------] CPL=3 II=0 A20=1 SMM=0 HLT=0
ES =0000 0000000000000000 00000000 00201300
CS =001b 0000000000000000 ffffffff 00affa00 DPL=3 CS64 [-R-]
SS =0023 0000000000000000 ffffffff 008ff200 DPL=3 DS   [-W-]
DS =0000 0000000000000000 00000000 00201300
FS =0000 0000000000000000 00000000 00201300
GS =0000 0000000000000000 00000000 00201300
LDT=0000 0000000000000000 0000ffff 00008200 DPL=0 LDT
TR =0028 ffffffff80215100 00000068 00008900 DPL=0 TSS64-avl
GDT=     ffffffff802043d0 00000037
IDT=     ffffffff802151e0 00000fff
CR0=80000011 CR2=0000000000000000 CR3=0000000000206000 CR4=00000020
DR0=0000000000000000 DR1=0000000000000000 DR2=0000000000000000 DR3=0000000000000000 
DR6=00000000ffff0ff0 DR7=0000000000000400
CCS=0000000000000000 CCD=fffffffffffffffd CCO=EFLAGS
EFER=0000000000000500
   483: v=20 e=0000 i=0 cpl=3 IP=001b:000000000040007c pc=000000000040007c SP=0023:00007fffffffffe8 env->regs[R_EAX]=ffffffff8021822d
RAX=ffffffff8021822d RBX=0000000000000000 RCX=0000000000000780 RDX=0000000000000008
RSI=00007ffffffffff0 RDI=ffffffff8021822d RBP=00007fffffffffe8 RSP=00007fffffffffe8
R8 =0000000000000000 R9 =0000000000000000 R10=0000000000000000 R11=0000000000000000
R12=0000000000000000 R13=0000000000000000 R14=0000000000000000 R15=0000000000000000
RIP=000000000040007c RFL=00000202 [-------] CPL=3 II=0 A20=1 SMM=0 HLT=0
ES =0000 0000000000000000 00000000 00201300
CS =001b 0000000000000000 ffffffff 00affa00 DPL=3 CS64 [-R-]
SS =0023 0000000000000000 ffffffff 008ff200 DPL=3 DS   [-W-]
DS =0000 0000000000000000 00000000 00201300
FS =0000 0000000000000000 00000000 00201300
GS =0000 0000000000000000 00000000 00201300
LDT=0000 0000000000000000 0000ffff 00008200 DPL=0 LDT
TR =0028 ffffffff80215100 00000068 00008900 DPL=0 TSS64-avl
GDT=     ffffffff802043d0 00000037
IDT=     ffffffff802151e0 00000fff
CR0=80000011 CR2=0000000000000000 CR3=0000000000206000 CR4=00000020
DR0=0000000000000000 DR1=0000000000000000 DR2=0000000000000000 DR3=0000000000000000 
DR6=00000000ffff0ff0 DR7=0000000000000400
CCS=0000000000000000 CCD=fffffffffffffffe CCO=EFLAGS
EFER=0000000000000500
   484: v=20 e=0000 i=0 cpl=3 IP=001b:000000000040007c pc=000000000040007c SP=0023:00007fffffffffe8 env->regs[R_EAX]=ffffffff8021822d
RAX=ffffffff8021822d RBX=0000000000000000 RCX=0000000000000780 RDX=0000000000000008
RSI=00007ffffffffff0 RDI=ffffffff8021822d RBP=00007fffffffffe8 RSP=00007fffffffffe8
R8 =0000000000000000 R9 =0000000000000000 R10=0000000000000000 R11=0000000000000000
R12=0000000000000000 R13=0000000000000000 R14=0000000000000000 R15=0000000000000000
RIP=000000000040007c RFL=00000202 [-------] CPL=3 II=0 A20=1 SMM=0 HLT=0
ES =0000 0000000000000000 00000000 00201300
CS =001b 0000000000000000 ffffffff 00affa00 DPL=3 CS64 [-R-]
SS =0023 0000000000000000 ffffffff 008ff200 DPL=3 DS   [-W-]
DS =0000 0000000000000000 00000000 00201300
FS =0000 0000000000000000 00000000 00201300
GS =0000 0000000000000000 00000000 00201300
LDT=0000 0000000000000000 0000ffff 00008200 DPL=0 LDT
TR =0028 ffffffff80215100 00000068 00008900 DPL=0 TSS64-avl
GDT=     ffffffff802043d0 00000037
IDT=     ffffffff802151e0 00000fff
CR0=80000011 CR2=0000000000000000 CR3=0000000000206000 CR4=00000020
DR0=0000000000000000 DR1=0000000000000000 DR2=0000000000000000 DR3=0000000000000000 
DR6=00000000ffff0ff0 DR7=0000000000000400
CCS=0000000000000000 CCD=ffffffffffffffff CCO=EFLAGS
EFER=0000000000000500
   485: v=20 e=0000 i=0 cpl=3 IP=001b:000000000040007c pc=000000000040007c SP=0023:00007fffffffffe8 env->regs[R_EAX]=ffffffff8021822d
RAX=ffffffff8021822d RBX=0000000000000000 RCX=0000000000000780 RDX=0000000000000008
RSI=00007ffffffffff0 RDI=ffffffff8021822d RBP=00007fffffffffe8 RSP=00007fffffffffe8
R8 =0000000000000000 R9 =0000000000000000 R10=0000000000000000 R11=0000000000000000
R12=0000000000000000 R13=0000000000000000 R14=0000000000000000 R15=0000000000000000
RIP=000000000040007c RFL=00000202 [-------] CPL=3 II=0 A20=1 SMM=0 HLT=0
ES =0000 0000000000000000 00000000 00201300
CS =001b 0000000000000000 ffffffff 00affa00 DPL=3 CS64 [-R-]
SS =0023 0000000000000000 ffffffff 008ff200 DPL=3 DS   [-W-]
DS =0000 0000000000000000 00000000 00201300
FS =0000 0000000000000000 00000000 00201300
GS =0000 0000000000000000 00000000 00201300
LDT=0000 0000000000000000 0000ffff 00008200 DPL=0 LDT
TR =0028 ffffffff80215100 00000068 00008900 DPL=0 TSS64-avl
GDT=     ffffffff802043d0 00000037
IDT=     ffffffff802151e0 00000fff
CR0=80000011 CR2=0000000000000000 CR3=0000000000206000 CR4=00000020
DR0=0000000000000000 DR1=0000000000000000 DR2=0000000000000000 DR3=0000000000000000 
DR6=00000000ffff0ff0 DR7=0000000000000400
CCS=0000000000000000 CCD=0000000000000000 CCO=EFLAGS
EFER=0000000000000500
   486: v=20 e=0000 i=0 cpl=0 IP=0008:ffffffff802000a9 pc=ffffffff802000a9 SP=0010:ffffffff80219370 env->regs[R_EAX]=0000000000000000
RAX=0000000000000000 RBX=000002d000000000 RCX=0000000000000780 RDX=000000000000001a
RSI=0000030000000000 RDI=0000000000000018 RBP=ffffffff80219370 RSP=ffffffff80219370
R8 =0000032000000000 R9 =0000033000000000 R10=0000034000000000 R11=0000035000000000
R12=0000036000000000 R13=0000037000000000 R14=0000038000000000 R15=0000039000000000
RIP=ffffffff802000a9 RFL=00000246 [---Z-P-] CPL=0 II=0 A20=1 SMM=0 HLT=0
ES =0000 0000000000000000 00000000 00201300
CS =0008 0000000000000000 00000000 00209800 DPL=0 CS64 [---]
SS =0010 0000000000000000 00000000 00209300 DPL=0 DS   [-WA]
DS =0000 0000000000000000 00000000 00201300
FS =0000 0000000000000000 00000000 00201300
GS =0000 0000000000000000 00000000 00201300
LDT=0000 0000000000000000 0000ffff 00008200 DPL=0 LDT
TR =0028 ffffffff80215100 00000068 00008900 DPL=0 TSS64-avl
GDT=     ffffffff802043d0 00000037
IDT=     ffffffff802151e0 00000fff
CR0=80000011 CR2=0000000000000000 CR3=0000000000206000 CR4=00000020
DR0=0000000000000000 DR1=0000000000000000 DR2=0000000000000000 DR3=0000000000000000 
DR6=00000000ffff0ff0 DR7=0000000000000400
CCS=0000000000000044 CCD=000000000000001b CCO=EFLAGS
EFER=0000000000000500
   487: v=20 e=0000 i=0 cpl=0 IP=0008:ffffffff802000a9 pc=ffffffff802000a9 SP=0010:ffffffff80219370 env->regs[R_EAX]=0000000000000000
RAX=0000000000000000 RBX=000002d000000000 RCX=0000000000000780 RDX=000000000000001a
RSI=0000030000000000 RDI=0000000000000018 RBP=ffffffff80219370 RSP=ffffffff80219370
R8 =0000032000000000 R9 =0000033000000000 R10=0000034000000000 R11=0000035000000000
R12=0000036000000000 R13=0000037000000000 R14=0000038000000000 R15=0000039000000000
RIP=ffffffff802000a9 RFL=00000246 [---Z-P-] CPL=0 II=0 A20=1 SMM=0 HLT=0
ES =0000 0000000000000000 00000000 00201300
CS =0008 0000000000000000 00000000 00209800 DPL=0 CS64 [---]
SS =0010 0000000000000000 00000000 00209300 DPL=0 DS   [-WA]
DS =0000 0000000000000000 00000000 00201300
FS =0000 0000000000000000 00000000 00201300
GS =0000 0000000000000000 00000000 00201300
LDT=0000 0000000000000000 0000ffff 00008200 DPL=0 LDT
TR =0028 ffffffff80215100 00000068 00008900 DPL=0 TSS64-avl
GDT=     ffffffff802043d0 00000037
IDT=     ffffffff802151e0 00000fff
CR0=80000011 CR2=0000000000000000 CR3=0000000000206000 CR4=00000020
DR0=0000000000000000 DR1=0000000000000000 DR2=0000000000000000 DR3=0000000000000000 
DR6=00000000ffff0ff0 DR7=0000000000000400
CCS=0000000000000044 CCD=fffffffffffffff0 CCO=EFLAGS
EFER=0000000000000500
   488: v=20 e=0000 i=0 cpl=0 IP=0008:ffffffff802000a9 pc=ffffffff802000a9 SP=0010:ffffffff80219370 env->regs[R_EAX]=0000000000000000
RAX=0000000000000000 RBX=000002d000000000 RCX=0000000000000780 RDX=000000000000001a
RSI=0000030000000000 RDI=0000000000000018 RBP=ffffffff80219370 RSP=ffffffff80219370
R8 =0000032000000000 R9 =0000033000000000 R10=0000034000000000 R11=0000035000000000
R12=0000036000000000 R13=0000037000000000 R14=0000038000000000 R15=0000039000000000
RIP=ffffffff802000a9 RFL=00000246 [---Z-P-] CPL=0 II=0 A20=1 SMM=0 HLT=0
ES =0000 0000000000000000 00000000 00201300
CS =0008 0000000000000000 00000000 00209800 DPL=0 CS64 [---]
SS =0010 0000000000000000 00000000 00209300 DPL=0 DS   [-WA]
DS =0000 0000000000000000 00000000 00201300
FS =0000 0000000000000000 00000000 00201300
GS =0000 0000000000000000 00000000 00201300
LDT=0000 0000000000000000 0000ffff 00008200 DPL=0 LDT
TR =0028 ffffffff80215100 00000068 00008900 DPL=0 TSS64-avl
GDT=     ffffffff802043d0 00000037
IDT=     ffffffff802151e0 00000fff
CR0=80000011 CR2=0000000000000000 CR3=0000000000206000 CR4=00000020
DR0=0000000000000000 DR1=0000000000000000 DR2=0000000000000000 DR3=0000000000000000 
DR6=00000000ffff0ff0 DR7=0000000000000400
CCS=0000000000000044 CCD=fffffffffffffff1 CCO=EFLAGS
EFER=0000000000000500
   489: v=20 e=0000 i=0 cpl=0 IP=0008:ffffffff802000a9 pc=ffffffff802000a9 SP=0010:ffffffff80219370 env->regs[R_EAX]=0000000000000000
RAX=0000000000000000 RBX=000002d000000000 RCX=0000000000000780 RDX=000000000000001a
RSI=0000030000000000 RDI=0000000000000018 RBP=ffffffff80219370 RSP=ffffffff80219370
R8 =0000032000000000 R9 =0000033000000000 R10=0000034000000000 R11=0000035000000000
R12=0000036000000000 R13=0000037000000000 R14=0000038000000000 R15=0000039000000000
RIP=ffffffff802000a9 RFL=00000246 [---Z-P-] CPL=0 II=0 A20=1 SMM=0 HLT=0
ES =0000 0000000000000000 00000000 00201300
CS =0008 0000000000000000 00000000 00209800 DPL=0 CS64 [---]
SS =0010 0000000000000000 00000000 00209300 DPL=0 DS   [-WA]
DS =0000 0000000000000000 00000000 00201300
FS =0000 0000000000000000 00000000 00201300
GS =0000 0000000000000000 00000000 00201300
LDT=0000 0000000000000000 0000ffff 00008200 DPL=0 LDT
TR =0028 ffffffff80215100 00000068 00008900 DPL=0 TSS64-avl
GDT=     ffffffff802043d0 00000037
IDT=     ffffffff802151e0 00000fff
CR0=80000011 CR2=0000000000000000 CR3=0000000000206000 CR4=00000020
DR0=0000000000000000 DR1=0000000000000000 DR2=0000000000000000 DR3=0000000000000000 
DR6=00000000ffff0ff0 DR7=0000000000000400
CCS=0000000000000044 CCD=fffffffffffffff2 CCO=EFLAGS
EFER=0000000000000500
   490: v=20 e=0000 i=0 cpl=0 IP=0008:ffffffff802000a9 pc=ffffffff802000a9 SP=0010:ffffffff80219370 env->regs[R_EAX]=0000000000000000
RAX=0000000000000000 RBX=000002d000000000 RCX=0000000000000780 RDX=000000000000001a
RSI=0000030000000000 RDI=0000000000000018 RBP=ffffffff80219370 RSP=ffffffff80219370
R8 =0000032000000000 R9 =0000033000000000 R10=0000034000000000 R11=0000035000000000
R12=0000036000000000 R13=0000037000000000 R14=0000038000000000 R15=0000039000000000
RIP=ffffffff802000a9 RFL=00000246 [---Z-P-] CPL=0 II=0 A20=1 SMM=0 HLT=0
ES =0000 0000000000000000 00000000 00201300
CS =0008 0000000000000000 00000000 00209800 DPL=0 CS64 [---]
SS =0010 0000000000000000 00000000 00209300 DPL=0 DS   [-WA]
DS =0000 0000000000000000 00000000 00201300
FS =0000 0000000000000000 00000000 00201300
GS =0000 0000000000000000 00000000 00201300
LDT=0000 0000000000000000 0000ffff 00008200 DPL=0 LDT
TR =0028 ffffffff80215100 00000068 00008900 DPL=0 TSS64-avl
GDT=     ffffffff802043d0 00000037
IDT=     ffffffff802151e0 00000fff
CR0=80000011 CR2=0000000000000000 CR3=0000000000206000 CR4=00000020
DR0=0000000000000000 DR1=0000000000000000 DR2=0000000000000000 DR3=0000000000000000 
DR6=00000000ffff0ff0 DR7=0000000000000400
CCS=0000000000000044 CCD=fffffffffffffff3 CCO=EFLAGS
EFER=0000000000000500
   491: v=20 e=0000 i=0 cpl=0 IP=0008:ffffffff802000a9 pc=ffffffff802000a9 SP=0010:ffffffff80219370 env->regs[R_EAX]=0000000000000000
RAX=0000000000000000 RBX=000002d000000000 RCX=0000000000000780 RDX=000000000000001a
RSI=0000030000000000 RDI=0000000000000018 RBP=ffffffff80219370 RSP=ffffffff80219370
R8 =0000032000000000 R9 =0000033000000000 R10=0000034000000000 R11=0000035000000000
R12=0000036000000000 R13=0000037000000000 R14=0000038000000000 R15=0000039000000000
RIP=ffffffff802000a9 RFL=00000246 [---Z-P-] CPL=0 II=0 A20=1 SMM=0 HLT=0
ES =0000 0000000000000000 00000000 00201300
CS =0008 0000000000000000 00000000 00209800 DPL=0 CS64 [---]
SS =0010 0000000000000000 00000000 00209300 DPL=0 DS   [-WA]
DS =0000 0000000000000000 00000000 00201300
FS =0000 0000000000000000 00000000 00201300
GS =0000 0000000000000000 00000000 00201300
LDT=0000 0000000000000000 0000ffff 00008200 DPL=0 LDT
TR =0028 ffffffff80215100 00000068 00008900 DPL=0 TSS64-avl
GDT=     ffffffff802043d0 00000037
IDT=     ffffffff802151e0 00000fff
CR0=80000011 CR2=0000000000000000 CR3=0000000000206000 CR4=00000020
DR0=0000000000000000 DR1=0000000000000000 DR2=0000000000000000 DR3=0000000000000000 
DR6=00000000ffff0ff0 DR7=0000000000000400
CCS=0000000000000044 CCD=fffffffffffffff4 CCO=EFLAGS
EFER=0000000000000500
   492: v=20 e=0000 i=0 cpl=0 IP=0008:ffffffff802000a9 pc=ffffffff802000a9 SP=0010:ffffffff80219370 env->regs[R_EAX]=0000000000000000
RAX=0000000000000000 RBX=000002d000000000 RCX=0000000000000780 RDX=000000000000001a
RSI=0000030000000000 RDI=0000000000000018 RBP=ffffffff80219370 RSP=ffffffff80219370
R8 =0000032000000000 R9 =0000033000000000 R10=0000034000000000 R11=0000035000000000
R12=0000036000000000 R13=0000037000000000 R14=0000038000000000 R15=0000039000000000
RIP=ffffffff802000a9 RFL=00000246 [---Z-P-] CPL=0 II=0 A20=1 SMM=0 HLT=0
ES =0000 0000000000000000 00000000 00201300
CS =0008 0000000000000000 00000000 00209800 DPL=0 CS64 [---]
SS =0010 0000000000000000 00000000 00209300 DPL=0 DS   [-WA]
DS =0000 0000000000000000 00000000 00201300
FS =0000 0000000000000000 00000000 00201300
GS =0000 0000000000000000 00000000 00201300
LDT=0000 0000000000000000 0000ffff 00008200 DPL=0 LDT
TR =0028 ffffffff80215100 00000068 00008900 DPL=0 TSS64-avl
GDT=     ffffffff802043d0 00000037
IDT=     ffffffff802151e0 00000fff
CR0=80000011 CR2=0000000000000000 CR3=0000000000206000 CR4=00000020
DR0=0000000000000000 DR1=0000000000000000 DR2=0000000000000000 DR3=0000000000000000 
DR6=00000000ffff0ff0 DR7=0000000000000400
CCS=0000000000000044 CCD=fffffffffffffff5 CCO=EFLAGS
EFER=0000000000000500
   493: v=20 e=0000 i=0 cpl=0 IP=0008:ffffffff802000a9 pc=ffffffff802000a9 SP=0010:ffffffff80219370 env->regs[R_EAX]=0000000000000000
RAX=0000000000000000 RBX=000002d000000000 RCX=0000000000000780 RDX=000000000000001a
RSI=0000030000000000 RDI=0000000000000018 RBP=ffffffff80219370 RSP=ffffffff80219370
R8 =0000032000000000 R9 =0000033000000000 R10=0000034000000000 R11=0000035000000000
R12=0000036000000000 R13=0000037000000000 R14=0000038000000000 R15=0000039000000000
RIP=ffffffff802000a9 RFL=00000246 [---Z-P-] CPL=0 II=0 A20=1 SMM=0 HLT=0
ES =0000 0000000000000000 00000000 00201300
CS =0008 0000000000000000 00000000 00209800 DPL=0 CS64 [---]
SS =0010 0000000000000000 00000000 00209300 DPL=0 DS   [-WA]
DS =0000 0000000000000000 00000000 00201300
FS =0000 0000000000000000 00000000 00201300
GS =0000 0000000000000000 00000000 00201300
LDT=0000 0000000000000000 0000ffff 00008200 DPL=0 LDT
TR =0028 ffffffff80215100 00000068 00008900 DPL=0 TSS64-avl
GDT=     ffffffff802043d0 00000037
IDT=     ffffffff802151e0 00000fff
CR0=80000011 CR2=0000000000000000 CR3=0000000000206000 CR4=00000020
DR0=0000000000000000 DR1=0000000000000000 DR2=0000000000000000 DR3=0000000000000000 
DR6=00000000ffff0ff0 DR7=0000000000000400
CCS=0000000000000044 CCD=fffffffffffffff6 CCO=EFLAGS
EFER=0000000000000500
   494: v=20 e=0000 i=0 cpl=0 IP=0008:ffffffff802000a9 pc=ffffffff802000a9 SP=0010:ffffffff80219370 env->regs[R_EAX]=0000000000000000
RAX=0000000000000000 RBX=000002d000000000 RCX=0000000000000780 RDX=000000000000001a
RSI=0000030000000000 RDI=0000000000000018 RBP=ffffffff80219370 RSP=ffffffff80219370
R8 =0000032000000000 R9 =0000033000000000 R10=0000034000000000 R11=0000035000000000
R12=0000036000000000 R13=0000037000000000 R14=0000038000000000 R15=0000039000000000
RIP=ffffffff802000a9 RFL=00000246 [---Z-P-] CPL=0 II=0 A20=1 SMM=0 HLT=0
ES =0000 0000000000000000 00000000 00201300
CS =0008 0000000000000000 00000000 00209800 DPL=0 CS64 [---]
SS =0010 0000000000000000 00000000 00209300 DPL=0 DS   [-WA]
DS =0000 0000000000000000 00000000 00201300
FS =0000 0000000000000000 00000000 00201300
GS =0000 0000000000000000 00000000 00201300
LDT=0000 0000000000000000 0000ffff 00008200 DPL=0 LDT
TR =0028 ffffffff80215100 00000068 00008900 DPL=0 TSS64-avl
GDT=     ffffffff802043d0 00000037
IDT=     ffffffff802151e0 00000fff
CR0=80000011 CR2=0000000000000000 CR3=0000000000206000 CR4=00000020
DR0=0000000000000000 DR1=0000000000000000 DR2=0000000000000000 DR3=0000000000000000 
DR6=00000000ffff0ff0 DR7=0000000000000400
CCS=0000000000000044 CCD=fffffffffffffff7 CCO=EFLAGS
EFER=0000000000000500
   495: v=20 e=0000 i=0 cpl=0 IP=0008:ffffffff802000a9 pc=ffffffff802000a9 SP=0010:ffffffff80219370 env->regs[R_EAX]=0000000000000000
RAX=0000000000000000 RBX=000002d000000000 RCX=0000000000000780 RDX=000000000000001a
RSI=0000030000000000 RDI=0000000000000018 RBP=ffffffff80219370 RSP=ffffffff80219370
R8 =0000032000000000 R9 =0000033000000000 R10=0000034000000000 R11=0000035000000000
R12=0000036000000000 R13=0000037000000000 R14=0000038000000000 R15=0000039000000000
RIP=ffffffff802000a9 RFL=00000246 [---Z-P-] CPL=0 II=0 A20=1 SMM=0 HLT=0
ES =0000 0000000000000000 00000000 00201300
CS =0008 0000000000000000 00000000 00209800 DPL=0 CS64 [---]
SS =0010 0000000000000000 00000000 00209300 DPL=0 DS   [-WA]
DS =0000 0000000000000000 00000000 00201300
FS =0000 0000000000000000 00000000 00201300
GS =0000 0000000000000000 00000000 00201300
LDT=0000 0000000000000000 0000ffff 00008200 DPL=0 LDT
TR =0028 ffffffff80215100 00000068 00008900 DPL=0 TSS64-avl
GDT=     ffffffff802043d0 00000037
IDT=     ffffffff802151e0 00000fff
CR0=80000011 CR2=0000000000000000 CR3=0000000000206000 CR4=00000020
DR0=0000000000000000 DR1=0000000000000000 DR2=0000000000000000 DR3=0000000000000000 
DR6=00000000ffff0ff0 DR7=0000000000000400
CCS=0000000000000044 CCD=fffffffffffffff8 CCO=EFLAGS
EFER=0000000000000500
   496: v=20 e=0000 i=0 cpl=0 IP=0008:ffffffff802000a9 pc=ffffffff802000a9 SP=0010:ffffffff80219370 env->regs[R_EAX]=0000000000000000
RAX=0000000000000000 RBX=000002d000000000 RCX=0000000000000780 RDX=000000000000001a
RSI=0000030000000000 RDI=0000000000000018 RBP=ffffffff80219370 RSP=ffffffff80219370
R8 =0000032000000000 R9 =0000033000000000 R10=0000034000000000 R11=0000035000000000
R12=0000036000000000 R13=0000037000000000 R14=0000038000000000 R15=0000039000000000
RIP=ffffffff802000a9 RFL=00000246 [---Z-P-] CPL=0 II=0 A20=1 SMM=0 HLT=0
ES =0000 0000000000000000 00000000 00201300
CS =0008 0000000000000000 00000000 00209800 DPL=0 CS64 [---]
SS =0010 0000000000000000 00000000 00209300 DPL=0 DS   [-WA]
DS =0000 0000000000000000 00000000 00201300
FS =0000 0000000000000000 00000000 00201300
GS =0000 0000000000000000 00000000 00201300
LDT=0000 0000000000000000 0000ffff 00008200 DPL=0 LDT
TR =0028 ffffffff80215100 00000068 00008900 DPL=0 TSS64-avl
GDT=     ffffffff802043d0 00000037
IDT=     ffffffff802151e0 00000fff
CR0=80000011 CR2=0000000000000000 CR3=0000000000206000 CR4=00000020
DR0=0000000000000000 DR1=0000000000000000 DR2=0000000000000000 DR3=0000000000000000 
DR6=00000000ffff0ff0 DR7=0000000000000400
CCS=0000000000000044 CCD=fffffffffffffff9 CCO=EFLAGS
EFER=0000000000000500
   497: v=20 e=0000 i=0 cpl=0 IP=0008:ffffffff802000a9 pc=ffffffff802000a9 SP=0010:ffffffff80219370 env->regs[R_EAX]=0000000000000000
RAX=0000000000000000 RBX=000002d000000000 RCX=0000000000000780 RDX=000000000000001a
RSI=0000030000000000 RDI=0000000000000018 RBP=ffffffff80219370 RSP=ffffffff80219370
R8 =0000032000000000 R9 =0000033000000000 R10=0000034000000000 R11=0000035000000000
R12=0000036000000000 R13=0000037000000000 R14=0000038000000000 R15=0000039000000000
RIP=ffffffff802000a9 RFL=00000246 [---Z-P-] CPL=0 II=0 A20=1 SMM=0 HLT=0
ES =0000 0000000000000000 00000000 00201300
CS =0008 0000000000000000 00000000 00209800 DPL=0 CS64 [---]
SS =0010 0000000000000000 00000000 00209300 DPL=0 DS   [-WA]
DS =0000 0000000000000000 00000000 00201300
FS =0000 0000000000000000 00000000 00201300
GS =0000 0000000000000000 00000000 00201300
LDT=0000 0000000000000000 0000ffff 00008200 DPL=0 LDT
TR =0028 ffffffff80215100 00000068 00008900 DPL=0 TSS64-avl
GDT=     ffffffff802043d0 00000037
IDT=     ffffffff802151e0 00000fff
CR0=80000011 CR2=0000000000000000 CR3=0000000000206000 CR4=00000020
DR0=0000000000000000 DR1=0000000000000000 DR2=0000000000000000 DR3=0000000000000000 
DR6=00000000ffff0ff0 DR7=0000000000000400
CCS=0000000000000044 CCD=fffffffffffffffa CCO=EFLAGS
EFER=0000000000000500
   498: v=20 e=0000 i=0 cpl=0 IP=0008:ffffffff802000a9 pc=ffffffff802000a9 SP=0010:ffffffff80219370 env->regs[R_EAX]=0000000000000000
RAX=0000000000000000 RBX=000002d000000000 RCX=0000000000000780 RDX=000000000000001a
RSI=0000030000000000 RDI=0000000000000018 RBP=ffffffff80219370 RSP=ffffffff80219370
R8 =0000032000000000 R9 =0000033000000000 R10=0000034000000000 R11=0000035000000000
R12=0000036000000000 R13=0000037000000000 R14=0000038000000000 R15=0000039000000000
RIP=ffffffff802000a9 RFL=00000246 [---Z-P-] CPL=0 II=0 A20=1 SMM=0 HLT=0
ES =0000 0000000000000000 00000000 00201300
CS =0008 0000000000000000 00000000 00209800 DPL=0 CS64 [---]
SS =0010 0000000000000000 00000000 00209300 DPL=0 DS   [-WA]
DS =0000 0000000000000000 00000000 00201300
FS =0000 0000000000000000 00000000 00201300
GS =0000 0000000000000000 00000000 00201300
LDT=0000 0000000000000000 0000ffff 00008200 DPL=0 LDT
TR =0028 ffffffff80215100 00000068 00008900 DPL=0 TSS64-avl
GDT=     ffffffff802043d0 00000037
IDT=     ffffffff802151e0 00000fff
CR0=80000011 CR2=0000000000000000 CR3=0000000000206000 CR4=00000020
DR0=0000000000000000 DR1=0000000000000000 DR2=0000000000000000 DR3=0000000000000000 
DR6=00000000ffff0ff0 DR7=0000000000000400
CCS=0000000000000044 CCD=fffffffffffffffb CCO=EFLAGS
EFER=0000000000000500
   499: v=20 e=0000 i=0 cpl=0 IP=0008:ffffffff802000a9 pc=ffffffff802000a9 SP=0010:ffffffff80219370 env->regs[R_EAX]=0000000000000000
RAX=0000000000000000 RBX=000002d000000000 RCX=0000000000000780 RDX=000000000000001a
RSI=0000030000000000 RDI=0000000000000018 RBP=ffffffff80219370 RSP=ffffffff80219370
R8 =0000032000000000 R9 =0000033000000000 R10=0000034000000000 R11=0000035000000000
R12=0000036000000000 R13=0000037000000000 R14=0000038000000000 R15=0000039000000000
RIP=ffffffff802000a9 RFL=00000246 [---Z-P-] CPL=0 II=0 A20=1 SMM=0 HLT=0
ES =0000 0000000000000000 00000000 00201300
CS =0008 0000000000000000 00000000 00209800 DPL=0 CS64 [---]
SS =0010 0000000000000000 00000000 00209300 DPL=0 DS   [-WA]
DS =0000 0000000000000000 00000000 00201300
FS =0000 0000000000000000 00000000 00201300
GS =0000 0000000000000000 00000000 00201300
LDT=0000 0000000000000000 0000ffff 00008200 DPL=0 LDT
TR =0028 ffffffff80215100 00000068 00008900 DPL=0 TSS64-avl
GDT=     ffffffff802043d0 00000037
IDT=     ffffffff802151e0 00000fff
CR0=80000011 CR2=0000000000000000 CR3=0000000000206000 CR4=00000020
DR0=0000000000000000 DR1=0000000000000000 DR2=0000000000000000 DR3=0000000000000000 
DR6=00000000ffff0ff0 DR7=0000000000000400
CCS=0000000000000044 CCD=fffffffffffffffc CCO=EFLAGS
EFER=0000000000000500
   500: v=20 e=0000 i=0 cpl=0 IP=0008:ffffffff802000a9 pc=ffffffff802000a9 SP=0010:ffffffff80219370 env->regs[R_EAX]=0000000000000000
RAX=0000000000000000 RBX=000002d000000000 RCX=0000000000000780 RDX=000000000000001a
RSI=0000030000000000 RDI=0000000000000018 RBP=ffffffff80219370 RSP=ffffffff80219370
R8 =0000032000000000 R9 =0000033000000000 R10=0000034000000000 R11=0000035000000000
R12=0000036000000000 R13=0000037000000000 R14=0000038000000000 R15=0000039000000000
RIP=ffffffff802000a9 RFL=00000246 [---Z-P-] CPL=0 II=0 A20=1 SMM=0 HLT=0
ES =0000 0000000000000000 00000000 00201300
CS =0008 0000000000000000 00000000 00209800 DPL=0 CS64 [---]
SS =0010 0000000000000000 00000000 00209300 DPL=0 DS   [-WA]
DS =0000 0000000000000000 00000000 00201300
FS =0000 0000000000000000 00000000 00201300
GS =0000 0000000000000000 00000000 00201300
LDT=0000 0000000000000000 0000ffff 00008200 DPL=0 LDT
TR =0028 ffffffff80215100 00000068 00008900 DPL=0 TSS64-avl
GDT=     ffffffff802043d0 00000037
IDT=     ffffffff802151e0 00000fff
CR0=80000011 CR2=0000000000000000 CR3=0000000000206000 CR4=00000020
DR0=0000000000000000 DR1=0000000000000000 DR2=0000000000000000 DR3=0000000000000000 
DR6=00000000ffff0ff0 DR7=0000000000000400
CCS=0000000000000044 CCD=fffffffffffffffd CCO=EFLAGS
EFER=0000000000000500
   501: v=20 e=0000 i=0 cpl=0 IP=0008:ffffffff802000a9 pc=ffffffff802000a9 SP=0010:ffffffff80219370 env->regs[R_EAX]=0000000000000000
RAX=0000000000000000 RBX=000002d000000000 RCX=0000000000000780 RDX=000000000000001a
RSI=0000030000000000 RDI=0000000000000018 RBP=ffffffff80219370 RSP=ffffffff80219370
R8 =0000032000000000 R9 =0000033000000000 R10=0000034000000000 R11=0000035000000000
R12=0000036000000000 R13=0000037000000000 R14=0000038000000000 R15=0000039000000000
RIP=ffffffff802000a9 RFL=00000246 [---Z-P-] CPL=0 II=0 A20=1 SMM=0 HLT=0
ES =0000 0000000000000000 00000000 00201300
CS =0008 0000000000000000 00000000 00209800 DPL=0 CS64 [---]
SS =0010 0000000000000000 00000000 00209300 DPL=0 DS   [-WA]
DS =0000 0000000000000000 00000000 00201300
FS =0000 0000000000000000 00000000 00201300
GS =0000 0000000000000000 00000000 00201300
LDT=0000 0000000000000000 0000ffff 00008200 DPL=0 LDT
TR =0028 ffffffff80215100 00000068 00008900 DPL=0 TSS64-avl
GDT=     ffffffff802043d0 00000037
IDT=     ffffffff802151e0 00000fff
CR0=80000011 CR2=0000000000000000 CR3=0000000000206000 CR4=00000020
DR0=0000000000000000 DR1=0000000000000000 DR2=0000000000000000 DR3=0000000000000000 
DR6=00000000ffff0ff0 DR7=0000000000000400
CCS=0000000000000044 CCD=fffffffffffffffe CCO=EFLAGS
EFER=0000000000000500
   502: v=20 e=0000 i=0 cpl=0 IP=0008:ffffffff802000a9 pc=ffffffff802000a9 SP=0010:ffffffff80219370 env->regs[R_EAX]=0000000000000000
RAX=0000000000000000 RBX=000002d000000000 RCX=0000000000000780 RDX=000000000000001a
RSI=0000030000000000 RDI=0000000000000018 RBP=ffffffff80219370 RSP=ffffffff80219370
R8 =0000032000000000 R9 =0000033000000000 R10=0000034000000000 R11=0000035000000000
R12=0000036000000000 R13=0000037000000000 R14=0000038000000000 R15=0000039000000000
RIP=ffffffff802000a9 RFL=00000246 [---Z-P-] CPL=0 II=0 A20=1 SMM=0 HLT=0
ES =0000 0000000000000000 00000000 00201300
CS =0008 0000000000000000 00000000 00209800 DPL=0 CS64 [---]
SS =0010 0000000000000000 00000000 00209300 DPL=0 DS   [-WA]
DS =0000 0000000000000000 00000000 00201300
FS =0000 0000000000000000 00000000 00201300
GS =0000 0000000000000000 00000000 00201300
LDT=0000 0000000000000000 0000ffff 00008200 DPL=0 LDT
TR =0028 ffffffff80215100 00000068 00008900 DPL=0 TSS64-avl
GDT=     ffffffff802043d0 00000037
IDT=     ffffffff802151e0 00000fff
CR0=80000011 CR2=0000000000000000 CR3=0000000000206000 CR4=00000020
DR0=0000000000000000 DR1=0000000000000000 DR2=0000000000000000 DR3=0000000000000000 
DR6=00000000ffff0ff0 DR7=0000000000000400
CCS=0000000000000044 CCD=ffffffffffffffff CCO=EFLAGS
EFER=0000000000000500
   503: v=20 e=0000 i=0 cpl=0 IP=0008:ffffffff802000a9 pc=ffffffff802000a9 SP=0010:ffffffff80219370 env->regs[R_EAX]=0000000000000000
RAX=0000000000000000 RBX=000002d000000000 RCX=0000000000000780 RDX=000000000000001a
RSI=0000030000000000 RDI=0000000000000018 RBP=ffffffff80219370 RSP=ffffffff80219370
R8 =0000032000000000 R9 =0000033000000000 R10=0000034000000000 R11=0000035000000000
R12=0000036000000000 R13=0000037000000000 R14=0000038000000000 R15=0000039000000000
RIP=ffffffff802000a9 RFL=00000246 [---Z-P-] CPL=0 II=0 A20=1 SMM=0 HLT=0
ES =0000 0000000000000000 00000000 00201300
CS =0008 0000000000000000 00000000 00209800 DPL=0 CS64 [---]
SS =0010 0000000000000000 00000000 00209300 DPL=0 DS   [-WA]
DS =0000 0000000000000000 00000000 00201300
FS =0000 0000000000000000 00000000 00201300
GS =0000 0000000000000000 00000000 00201300
LDT=0000 0000000000000000 0000ffff 00008200 DPL=0 LDT
TR =0028 ffffffff80215100 00000068 00008900 DPL=0 TSS64-avl
GDT=     ffffffff802043d0 00000037
IDT=     ffffffff802151e0 00000fff
CR0=80000011 CR2=0000000000000000 CR3=0000000000206000 CR4=00000020
DR0=0000000000000000 DR1=0000000000000000 DR2=0000000000000000 DR3=0000000000000000 
DR6=00000000ffff0ff0 DR7=0000000000000400
CCS=0000000000000044 CCD=0000000000000000 CCO=EFLAGS
EFER=0000000000000500
   504: v=20 e=0000 i=0 cpl=3 IP=001b:000000000040007c pc=000000000040007c SP=0023:00007fffffffffe8 env->regs[R_EAX]=ffffffff8021822d
RAX=ffffffff8021822d RBX=0000000000000000 RCX=0000000000000780 RDX=0000000000000008
RSI=00007ffffffffff0 RDI=ffffffff8021822d RBP=00007fffffffffe8 RSP=00007fffffffffe8
R8 =0000000000000000 R9 =0000000000000000 R10=0000000000000000 R11=0000000000000000
R12=0000000000000000 R13=0000000000000000 R14=0000000000000000 R15=0000000000000000
RIP=000000000040007c RFL=00000202 [-------] CPL=3 II=0 A20=1 SMM=0 HLT=0
ES =0000 0000000000000000 00000000 00201300
CS =001b 0000000000000000 ffffffff 00affa00 DPL=3 CS64 [-R-]
SS =0023 0000000000000000 ffffffff 008ff200 DPL=3 DS   [-W-]
DS =0000 0000000000000000 00000000 00201300
FS =0000 0000000000000000 00000000 00201300
GS =0000 0000000000000000 00000000 00201300
LDT=0000 0000000000000000 0000ffff 00008200 DPL=0 LDT
TR =0028 ffffffff80215100 00000068 00008900 DPL=0 TSS64-avl
GDT=     ffffffff802043d0 00000037
IDT=     ffffffff802151e0 00000fff
CR0=80000011 CR2=0000000000000000 CR3=0000000000206000 CR4=00000020
DR0=0000000000000000 DR1=0000000000000000 DR2=0000000000000000 DR3=0000000000000000 
DR6=00000000ffff0ff0 DR7=0000000000000400
CCS=0000000000000000 CCD=000000000000001c CCO=EFLAGS
EFER=0000000000000500
   505: v=20 e=0000 i=0 cpl=3 IP=001b:000000000040007c pc=000000000040007c SP=0023:00007fffffffffe8 env->regs[R_EAX]=ffffffff8021822d
RAX=ffffffff8021822d RBX=0000000000000000 RCX=0000000000000780 RDX=0000000000000008
RSI=00007ffffffffff0 RDI=ffffffff8021822d RBP=00007fffffffffe8 RSP=00007fffffffffe8
R8 =0000000000000000 R9 =0000000000000000 R10=0000000000000000 R11=0000000000000000
R12=0000000000000000 R13=0000000000000000 R14=0000000000000000 R15=0000000000000000
RIP=000000000040007c RFL=00000202 [-------] CPL=3 II=0 A20=1 SMM=0 HLT=0
ES =0000 0000000000000000 00000000 00201300
CS =001b 0000000000000000 ffffffff 00affa00 DPL=3 CS64 [-R-]
SS =0023 0000000000000000 ffffffff 008ff200 DPL=3 DS   [-W-]
DS =0000 0000000000000000 00000000 00201300
FS =0000 0000000000000000 00000000 00201300
GS =0000 0000000000000000 00000000 00201300
LDT=0000 0000000000000000 0000ffff 00008200 DPL=0 LDT
TR =0028 ffffffff80215100 00000068 00008900 DPL=0 TSS64-avl
GDT=     ffffffff802043d0 00000037
IDT=     ffffffff802151e0 00000fff
CR0=80000011 CR2=0000000000000000 CR3=0000000000206000 CR4=00000020
DR0=0000000000000000 DR1=0000000000000000 DR2=0000000000000000 DR3=0000000000000000 
DR6=00000000ffff0ff0 DR7=0000000000000400
CCS=0000000000000000 CCD=fffffffffffffff0 CCO=EFLAGS
EFER=0000000000000500
   506: v=20 e=0000 i=0 cpl=3 IP=001b:000000000040007c pc=000000000040007c SP=0023:00007fffffffffe8 env->regs[R_EAX]=ffffffff8021822d
RAX=ffffffff8021822d RBX=0000000000000000 RCX=0000000000000780 RDX=0000000000000008
RSI=00007ffffffffff0 RDI=ffffffff8021822d RBP=00007fffffffffe8 RSP=00007fffffffffe8
R8 =0000000000000000 R9 =0000000000000000 R10=0000000000000000 R11=0000000000000000
R12=0000000000000000 R13=0000000000000000 R14=0000000000000000 R15=0000000000000000
RIP=000000000040007c RFL=00000202 [-------] CPL=3 II=0 A20=1 SMM=0 HLT=0
ES =0000 0000000000000000 00000000 00201300
CS =001b 0000000000000000 ffffffff 00affa00 DPL=3 CS64 [-R-]
SS =0023 0000000000000000 ffffffff 008ff200 DPL=3 DS   [-W-]
DS =0000 0000000000000000 00000000 00201300
FS =0000 0000000000000000 00000000 00201300
GS =0000 0000000000000000 00000000 00201300
LDT=0000 0000000000000000 0000ffff 00008200 DPL=0 LDT
TR =0028 ffffffff80215100 00000068 00008900 DPL=0 TSS64-avl
GDT=     ffffffff802043d0 00000037
IDT=     ffffffff802151e0 00000fff
CR0=80000011 CR2=0000000000000000 CR3=0000000000206000 CR4=00000020
DR0=0000000000000000 DR1=0000000000000000 DR2=0000000000000000 DR3=0000000000000000 
DR6=00000000ffff0ff0 DR7=0000000000000400
CCS=0000000000000000 CCD=fffffffffffffff1 CCO=EFLAGS
EFER=0000000000000500
   507: v=20 e=0000 i=0 cpl=3 IP=001b:000000000040007c pc=000000000040007c SP=0023:00007fffffffffe8 env->regs[R_EAX]=ffffffff8021822d
RAX=ffffffff8021822d RBX=0000000000000000 RCX=0000000000000780 RDX=0000000000000008
RSI=00007ffffffffff0 RDI=ffffffff8021822d RBP=00007fffffffffe8 RSP=00007fffffffffe8
R8 =0000000000000000 R9 =0000000000000000 R10=0000000000000000 R11=0000000000000000
R12=0000000000000000 R13=0000000000000000 R14=0000000000000000 R15=0000000000000000
RIP=000000000040007c RFL=00000202 [-------] CPL=3 II=0 A20=1 SMM=0 HLT=0
ES =0000 0000000000000000 00000000 00201300
CS =001b 0000000000000000 ffffffff 00affa00 DPL=3 CS64 [-R-]
SS =0023 0000000000000000 ffffffff 008ff200 DPL=3 DS   [-W-]
DS =0000 0000000000000000 00000000 00201300
FS =0000 0000000000000000 00000000 00201300
GS =0000 0000000000000000 00000000 00201300
LDT=0000 0000000000000000 0000ffff 00008200 DPL=0 LDT
TR =0028 ffffffff80215100 00000068 00008900 DPL=0 TSS64-avl
GDT=     ffffffff802043d0 00000037
IDT=     ffffffff802151e0 00000fff
CR0=80000011 CR2=0000000000000000 CR3=0000000000206000 CR4=00000020
DR0=0000000000000000 DR1=0000000000000000 DR2=0000000000000000 DR3=0000000000000000 
DR6=00000000ffff0ff0 DR7=0000000000000400
CCS=0000000000000000 CCD=fffffffffffffff2 CCO=EFLAGS
EFER=0000000000000500
   508: v=20 e=0000 i=0 cpl=3 IP=001b:000000000040007c pc=000000000040007c SP=0023:00007fffffffffe8 env->regs[R_EAX]=ffffffff8021822d
RAX=ffffffff8021822d RBX=0000000000000000 RCX=0000000000000780 RDX=0000000000000008
RSI=00007ffffffffff0 RDI=ffffffff8021822d RBP=00007fffffffffe8 RSP=00007fffffffffe8
R8 =0000000000000000 R9 =0000000000000000 R10=0000000000000000 R11=0000000000000000
R12=0000000000000000 R13=0000000000000000 R14=0000000000000000 R15=0000000000000000
RIP=000000000040007c RFL=00000202 [-------] CPL=3 II=0 A20=1 SMM=0 HLT=0
ES =0000 0000000000000000 00000000 00201300
CS =001b 0000000000000000 ffffffff 00affa00 DPL=3 CS64 [-R-]
SS =0023 0000000000000000 ffffffff 008ff200 DPL=3 DS   [-W-]
DS =0000 0000000000000000 00000000 00201300
FS =0000 0000000000000000 00000000 00201300
GS =0000 0000000000000000 00000000 00201300
LDT=0000 0000000000000000 0000ffff 00008200 DPL=0 LDT
TR =0028 ffffffff80215100 00000068 00008900 DPL=0 TSS64-avl
GDT=     ffffffff802043d0 00000037
IDT=     ffffffff802151e0 00000fff
CR0=80000011 CR2=0000000000000000 CR3=0000000000206000 CR4=00000020
DR0=0000000000000000 DR1=0000000000000000 DR2=0000000000000000 DR3=0000000000000000 
DR6=00000000ffff0ff0 DR7=0000000000000400
CCS=0000000000000000 CCD=fffffffffffffff3 CCO=EFLAGS
EFER=0000000000000500
   509: v=20 e=0000 i=0 cpl=3 IP=001b:000000000040007c pc=000000000040007c SP=0023:00007fffffffffe8 env->regs[R_EAX]=ffffffff8021822d
RAX=ffffffff8021822d RBX=0000000000000000 RCX=0000000000000780 RDX=0000000000000008
RSI=00007ffffffffff0 RDI=ffffffff8021822d RBP=00007fffffffffe8 RSP=00007fffffffffe8
R8 =0000000000000000 R9 =0000000000000000 R10=0000000000000000 R11=0000000000000000
R12=0000000000000000 R13=0000000000000000 R14=0000000000000000 R15=0000000000000000
RIP=000000000040007c RFL=00000202 [-------] CPL=3 II=0 A20=1 SMM=0 HLT=0
ES =0000 0000000000000000 00000000 00201300
CS =001b 0000000000000000 ffffffff 00affa00 DPL=3 CS64 [-R-]
SS =0023 0000000000000000 ffffffff 008ff200 DPL=3 DS   [-W-]
DS =0000 0000000000000000 00000000 00201300
FS =0000 0000000000000000 00000000 00201300
GS =0000 0000000000000000 00000000 00201300
LDT=0000 0000000000000000 0000ffff 00008200 DPL=0 LDT
TR =0028 ffffffff80215100 00000068 00008900 DPL=0 TSS64-avl
GDT=     ffffffff802043d0 00000037
IDT=     ffffffff802151e0 00000fff
CR0=80000011 CR2=0000000000000000 CR3=0000000000206000 CR4=00000020
DR0=0000000000000000 DR1=0000000000000000 DR2=0000000000000000 DR3=0000000000000000 
DR6=00000000ffff0ff0 DR7=0000000000000400
CCS=0000000000000000 CCD=fffffffffffffff4 CCO=EFLAGS
EFER=0000000000000500
   510: v=20 e=0000 i=0 cpl=3 IP=001b:000000000040007c pc=000000000040007c SP=0023:00007fffffffffe8 env->regs[R_EAX]=ffffffff8021822d
RAX=ffffffff8021822d RBX=0000000000000000 RCX=0000000000000780 RDX=0000000000000008
RSI=00007ffffffffff0 RDI=ffffffff8021822d RBP=00007fffffffffe8 RSP=00007fffffffffe8
R8 =0000000000000000 R9 =0000000000000000 R10=0000000000000000 R11=0000000000000000
R12=0000000000000000 R13=0000000000000000 R14=0000000000000000 R15=0000000000000000
RIP=000000000040007c RFL=00000202 [-------] CPL=3 II=0 A20=1 SMM=0 HLT=0
ES =0000 0000000000000000 00000000 00201300
CS =001b 0000000000000000 ffffffff 00affa00 DPL=3 CS64 [-R-]
SS =0023 0000000000000000 ffffffff 008ff200 DPL=3 DS   [-W-]
DS =0000 0000000000000000 00000000 00201300
FS =0000 0000000000000000 00000000 00201300
GS =0000 0000000000000000 00000000 00201300
LDT=0000 0000000000000000 0000ffff 00008200 DPL=0 LDT
TR =0028 ffffffff80215100 00000068 00008900 DPL=0 TSS64-avl
GDT=     ffffffff802043d0 00000037
IDT=     ffffffff802151e0 00000fff
CR0=80000011 CR2=0000000000000000 CR3=0000000000206000 CR4=00000020
DR0=0000000000000000 DR1=0000000000000000 DR2=0000000000000000 DR3=0000000000000000 
DR6=00000000ffff0ff0 DR7=0000000000000400
CCS=0000000000000000 CCD=fffffffffffffff5 CCO=EFLAGS
EFER=0000000000000500
   511: v=20 e=0000 i=0 cpl=3 IP=001b:000000000040007c pc=000000000040007c SP=0023:00007fffffffffe8 env->regs[R_EAX]=ffffffff8021822d
RAX=ffffffff8021822d RBX=0000000000000000 RCX=0000000000000780 RDX=0000000000000008
RSI=00007ffffffffff0 RDI=ffffffff8021822d RBP=00007fffffffffe8 RSP=00007fffffffffe8
R8 =0000000000000000 R9 =0000000000000000 R10=0000000000000000 R11=0000000000000000
R12=0000000000000000 R13=0000000000000000 R14=0000000000000000 R15=0000000000000000
RIP=000000000040007c RFL=00000202 [-------] CPL=3 II=0 A20=1 SMM=0 HLT=0
ES =0000 0000000000000000 00000000 00201300
CS =001b 0000000000000000 ffffffff 00affa00 DPL=3 CS64 [-R-]
SS =0023 0000000000000000 ffffffff 008ff200 DPL=3 DS   [-W-]
DS =0000 0000000000000000 00000000 00201300
FS =0000 0000000000000000 00000000 00201300
GS =0000 0000000000000000 00000000 00201300
LDT=0000 0000000000000000 0000ffff 00008200 DPL=0 LDT
TR =0028 ffffffff80215100 00000068 00008900 DPL=0 TSS64-avl
GDT=     ffffffff802043d0 00000037
IDT=     ffffffff802151e0 00000fff
CR0=80000011 CR2=0000000000000000 CR3=0000000000206000 CR4=00000020
DR0=0000000000000000 DR1=0000000000000000 DR2=0000000000000000 DR3=0000000000000000 
DR6=00000000ffff0ff0 DR7=0000000000000400
CCS=0000000000000000 CCD=fffffffffffffff6 CCO=EFLAGS
EFER=0000000000000500
   512: v=20 e=0000 i=0 cpl=3 IP=001b:000000000040007c pc=000000000040007c SP=0023:00007fffffffffe8 env->regs[R_EAX]=ffffffff8021822d
RAX=ffffffff8021822d RBX=0000000000000000 RCX=0000000000000780 RDX=0000000000000008
RSI=00007ffffffffff0 RDI=ffffffff8021822d RBP=00007fffffffffe8 RSP=00007fffffffffe8
R8 =0000000000000000 R9 =0000000000000000 R10=0000000000000000 R11=0000000000000000
R12=0000000000000000 R13=0000000000000000 R14=0000000000000000 R15=0000000000000000
RIP=000000000040007c RFL=00000202 [-------] CPL=3 II=0 A20=1 SMM=0 HLT=0
ES =0000 0000000000000000 00000000 00201300
CS =001b 0000000000000000 ffffffff 00affa00 DPL=3 CS64 [-R-]
SS =0023 0000000000000000 ffffffff 008ff200 DPL=3 DS   [-W-]
DS =0000 0000000000000000 00000000 00201300
FS =0000 0000000000000000 00000000 00201300
GS =0000 0000000000000000 00000000 00201300
LDT=0000 0000000000000000 0000ffff 00008200 DPL=0 LDT
TR =0028 ffffffff80215100 00000068 00008900 DPL=0 TSS64-avl
GDT=     ffffffff802043d0 00000037
IDT=     ffffffff802151e0 00000fff
CR0=80000011 CR2=0000000000000000 CR3=0000000000206000 CR4=00000020
DR0=0000000000000000 DR1=0000000000000000 DR2=0000000000000000 DR3=0000000000000000 
DR6=00000000ffff0ff0 DR7=0000000000000400
CCS=0000000000000000 CCD=fffffffffffffff7 CCO=EFLAGS
EFER=0000000000000500
   513: v=20 e=0000 i=0 cpl=3 IP=001b:000000000040007c pc=000000000040007c SP=0023:00007fffffffffe8 env->regs[R_EAX]=ffffffff8021822d
RAX=ffffffff8021822d RBX=0000000000000000 RCX=0000000000000780 RDX=0000000000000008
RSI=00007ffffffffff0 RDI=ffffffff8021822d RBP=00007fffffffffe8 RSP=00007fffffffffe8
R8 =0000000000000000 R9 =0000000000000000 R10=0000000000000000 R11=0000000000000000
R12=0000000000000000 R13=0000000000000000 R14=0000000000000000 R15=0000000000000000
RIP=000000000040007c RFL=00000202 [-------] CPL=3 II=0 A20=1 SMM=0 HLT=0
ES =0000 0000000000000000 00000000 00201300
CS =001b 0000000000000000 ffffffff 00affa00 DPL=3 CS64 [-R-]
SS =0023 0000000000000000 ffffffff 008ff200 DPL=3 DS   [-W-]
DS =0000 0000000000000000 00000000 00201300
FS =0000 0000000000000000 00000000 00201300
GS =0000 0000000000000000 00000000 00201300
LDT=0000 0000000000000000 0000ffff 00008200 DPL=0 LDT
TR =0028 ffffffff80215100 00000068 00008900 DPL=0 TSS64-avl
GDT=     ffffffff802043d0 00000037
IDT=     ffffffff802151e0 00000fff
CR0=80000011 CR2=0000000000000000 CR3=0000000000206000 CR4=00000020
DR0=0000000000000000 DR1=0000000000000000 DR2=0000000000000000 DR3=0000000000000000 
DR6=00000000ffff0ff0 DR7=0000000000000400
CCS=0000000000000000 CCD=fffffffffffffff8 CCO=EFLAGS
EFER=0000000000000500
   514: v=20 e=0000 i=0 cpl=3 IP=001b:000000000040007c pc=000000000040007c SP=0023:00007fffffffffe8 env->regs[R_EAX]=ffffffff8021822d
RAX=ffffffff8021822d RBX=0000000000000000 RCX=0000000000000780 RDX=0000000000000008
RSI=00007ffffffffff0 RDI=ffffffff8021822d RBP=00007fffffffffe8 RSP=00007fffffffffe8
R8 =0000000000000000 R9 =0000000000000000 R10=0000000000000000 R11=0000000000000000
R12=0000000000000000 R13=0000000000000000 R14=0000000000000000 R15=0000000000000000
RIP=000000000040007c RFL=00000202 [-------] CPL=3 II=0 A20=1 SMM=0 HLT=0
ES =0000 0000000000000000 00000000 00201300
CS =001b 0000000000000000 ffffffff 00affa00 DPL=3 CS64 [-R-]
SS =0023 0000000000000000 ffffffff 008ff200 DPL=3 DS   [-W-]
DS =0000 0000000000000000 00000000 00201300
FS =0000 0000000000000000 00000000 00201300
GS =0000 0000000000000000 00000000 00201300
LDT=0000 0000000000000000 0000ffff 00008200 DPL=0 LDT
TR =0028 ffffffff80215100 00000068 00008900 DPL=0 TSS64-avl
GDT=     ffffffff802043d0 00000037
IDT=     ffffffff802151e0 00000fff
CR0=80000011 CR2=0000000000000000 CR3=0000000000206000 CR4=00000020
DR0=0000000000000000 DR1=0000000000000000 DR2=0000000000000000 DR3=0000000000000000 
DR6=00000000ffff0ff0 DR7=0000000000000400
CCS=0000000000000000 CCD=fffffffffffffff9 CCO=EFLAGS
EFER=0000000000000500
   515: v=20 e=0000 i=0 cpl=3 IP=001b:000000000040007c pc=000000000040007c SP=0023:00007fffffffffe8 env->regs[R_EAX]=ffffffff8021822d
RAX=ffffffff8021822d RBX=0000000000000000 RCX=0000000000000780 RDX=0000000000000008
RSI=00007ffffffffff0 RDI=ffffffff8021822d RBP=00007fffffffffe8 RSP=00007fffffffffe8
R8 =0000000000000000 R9 =0000000000000000 R10=0000000000000000 R11=0000000000000000
R12=0000000000000000 R13=0000000000000000 R14=0000000000000000 R15=0000000000000000
RIP=000000000040007c RFL=00000202 [-------] CPL=3 II=0 A20=1 SMM=0 HLT=0
ES =0000 0000000000000000 00000000 00201300
CS =001b 0000000000000000 ffffffff 00affa00 DPL=3 CS64 [-R-]
SS =0023 0000000000000000 ffffffff 008ff200 DPL=3 DS   [-W-]
DS =0000 0000000000000000 00000000 00201300
FS =0000 0000000000000000 00000000 00201300
GS =0000 0000000000000000 00000000 00201300
LDT=0000 0000000000000000 0000ffff 00008200 DPL=0 LDT
TR =0028 ffffffff80215100 00000068 00008900 DPL=0 TSS64-avl
GDT=     ffffffff802043d0 00000037
IDT=     ffffffff802151e0 00000fff
CR0=80000011 CR2=0000000000000000 CR3=0000000000206000 CR4=00000020
DR0=0000000000000000 DR1=0000000000000000 DR2=0000000000000000 DR3=0000000000000000 
DR6=00000000ffff0ff0 DR7=0000000000000400
CCS=0000000000000000 CCD=fffffffffffffffa CCO=EFLAGS
EFER=0000000000000500
   516: v=20 e=0000 i=0 cpl=3 IP=001b:000000000040007c pc=000000000040007c SP=0023:00007fffffffffe8 env->regs[R_EAX]=ffffffff8021822d
RAX=ffffffff8021822d RBX=0000000000000000 RCX=0000000000000780 RDX=0000000000000008
RSI=00007ffffffffff0 RDI=ffffffff8021822d RBP=00007fffffffffe8 RSP=00007fffffffffe8
R8 =0000000000000000 R9 =0000000000000000 R10=0000000000000000 R11=0000000000000000
R12=0000000000000000 R13=0000000000000000 R14=0000000000000000 R15=0000000000000000
RIP=000000000040007c RFL=00000202 [-------] CPL=3 II=0 A20=1 SMM=0 HLT=0
ES =0000 0000000000000000 00000000 00201300
CS =001b 0000000000000000 ffffffff 00affa00 DPL=3 CS64 [-R-]
SS =0023 0000000000000000 ffffffff 008ff200 DPL=3 DS   [-W-]
DS =0000 0000000000000000 00000000 00201300
FS =0000 0000000000000000 00000000 00201300
GS =0000 0000000000000000 00000000 00201300
LDT=0000 0000000000000000 0000ffff 00008200 DPL=0 LDT
TR =0028 ffffffff80215100 00000068 00008900 DPL=0 TSS64-avl
GDT=     ffffffff802043d0 00000037
IDT=     ffffffff802151e0 00000fff
CR0=80000011 CR2=0000000000000000 CR3=0000000000206000 CR4=00000020
DR0=0000000000000000 DR1=0000000000000000 DR2=0000000000000000 DR3=0000000000000000 
DR6=00000000ffff0ff0 DR7=0000000000000400
CCS=0000000000000000 CCD=fffffffffffffffb CCO=EFLAGS
EFER=0000000000000500
   517: v=20 e=0000 i=0 cpl=3 IP=001b:000000000040007c pc=000000000040007c SP=0023:00007fffffffffe8 env->regs[R_EAX]=ffffffff8021822d
RAX=ffffffff8021822d RBX=0000000000000000 RCX=0000000000000780 RDX=0000000000000008
RSI=00007ffffffffff0 RDI=ffffffff8021822d RBP=00007fffffffffe8 RSP=00007fffffffffe8
R8 =0000000000000000 R9 =0000000000000000 R10=0000000000000000 R11=0000000000000000
R12=0000000000000000 R13=0000000000000000 R14=0000000000000000 R15=0000000000000000
RIP=000000000040007c RFL=00000202 [-------] CPL=3 II=0 A20=1 SMM=0 HLT=0
ES =0000 0000000000000000 00000000 00201300
CS =001b 0000000000000000 ffffffff 00affa00 DPL=3 CS64 [-R-]
SS =0023 0000000000000000 ffffffff 008ff200 DPL=3 DS   [-W-]
DS =0000 0000000000000000 00000000 00201300
FS =0000 0000000000000000 00000000 00201300
GS =0000 0000000000000000 00000000 00201300
LDT=0000 0000000000000000 0000ffff 00008200 DPL=0 LDT
TR =0028 ffffffff80215100 00000068 00008900 DPL=0 TSS64-avl
GDT=     ffffffff802043d0 00000037
IDT=     ffffffff802151e0 00000fff
CR0=80000011 CR2=0000000000000000 CR3=0000000000206000 CR4=00000020
DR0=0000000000000000 DR1=0000000000000000 DR2=0000000000000000 DR3=0000000000000000 
DR6=00000000ffff0ff0 DR7=0000000000000400
CCS=0000000000000000 CCD=fffffffffffffffc CCO=EFLAGS
EFER=0000000000000500
   518: v=20 e=0000 i=0 cpl=3 IP=001b:000000000040007c pc=000000000040007c SP=0023:00007fffffffffe8 env->regs[R_EAX]=ffffffff8021822d
RAX=ffffffff8021822d RBX=0000000000000000 RCX=0000000000000780 RDX=0000000000000008
RSI=00007ffffffffff0 RDI=ffffffff8021822d RBP=00007fffffffffe8 RSP=00007fffffffffe8
R8 =0000000000000000 R9 =0000000000000000 R10=0000000000000000 R11=0000000000000000
R12=0000000000000000 R13=0000000000000000 R14=0000000000000000 R15=0000000000000000
RIP=000000000040007c RFL=00000202 [-------] CPL=3 II=0 A20=1 SMM=0 HLT=0
ES =0000 0000000000000000 00000000 00201300
CS =001b 0000000000000000 ffffffff 00affa00 DPL=3 CS64 [-R-]
SS =0023 0000000000000000 ffffffff 008ff200 DPL=3 DS   [-W-]
DS =0000 0000000000000000 00000000 00201300
FS =0000 0000000000000000 00000000 00201300
GS =0000 0000000000000000 00000000 00201300
LDT=0000 0000000000000000 0000ffff 00008200 DPL=0 LDT
TR =0028 ffffffff80215100 00000068 00008900 DPL=0 TSS64-avl
GDT=     ffffffff802043d0 00000037
IDT=     ffffffff802151e0 00000fff
CR0=80000011 CR2=0000000000000000 CR3=0000000000206000 CR4=00000020
DR0=0000000000000000 DR1=0000000000000000 DR2=0000000000000000 DR3=0000000000000000 
DR6=00000000ffff0ff0 DR7=0000000000000400
CCS=0000000000000000 CCD=fffffffffffffffd CCO=EFLAGS
EFER=0000000000000500
   519: v=20 e=0000 i=0 cpl=3 IP=001b:000000000040007c pc=000000000040007c SP=0023:00007fffffffffe8 env->regs[R_EAX]=ffffffff8021822d
RAX=ffffffff8021822d RBX=0000000000000000 RCX=0000000000000780 RDX=0000000000000008
RSI=00007ffffffffff0 RDI=ffffffff8021822d RBP=00007fffffffffe8 RSP=00007fffffffffe8
R8 =0000000000000000 R9 =0000000000000000 R10=0000000000000000 R11=0000000000000000
R12=0000000000000000 R13=0000000000000000 R14=0000000000000000 R15=0000000000000000
RIP=000000000040007c RFL=00000202 [-------] CPL=3 II=0 A20=1 SMM=0 HLT=0
ES =0000 0000000000000000 00000000 00201300
CS =001b 0000000000000000 ffffffff 00affa00 DPL=3 CS64 [-R-]
SS =0023 0000000000000000 ffffffff 008ff200 DPL=3 DS   [-W-]
DS =0000 0000000000000000 00000000 00201300
FS =0000 0000000000000000 00000000 00201300
GS =0000 0000000000000000 00000000 00201300
LDT=0000 0000000000000000 0000ffff 00008200 DPL=0 LDT
TR =0028 ffffffff80215100 00000068 00008900 DPL=0 TSS64-avl
GDT=     ffffffff802043d0 00000037
IDT=     ffffffff802151e0 00000fff
CR0=80000011 CR2=0000000000000000 CR3=0000000000206000 CR4=00000020
DR0=0000000000000000 DR1=0000000000000000 DR2=0000000000000000 DR3=0000000000000000 
DR6=00000000ffff0ff0 DR7=0000000000000400
CCS=0000000000000000 CCD=fffffffffffffffe CCO=EFLAGS
EFER=0000000000000500
   520: v=20 e=0000 i=0 cpl=3 IP=001b:000000000040007c pc=000000000040007c SP=0023:00007fffffffffe8 env->regs[R_EAX]=ffffffff8021822d
RAX=ffffffff8021822d RBX=0000000000000000 RCX=0000000000000780 RDX=0000000000000008
RSI=00007ffffffffff0 RDI=ffffffff8021822d RBP=00007fffffffffe8 RSP=00007fffffffffe8
R8 =0000000000000000 R9 =0000000000000000 R10=0000000000000000 R11=0000000000000000
R12=0000000000000000 R13=0000000000000000 R14=0000000000000000 R15=0000000000000000
RIP=000000000040007c RFL=00000202 [-------] CPL=3 II=0 A20=1 SMM=0 HLT=0
ES =0000 0000000000000000 00000000 00201300
CS =001b 0000000000000000 ffffffff 00affa00 DPL=3 CS64 [-R-]
SS =0023 0000000000000000 ffffffff 008ff200 DPL=3 DS   [-W-]
DS =0000 0000000000000000 00000000 00201300
FS =0000 0000000000000000 00000000 00201300
GS =0000 0000000000000000 00000000 00201300
LDT=0000 0000000000000000 0000ffff 00008200 DPL=0 LDT
TR =0028 ffffffff80215100 00000068 00008900 DPL=0 TSS64-avl
GDT=     ffffffff802043d0 00000037
IDT=     ffffffff802151e0 00000fff
CR0=80000011 CR2=0000000000000000 CR3=0000000000206000 CR4=00000020
DR0=0000000000000000 DR1=0000000000000000 DR2=0000000000000000 DR3=0000000000000000 
DR6=00000000ffff0ff0 DR7=0000000000000400
CCS=0000000000000000 CCD=ffffffffffffffff CCO=EFLAGS
EFER=0000000000000500
   521: v=20 e=0000 i=0 cpl=3 IP=001b:000000000040007c pc=000000000040007c SP=0023:00007fffffffffe8 env->regs[R_EAX]=ffffffff8021822d
RAX=ffffffff8021822d RBX=0000000000000000 RCX=0000000000000780 RDX=0000000000000008
RSI=00007ffffffffff0 RDI=ffffffff8021822d RBP=00007fffffffffe8 RSP=00007fffffffffe8
R8 =0000000000000000 R9 =0000000000000000 R10=0000000000000000 R11=0000000000000000
R12=0000000000000000 R13=0000000000000000 R14=0000000000000000 R15=0000000000000000
RIP=000000000040007c RFL=00000202 [-------] CPL=3 II=0 A20=1 SMM=0 HLT=0
ES =0000 0000000000000000 00000000 00201300
CS =001b 0000000000000000 ffffffff 00affa00 DPL=3 CS64 [-R-]
SS =0023 0000000000000000 ffffffff 008ff200 DPL=3 DS   [-W-]
DS =0000 0000000000000000 00000000 00201300
FS =0000 0000000000000000 00000000 00201300
GS =0000 0000000000000000 00000000 00201300
LDT=0000 0000000000000000 0000ffff 00008200 DPL=0 LDT
TR =0028 ffffffff80215100 00000068 00008900 DPL=0 TSS64-avl
GDT=     ffffffff802043d0 00000037
IDT=     ffffffff802151e0 00000fff
CR0=80000011 CR2=0000000000000000 CR3=0000000000206000 CR4=00000020
DR0=0000000000000000 DR1=0000000000000000 DR2=0000000000000000 DR3=0000000000000000 
DR6=00000000ffff0ff0 DR7=0000000000000400
CCS=0000000000000000 CCD=0000000000000000 CCO=EFLAGS
EFER=0000000000000500
   522: v=20 e=0000 i=0 cpl=0 IP=0008:ffffffff802000a9 pc=ffffffff802000a9 SP=0010:ffffffff80219370 env->regs[R_EAX]=0000000000000000
RAX=0000000000000000 RBX=000002d000000000 RCX=0000000000000780 RDX=000000000000001a
RSI=0000030000000000 RDI=0000000000000018 RBP=ffffffff80219370 RSP=ffffffff80219370
R8 =0000032000000000 R9 =0000033000000000 R10=0000034000000000 R11=0000035000000000
R12=0000036000000000 R13=0000037000000000 R14=0000038000000000 R15=0000039000000000
RIP=ffffffff802000a9 RFL=00000246 [---Z-P-] CPL=0 II=0 A20=1 SMM=0 HLT=0
ES =0000 0000000000000000 00000000 00201300
CS =0008 0000000000000000 00000000 00209800 DPL=0 CS64 [---]
SS =0010 0000000000000000 00000000 00209300 DPL=0 DS   [-WA]
DS =0000 0000000000000000 00000000 00201300
FS =0000 0000000000000000 00000000 00201300
GS =0000 0000000000000000 00000000 00201300
LDT=0000 0000000000000000 0000ffff 00008200 DPL=0 LDT
TR =0028 ffffffff80215100 00000068 00008900 DPL=0 TSS64-avl
GDT=     ffffffff802043d0 00000037
IDT=     ffffffff802151e0 00000fff
CR0=80000011 CR2=0000000000000000 CR3=0000000000206000 CR4=00000020
DR0=0000000000000000 DR1=0000000000000000 DR2=0000000000000000 DR3=0000000000000000 
DR6=00000000ffff0ff0 DR7=0000000000000400
CCS=0000000000000044 CCD=000000000000001d CCO=EFLAGS
EFER=0000000000000500
   523: v=20 e=0000 i=0 cpl=0 IP=0008:ffffffff802000a9 pc=ffffffff802000a9 SP=0010:ffffffff80219370 env->regs[R_EAX]=0000000000000000
RAX=0000000000000000 RBX=000002d000000000 RCX=0000000000000780 RDX=000000000000001a
RSI=0000030000000000 RDI=0000000000000018 RBP=ffffffff80219370 RSP=ffffffff80219370
R8 =0000032000000000 R9 =0000033000000000 R10=0000034000000000 R11=0000035000000000
R12=0000036000000000 R13=0000037000000000 R14=0000038000000000 R15=0000039000000000
RIP=ffffffff802000a9 RFL=00000246 [---Z-P-] CPL=0 II=0 A20=1 SMM=0 HLT=0
ES =0000 0000000000000000 00000000 00201300
CS =0008 0000000000000000 00000000 00209800 DPL=0 CS64 [---]
SS =0010 0000000000000000 00000000 00209300 DPL=0 DS   [-WA]
DS =0000 0000000000000000 00000000 00201300
FS =0000 0000000000000000 00000000 00201300
GS =0000 0000000000000000 00000000 00201300
LDT=0000 0000000000000000 0000ffff 00008200 DPL=0 LDT
TR =0028 ffffffff80215100 00000068 00008900 DPL=0 TSS64-avl
GDT=     ffffffff802043d0 00000037
IDT=     ffffffff802151e0 00000fff
CR0=80000011 CR2=0000000000000000 CR3=0000000000206000 CR4=00000020
DR0=0000000000000000 DR1=0000000000000000 DR2=0000000000000000 DR3=0000000000000000 
DR6=00000000ffff0ff0 DR7=0000000000000400
CCS=0000000000000044 CCD=fffffffffffffff0 CCO=EFLAGS
EFER=0000000000000500
   524: v=20 e=0000 i=0 cpl=0 IP=0008:ffffffff802000a9 pc=ffffffff802000a9 SP=0010:ffffffff80219370 env->regs[R_EAX]=0000000000000000
RAX=0000000000000000 RBX=000002d000000000 RCX=0000000000000780 RDX=000000000000001a
RSI=0000030000000000 RDI=0000000000000018 RBP=ffffffff80219370 RSP=ffffffff80219370
R8 =0000032000000000 R9 =0000033000000000 R10=0000034000000000 R11=0000035000000000
R12=0000036000000000 R13=0000037000000000 R14=0000038000000000 R15=0000039000000000
RIP=ffffffff802000a9 RFL=00000246 [---Z-P-] CPL=0 II=0 A20=1 SMM=0 HLT=0
ES =0000 0000000000000000 00000000 00201300
CS =0008 0000000000000000 00000000 00209800 DPL=0 CS64 [---]
SS =0010 0000000000000000 00000000 00209300 DPL=0 DS   [-WA]
DS =0000 0000000000000000 00000000 00201300
FS =0000 0000000000000000 00000000 00201300
GS =0000 0000000000000000 00000000 00201300
LDT=0000 0000000000000000 0000ffff 00008200 DPL=0 LDT
TR =0028 ffffffff80215100 00000068 00008900 DPL=0 TSS64-avl
GDT=     ffffffff802043d0 00000037
IDT=     ffffffff802151e0 00000fff
CR0=80000011 CR2=0000000000000000 CR3=0000000000206000 CR4=00000020
DR0=0000000000000000 DR1=0000000000000000 DR2=0000000000000000 DR3=0000000000000000 
DR6=00000000ffff0ff0 DR7=0000000000000400
CCS=0000000000000044 CCD=fffffffffffffff1 CCO=EFLAGS
EFER=0000000000000500
   525: v=20 e=0000 i=0 cpl=0 IP=0008:ffffffff802000a9 pc=ffffffff802000a9 SP=0010:ffffffff80219370 env->regs[R_EAX]=0000000000000000
RAX=0000000000000000 RBX=000002d000000000 RCX=0000000000000780 RDX=000000000000001a
RSI=0000030000000000 RDI=0000000000000018 RBP=ffffffff80219370 RSP=ffffffff80219370
R8 =0000032000000000 R9 =0000033000000000 R10=0000034000000000 R11=0000035000000000
R12=0000036000000000 R13=0000037000000000 R14=0000038000000000 R15=0000039000000000
RIP=ffffffff802000a9 RFL=00000246 [---Z-P-] CPL=0 II=0 A20=1 SMM=0 HLT=0
ES =0000 0000000000000000 00000000 00201300
CS =0008 0000000000000000 00000000 00209800 DPL=0 CS64 [---]
SS =0010 0000000000000000 00000000 00209300 DPL=0 DS   [-WA]
DS =0000 0000000000000000 00000000 00201300
FS =0000 0000000000000000 00000000 00201300
GS =0000 0000000000000000 00000000 00201300
LDT=0000 0000000000000000 0000ffff 00008200 DPL=0 LDT
TR =0028 ffffffff80215100 00000068 00008900 DPL=0 TSS64-avl
GDT=     ffffffff802043d0 00000037
IDT=     ffffffff802151e0 00000fff
CR0=80000011 CR2=0000000000000000 CR3=0000000000206000 CR4=00000020
DR0=0000000000000000 DR1=0000000000000000 DR2=0000000000000000 DR3=0000000000000000 
DR6=00000000ffff0ff0 DR7=0000000000000400
CCS=0000000000000044 CCD=fffffffffffffff2 CCO=EFLAGS
EFER=0000000000000500
   526: v=20 e=0000 i=0 cpl=0 IP=0008:ffffffff802000a9 pc=ffffffff802000a9 SP=0010:ffffffff80219370 env->regs[R_EAX]=0000000000000000
RAX=0000000000000000 RBX=000002d000000000 RCX=0000000000000780 RDX=000000000000001a
RSI=0000030000000000 RDI=0000000000000018 RBP=ffffffff80219370 RSP=ffffffff80219370
R8 =0000032000000000 R9 =0000033000000000 R10=0000034000000000 R11=0000035000000000
R12=0000036000000000 R13=0000037000000000 R14=0000038000000000 R15=0000039000000000
RIP=ffffffff802000a9 RFL=00000246 [---Z-P-] CPL=0 II=0 A20=1 SMM=0 HLT=0
ES =0000 0000000000000000 00000000 00201300
CS =0008 0000000000000000 00000000 00209800 DPL=0 CS64 [---]
SS =0010 0000000000000000 00000000 00209300 DPL=0 DS   [-WA]
DS =0000 0000000000000000 00000000 00201300
FS =0000 0000000000000000 00000000 00201300
GS =0000 0000000000000000 00000000 00201300
LDT=0000 0000000000000000 0000ffff 00008200 DPL=0 LDT
TR =0028 ffffffff80215100 00000068 00008900 DPL=0 TSS64-avl
GDT=     ffffffff802043d0 00000037
IDT=     ffffffff802151e0 00000fff
CR0=80000011 CR2=0000000000000000 CR3=0000000000206000 CR4=00000020
DR0=0000000000000000 DR1=0000000000000000 DR2=0000000000000000 DR3=0000000000000000 
DR6=00000000ffff0ff0 DR7=0000000000000400
CCS=0000000000000044 CCD=fffffffffffffff3 CCO=EFLAGS
EFER=0000000000000500
   527: v=20 e=0000 i=0 cpl=0 IP=0008:ffffffff802000a9 pc=ffffffff802000a9 SP=0010:ffffffff80219370 env->regs[R_EAX]=0000000000000000
RAX=0000000000000000 RBX=000002d000000000 RCX=0000000000000780 RDX=000000000000001a
RSI=0000030000000000 RDI=0000000000000018 RBP=ffffffff80219370 RSP=ffffffff80219370
R8 =0000032000000000 R9 =0000033000000000 R10=0000034000000000 R11=0000035000000000
R12=0000036000000000 R13=0000037000000000 R14=0000038000000000 R15=0000039000000000
RIP=ffffffff802000a9 RFL=00000246 [---Z-P-] CPL=0 II=0 A20=1 SMM=0 HLT=0
ES =0000 0000000000000000 00000000 00201300
CS =0008 0000000000000000 00000000 00209800 DPL=0 CS64 [---]
SS =0010 0000000000000000 00000000 00209300 DPL=0 DS   [-WA]
DS =0000 0000000000000000 00000000 00201300
FS =0000 0000000000000000 00000000 00201300
GS =0000 0000000000000000 00000000 00201300
LDT=0000 0000000000000000 0000ffff 00008200 DPL=0 LDT
TR =0028 ffffffff80215100 00000068 00008900 DPL=0 TSS64-avl
GDT=     ffffffff802043d0 00000037
IDT=     ffffffff802151e0 00000fff
CR0=80000011 CR2=0000000000000000 CR3=0000000000206000 CR4=00000020
DR0=0000000000000000 DR1=0000000000000000 DR2=0000000000000000 DR3=0000000000000000 
DR6=00000000ffff0ff0 DR7=0000000000000400
CCS=0000000000000044 CCD=fffffffffffffff4 CCO=EFLAGS
EFER=0000000000000500
   528: v=20 e=0000 i=0 cpl=0 IP=0008:ffffffff802000a9 pc=ffffffff802000a9 SP=0010:ffffffff80219370 env->regs[R_EAX]=0000000000000000
RAX=0000000000000000 RBX=000002d000000000 RCX=0000000000000780 RDX=000000000000001a
RSI=0000030000000000 RDI=0000000000000018 RBP=ffffffff80219370 RSP=ffffffff80219370
R8 =0000032000000000 R9 =0000033000000000 R10=0000034000000000 R11=0000035000000000
R12=0000036000000000 R13=0000037000000000 R14=0000038000000000 R15=0000039000000000
RIP=ffffffff802000a9 RFL=00000246 [---Z-P-] CPL=0 II=0 A20=1 SMM=0 HLT=0
ES =0000 0000000000000000 00000000 00201300
CS =0008 0000000000000000 00000000 00209800 DPL=0 CS64 [---]
SS =0010 0000000000000000 00000000 00209300 DPL=0 DS   [-WA]
DS =0000 0000000000000000 00000000 00201300
FS =0000 0000000000000000 00000000 00201300
GS =0000 0000000000000000 00000000 00201300
LDT=0000 0000000000000000 0000ffff 00008200 DPL=0 LDT
TR =0028 ffffffff80215100 00000068 00008900 DPL=0 TSS64-avl
GDT=     ffffffff802043d0 00000037
IDT=     ffffffff802151e0 00000fff
CR0=80000011 CR2=0000000000000000 CR3=0000000000206000 CR4=00000020
DR0=0000000000000000 DR1=0000000000000000 DR2=0000000000000000 DR3=0000000000000000 
DR6=00000000ffff0ff0 DR7=0000000000000400
CCS=0000000000000044 CCD=fffffffffffffff5 CCO=EFLAGS
EFER=0000000000000500
   529: v=20 e=0000 i=0 cpl=0 IP=0008:ffffffff802000a9 pc=ffffffff802000a9 SP=0010:ffffffff80219370 env->regs[R_EAX]=0000000000000000
RAX=0000000000000000 RBX=000002d000000000 RCX=0000000000000780 RDX=000000000000001a
RSI=0000030000000000 RDI=0000000000000018 RBP=ffffffff80219370 RSP=ffffffff80219370
R8 =0000032000000000 R9 =0000033000000000 R10=0000034000000000 R11=0000035000000000
R12=0000036000000000 R13=0000037000000000 R14=0000038000000000 R15=0000039000000000
RIP=ffffffff802000a9 RFL=00000246 [---Z-P-] CPL=0 II=0 A20=1 SMM=0 HLT=0
ES =0000 0000000000000000 00000000 00201300
CS =0008 0000000000000000 00000000 00209800 DPL=0 CS64 [---]
SS =0010 0000000000000000 00000000 00209300 DPL=0 DS   [-WA]
DS =0000 0000000000000000 00000000 00201300
FS =0000 0000000000000000 00000000 00201300
GS =0000 0000000000000000 00000000 00201300
LDT=0000 0000000000000000 0000ffff 00008200 DPL=0 LDT
TR =0028 ffffffff80215100 00000068 00008900 DPL=0 TSS64-avl
GDT=     ffffffff802043d0 00000037
IDT=     ffffffff802151e0 00000fff
CR0=80000011 CR2=0000000000000000 CR3=0000000000206000 CR4=00000020
DR0=0000000000000000 DR1=0000000000000000 DR2=0000000000000000 DR3=0000000000000000 
DR6=00000000ffff0ff0 DR7=0000000000000400
CCS=0000000000000044 CCD=fffffffffffffff6 CCO=EFLAGS
EFER=0000000000000500
   530: v=20 e=0000 i=0 cpl=0 IP=0008:ffffffff802000a9 pc=ffffffff802000a9 SP=0010:ffffffff80219370 env->regs[R_EAX]=0000000000000000
RAX=0000000000000000 RBX=000002d000000000 RCX=0000000000000780 RDX=000000000000001a
RSI=0000030000000000 RDI=0000000000000018 RBP=ffffffff80219370 RSP=ffffffff80219370
R8 =0000032000000000 R9 =0000033000000000 R10=0000034000000000 R11=0000035000000000
R12=0000036000000000 R13=0000037000000000 R14=0000038000000000 R15=0000039000000000
RIP=ffffffff802000a9 RFL=00000246 [---Z-P-] CPL=0 II=0 A20=1 SMM=0 HLT=0
ES =0000 0000000000000000 00000000 00201300
CS =0008 0000000000000000 00000000 00209800 DPL=0 CS64 [---]
SS =0010 0000000000000000 00000000 00209300 DPL=0 DS   [-WA]
DS =0000 0000000000000000 00000000 00201300
FS =0000 0000000000000000 00000000 00201300
GS =0000 0000000000000000 00000000 00201300
LDT=0000 0000000000000000 0000ffff 00008200 DPL=0 LDT
TR =0028 ffffffff80215100 00000068 00008900 DPL=0 TSS64-avl
GDT=     ffffffff802043d0 00000037
IDT=     ffffffff802151e0 00000fff
CR0=80000011 CR2=0000000000000000 CR3=0000000000206000 CR4=00000020
DR0=0000000000000000 DR1=0000000000000000 DR2=0000000000000000 DR3=0000000000000000 
DR6=00000000ffff0ff0 DR7=0000000000000400
CCS=0000000000000044 CCD=fffffffffffffff7 CCO=EFLAGS
EFER=0000000000000500
   531: v=20 e=0000 i=0 cpl=0 IP=0008:ffffffff802000a9 pc=ffffffff802000a9 SP=0010:ffffffff80219370 env->regs[R_EAX]=0000000000000000
RAX=0000000000000000 RBX=000002d000000000 RCX=0000000000000780 RDX=000000000000001a
RSI=0000030000000000 RDI=0000000000000018 RBP=ffffffff80219370 RSP=ffffffff80219370
R8 =0000032000000000 R9 =0000033000000000 R10=0000034000000000 R11=0000035000000000
R12=0000036000000000 R13=0000037000000000 R14=0000038000000000 R15=0000039000000000
RIP=ffffffff802000a9 RFL=00000246 [---Z-P-] CPL=0 II=0 A20=1 SMM=0 HLT=0
ES =0000 0000000000000000 00000000 00201300
CS =0008 0000000000000000 00000000 00209800 DPL=0 CS64 [---]
SS =0010 0000000000000000 00000000 00209300 DPL=0 DS   [-WA]
DS =0000 0000000000000000 00000000 00201300
FS =0000 0000000000000000 00000000 00201300
GS =0000 0000000000000000 00000000 00201300
LDT=0000 0000000000000000 0000ffff 00008200 DPL=0 LDT
TR =0028 ffffffff80215100 00000068 00008900 DPL=0 TSS64-avl
GDT=     ffffffff802043d0 00000037
IDT=     ffffffff802151e0 00000fff
CR0=80000011 CR2=0000000000000000 CR3=0000000000206000 CR4=00000020
DR0=0000000000000000 DR1=0000000000000000 DR2=0000000000000000 DR3=0000000000000000 
DR6=00000000ffff0ff0 DR7=0000000000000400
CCS=0000000000000044 CCD=fffffffffffffff8 CCO=EFLAGS
EFER=0000000000000500
   532: v=20 e=0000 i=0 cpl=0 IP=0008:ffffffff802000a9 pc=ffffffff802000a9 SP=0010:ffffffff80219370 env->regs[R_EAX]=0000000000000000
RAX=0000000000000000 RBX=000002d000000000 RCX=0000000000000780 RDX=000000000000001a
RSI=0000030000000000 RDI=0000000000000018 RBP=ffffffff80219370 RSP=ffffffff80219370
R8 =0000032000000000 R9 =0000033000000000 R10=0000034000000000 R11=0000035000000000
R12=0000036000000000 R13=0000037000000000 R14=0000038000000000 R15=0000039000000000
RIP=ffffffff802000a9 RFL=00000246 [---Z-P-] CPL=0 II=0 A20=1 SMM=0 HLT=0
ES =0000 0000000000000000 00000000 00201300
CS =0008 0000000000000000 00000000 00209800 DPL=0 CS64 [---]
SS =0010 0000000000000000 00000000 00209300 DPL=0 DS   [-WA]
DS =0000 0000000000000000 00000000 00201300
FS =0000 0000000000000000 00000000 00201300
GS =0000 0000000000000000 00000000 00201300
LDT=0000 0000000000000000 0000ffff 00008200 DPL=0 LDT
TR =0028 ffffffff80215100 00000068 00008900 DPL=0 TSS64-avl
GDT=     ffffffff802043d0 00000037
IDT=     ffffffff802151e0 00000fff
CR0=80000011 CR2=0000000000000000 CR3=0000000000206000 CR4=00000020
DR0=0000000000000000 DR1=0000000000000000 DR2=0000000000000000 DR3=0000000000000000 
DR6=00000000ffff0ff0 DR7=0000000000000400
CCS=0000000000000044 CCD=fffffffffffffff9 CCO=EFLAGS
EFER=0000000000000500
   533: v=20 e=0000 i=0 cpl=0 IP=0008:ffffffff802000a9 pc=ffffffff802000a9 SP=0010:ffffffff80219370 env->regs[R_EAX]=0000000000000000
RAX=0000000000000000 RBX=000002d000000000 RCX=0000000000000780 RDX=000000000000001a
RSI=0000030000000000 RDI=0000000000000018 RBP=ffffffff80219370 RSP=ffffffff80219370
R8 =0000032000000000 R9 =0000033000000000 R10=0000034000000000 R11=0000035000000000
R12=0000036000000000 R13=0000037000000000 R14=0000038000000000 R15=0000039000000000
RIP=ffffffff802000a9 RFL=00000246 [---Z-P-] CPL=0 II=0 A20=1 SMM=0 HLT=0
ES =0000 0000000000000000 00000000 00201300
CS =0008 0000000000000000 00000000 00209800 DPL=0 CS64 [---]
SS =0010 0000000000000000 00000000 00209300 DPL=0 DS   [-WA]
DS =0000 0000000000000000 00000000 00201300
FS =0000 0000000000000000 00000000 00201300
GS =0000 0000000000000000 00000000 00201300
LDT=0000 0000000000000000 0000ffff 00008200 DPL=0 LDT
TR =0028 ffffffff80215100 00000068 00008900 DPL=0 TSS64-avl
GDT=     ffffffff802043d0 00000037
IDT=     ffffffff802151e0 00000fff
CR0=80000011 CR2=0000000000000000 CR3=0000000000206000 CR4=00000020
DR0=0000000000000000 DR1=0000000000000000 DR2=0000000000000000 DR3=0000000000000000 
DR6=00000000ffff0ff0 DR7=0000000000000400
CCS=0000000000000044 CCD=fffffffffffffffa CCO=EFLAGS
EFER=0000000000000500
   534: v=20 e=0000 i=0 cpl=0 IP=0008:ffffffff802000a9 pc=ffffffff802000a9 SP=0010:ffffffff80219370 env->regs[R_EAX]=0000000000000000
RAX=0000000000000000 RBX=000002d000000000 RCX=0000000000000780 RDX=000000000000001a
RSI=0000030000000000 RDI=0000000000000018 RBP=ffffffff80219370 RSP=ffffffff80219370
R8 =0000032000000000 R9 =0000033000000000 R10=0000034000000000 R11=0000035000000000
R12=0000036000000000 R13=0000037000000000 R14=0000038000000000 R15=0000039000000000
RIP=ffffffff802000a9 RFL=00000246 [---Z-P-] CPL=0 II=0 A20=1 SMM=0 HLT=0
ES =0000 0000000000000000 00000000 00201300
CS =0008 0000000000000000 00000000 00209800 DPL=0 CS64 [---]
SS =0010 0000000000000000 00000000 00209300 DPL=0 DS   [-WA]
DS =0000 0000000000000000 00000000 00201300
FS =0000 0000000000000000 00000000 00201300
GS =0000 0000000000000000 00000000 00201300
LDT=0000 0000000000000000 0000ffff 00008200 DPL=0 LDT
TR =0028 ffffffff80215100 00000068 00008900 DPL=0 TSS64-avl
GDT=     ffffffff802043d0 00000037
IDT=     ffffffff802151e0 00000fff
CR0=80000011 CR2=0000000000000000 CR3=0000000000206000 CR4=00000020
DR0=0000000000000000 DR1=0000000000000000 DR2=0000000000000000 DR3=0000000000000000 
DR6=00000000ffff0ff0 DR7=0000000000000400
CCS=0000000000000044 CCD=fffffffffffffffb CCO=EFLAGS
EFER=0000000000000500
   535: v=20 e=0000 i=0 cpl=0 IP=0008:ffffffff802000a9 pc=ffffffff802000a9 SP=0010:ffffffff80219370 env->regs[R_EAX]=0000000000000000
RAX=0000000000000000 RBX=000002d000000000 RCX=0000000000000780 RDX=000000000000001a
RSI=0000030000000000 RDI=0000000000000018 RBP=ffffffff80219370 RSP=ffffffff80219370
R8 =0000032000000000 R9 =0000033000000000 R10=0000034000000000 R11=0000035000000000
R12=0000036000000000 R13=0000037000000000 R14=0000038000000000 R15=0000039000000000
RIP=ffffffff802000a9 RFL=00000246 [---Z-P-] CPL=0 II=0 A20=1 SMM=0 HLT=0
ES =0000 0000000000000000 00000000 00201300
CS =0008 0000000000000000 00000000 00209800 DPL=0 CS64 [---]
SS =0010 0000000000000000 00000000 00209300 DPL=0 DS   [-WA]
DS =0000 0000000000000000 00000000 00201300
FS =0000 0000000000000000 00000000 00201300
GS =0000 0000000000000000 00000000 00201300
LDT=0000 0000000000000000 0000ffff 00008200 DPL=0 LDT
TR =0028 ffffffff80215100 00000068 00008900 DPL=0 TSS64-avl
GDT=     ffffffff802043d0 00000037
IDT=     ffffffff802151e0 00000fff
CR0=80000011 CR2=0000000000000000 CR3=0000000000206000 CR4=00000020
DR0=0000000000000000 DR1=0000000000000000 DR2=0000000000000000 DR3=0000000000000000 
DR6=00000000ffff0ff0 DR7=0000000000000400
CCS=0000000000000044 CCD=fffffffffffffffc CCO=EFLAGS
EFER=0000000000000500
   536: v=20 e=0000 i=0 cpl=0 IP=0008:ffffffff802000a9 pc=ffffffff802000a9 SP=0010:ffffffff80219370 env->regs[R_EAX]=0000000000000000
RAX=0000000000000000 RBX=000002d000000000 RCX=0000000000000780 RDX=000000000000001a
RSI=0000030000000000 RDI=0000000000000018 RBP=ffffffff80219370 RSP=ffffffff80219370
R8 =0000032000000000 R9 =0000033000000000 R10=0000034000000000 R11=0000035000000000
R12=0000036000000000 R13=0000037000000000 R14=0000038000000000 R15=0000039000000000
RIP=ffffffff802000a9 RFL=00000246 [---Z-P-] CPL=0 II=0 A20=1 SMM=0 HLT=0
ES =0000 0000000000000000 00000000 00201300
CS =0008 0000000000000000 00000000 00209800 DPL=0 CS64 [---]
SS =0010 0000000000000000 00000000 00209300 DPL=0 DS   [-WA]
DS =0000 0000000000000000 00000000 00201300
FS =0000 0000000000000000 00000000 00201300
GS =0000 0000000000000000 00000000 00201300
LDT=0000 0000000000000000 0000ffff 00008200 DPL=0 LDT
TR =0028 ffffffff80215100 00000068 00008900 DPL=0 TSS64-avl
GDT=     ffffffff802043d0 00000037
IDT=     ffffffff802151e0 00000fff
CR0=80000011 CR2=0000000000000000 CR3=0000000000206000 CR4=00000020
DR0=0000000000000000 DR1=0000000000000000 DR2=0000000000000000 DR3=0000000000000000 
DR6=00000000ffff0ff0 DR7=0000000000000400
CCS=0000000000000044 CCD=fffffffffffffffd CCO=EFLAGS
EFER=0000000000000500
   537: v=20 e=0000 i=0 cpl=0 IP=0008:ffffffff802000a9 pc=ffffffff802000a9 SP=0010:ffffffff80219370 env->regs[R_EAX]=0000000000000000
RAX=0000000000000000 RBX=000002d000000000 RCX=0000000000000780 RDX=000000000000001a
RSI=0000030000000000 RDI=0000000000000018 RBP=ffffffff80219370 RSP=ffffffff80219370
R8 =0000032000000000 R9 =0000033000000000 R10=0000034000000000 R11=0000035000000000
R12=0000036000000000 R13=0000037000000000 R14=0000038000000000 R15=0000039000000000
RIP=ffffffff802000a9 RFL=00000246 [---Z-P-] CPL=0 II=0 A20=1 SMM=0 HLT=0
ES =0000 0000000000000000 00000000 00201300
CS =0008 0000000000000000 00000000 00209800 DPL=0 CS64 [---]
SS =0010 0000000000000000 00000000 00209300 DPL=0 DS   [-WA]
DS =0000 0000000000000000 00000000 00201300
FS =0000 0000000000000000 00000000 00201300
GS =0000 0000000000000000 00000000 00201300
LDT=0000 0000000000000000 0000ffff 00008200 DPL=0 LDT
TR =0028 ffffffff80215100 00000068 00008900 DPL=0 TSS64-avl
GDT=     ffffffff802043d0 00000037
IDT=     ffffffff802151e0 00000fff
CR0=80000011 CR2=0000000000000000 CR3=0000000000206000 CR4=00000020
DR0=0000000000000000 DR1=0000000000000000 DR2=0000000000000000 DR3=0000000000000000 
DR6=00000000ffff0ff0 DR7=0000000000000400
CCS=0000000000000044 CCD=fffffffffffffffe CCO=EFLAGS
EFER=0000000000000500
   538: v=20 e=0000 i=0 cpl=0 IP=0008:ffffffff802000a9 pc=ffffffff802000a9 SP=0010:ffffffff80219370 env->regs[R_EAX]=0000000000000000
RAX=0000000000000000 RBX=000002d000000000 RCX=0000000000000780 RDX=000000000000001a
RSI=0000030000000000 RDI=0000000000000018 RBP=ffffffff80219370 RSP=ffffffff80219370
R8 =0000032000000000 R9 =0000033000000000 R10=0000034000000000 R11=0000035000000000
R12=0000036000000000 R13=0000037000000000 R14=0000038000000000 R15=0000039000000000
RIP=ffffffff802000a9 RFL=00000246 [---Z-P-] CPL=0 II=0 A20=1 SMM=0 HLT=0
ES =0000 0000000000000000 00000000 00201300
CS =0008 0000000000000000 00000000 00209800 DPL=0 CS64 [---]
SS =0010 0000000000000000 00000000 00209300 DPL=0 DS   [-WA]
DS =0000 0000000000000000 00000000 00201300
FS =0000 0000000000000000 00000000 00201300
GS =0000 0000000000000000 00000000 00201300
LDT=0000 0000000000000000 0000ffff 00008200 DPL=0 LDT
TR =0028 ffffffff80215100 00000068 00008900 DPL=0 TSS64-avl
GDT=     ffffffff802043d0 00000037
IDT=     ffffffff802151e0 00000fff
CR0=80000011 CR2=0000000000000000 CR3=0000000000206000 CR4=00000020
DR0=0000000000000000 DR1=0000000000000000 DR2=0000000000000000 DR3=0000000000000000 
DR6=00000000ffff0ff0 DR7=0000000000000400
CCS=0000000000000044 CCD=ffffffffffffffff CCO=EFLAGS
EFER=0000000000000500
   539: v=20 e=0000 i=0 cpl=0 IP=0008:ffffffff802000a9 pc=ffffffff802000a9 SP=0010:ffffffff80219370 env->regs[R_EAX]=0000000000000000
RAX=0000000000000000 RBX=000002d000000000 RCX=0000000000000780 RDX=000000000000001a
RSI=0000030000000000 RDI=0000000000000018 RBP=ffffffff80219370 RSP=ffffffff80219370
R8 =0000032000000000 R9 =0000033000000000 R10=0000034000000000 R11=0000035000000000
R12=0000036000000000 R13=0000037000000000 R14=0000038000000000 R15=0000039000000000
RIP=ffffffff802000a9 RFL=00000246 [---Z-P-] CPL=0 II=0 A20=1 SMM=0 HLT=0
ES =0000 0000000000000000 00000000 00201300
CS =0008 0000000000000000 00000000 00209800 DPL=0 CS64 [---]
SS =0010 0000000000000000 00000000 00209300 DPL=0 DS   [-WA]
DS =0000 0000000000000000 00000000 00201300
FS =0000 0000000000000000 00000000 00201300
GS =0000 0000000000000000 00000000 00201300
LDT=0000 0000000000000000 0000ffff 00008200 DPL=0 LDT
TR =0028 ffffffff80215100 00000068 00008900 DPL=0 TSS64-avl
GDT=     ffffffff802043d0 00000037
IDT=     ffffffff802151e0 00000fff
CR0=80000011 CR2=0000000000000000 CR3=0000000000206000 CR4=00000020
DR0=0000000000000000 DR1=0000000000000000 DR2=0000000000000000 DR3=0000000000000000 
DR6=00000000ffff0ff0 DR7=0000000000000400
CCS=0000000000000044 CCD=0000000000000000 CCO=EFLAGS
EFER=0000000000000500
   540: v=20 e=0000 i=0 cpl=3 IP=001b:000000000040007c pc=000000000040007c SP=0023:00007fffffffffe8 env->regs[R_EAX]=ffffffff8021822d
RAX=ffffffff8021822d RBX=0000000000000000 RCX=0000000000000780 RDX=0000000000000008
RSI=00007ffffffffff0 RDI=ffffffff8021822d RBP=00007fffffffffe8 RSP=00007fffffffffe8
R8 =0000000000000000 R9 =0000000000000000 R10=0000000000000000 R11=0000000000000000
R12=0000000000000000 R13=0000000000000000 R14=0000000000000000 R15=0000000000000000
RIP=000000000040007c RFL=00000202 [-------] CPL=3 II=0 A20=1 SMM=0 HLT=0
ES =0000 0000000000000000 00000000 00201300
CS =001b 0000000000000000 ffffffff 00affa00 DPL=3 CS64 [-R-]
SS =0023 0000000000000000 ffffffff 008ff200 DPL=3 DS   [-W-]
DS =0000 0000000000000000 00000000 00201300
FS =0000 0000000000000000 00000000 00201300
GS =0000 0000000000000000 00000000 00201300
LDT=0000 0000000000000000 0000ffff 00008200 DPL=0 LDT
TR =0028 ffffffff80215100 00000068 00008900 DPL=0 TSS64-avl
GDT=     ffffffff802043d0 00000037
IDT=     ffffffff802151e0 00000fff
CR0=80000011 CR2=0000000000000000 CR3=0000000000206000 CR4=00000020
DR0=0000000000000000 DR1=0000000000000000 DR2=0000000000000000 DR3=0000000000000000 
DR6=00000000ffff0ff0 DR7=0000000000000400
CCS=0000000000000000 CCD=000000000000001e CCO=EFLAGS
EFER=0000000000000500
   541: v=20 e=0000 i=0 cpl=3 IP=001b:000000000040007c pc=000000000040007c SP=0023:00007fffffffffe8 env->regs[R_EAX]=ffffffff8021822d
RAX=ffffffff8021822d RBX=0000000000000000 RCX=0000000000000780 RDX=0000000000000008
RSI=00007ffffffffff0 RDI=ffffffff8021822d RBP=00007fffffffffe8 RSP=00007fffffffffe8
R8 =0000000000000000 R9 =0000000000000000 R10=0000000000000000 R11=0000000000000000
R12=0000000000000000 R13=0000000000000000 R14=0000000000000000 R15=0000000000000000
RIP=000000000040007c RFL=00000202 [-------] CPL=3 II=0 A20=1 SMM=0 HLT=0
ES =0000 0000000000000000 00000000 00201300
CS =001b 0000000000000000 ffffffff 00affa00 DPL=3 CS64 [-R-]
SS =0023 0000000000000000 ffffffff 008ff200 DPL=3 DS   [-W-]
DS =0000 0000000000000000 00000000 00201300
FS =0000 0000000000000000 00000000 00201300
GS =0000 0000000000000000 00000000 00201300
LDT=0000 0000000000000000 0000ffff 00008200 DPL=0 LDT
TR =0028 ffffffff80215100 00000068 00008900 DPL=0 TSS64-avl
GDT=     ffffffff802043d0 00000037
IDT=     ffffffff802151e0 00000fff
CR0=80000011 CR2=0000000000000000 CR3=0000000000206000 CR4=00000020
DR0=0000000000000000 DR1=0000000000000000 DR2=0000000000000000 DR3=0000000000000000 
DR6=00000000ffff0ff0 DR7=0000000000000400
CCS=0000000000000000 CCD=fffffffffffffff0 CCO=EFLAGS
EFER=0000000000000500
   542: v=20 e=0000 i=0 cpl=3 IP=001b:000000000040007c pc=000000000040007c SP=0023:00007fffffffffe8 env->regs[R_EAX]=ffffffff8021822d
RAX=ffffffff8021822d RBX=0000000000000000 RCX=0000000000000780 RDX=0000000000000008
RSI=00007ffffffffff0 RDI=ffffffff8021822d RBP=00007fffffffffe8 RSP=00007fffffffffe8
R8 =0000000000000000 R9 =0000000000000000 R10=0000000000000000 R11=0000000000000000
R12=0000000000000000 R13=0000000000000000 R14=0000000000000000 R15=0000000000000000
RIP=000000000040007c RFL=00000202 [-------] CPL=3 II=0 A20=1 SMM=0 HLT=0
ES =0000 0000000000000000 00000000 00201300
CS =001b 0000000000000000 ffffffff 00affa00 DPL=3 CS64 [-R-]
SS =0023 0000000000000000 ffffffff 008ff200 DPL=3 DS   [-W-]
DS =0000 0000000000000000 00000000 00201300
FS =0000 0000000000000000 00000000 00201300
GS =0000 0000000000000000 00000000 00201300
LDT=0000 0000000000000000 0000ffff 00008200 DPL=0 LDT
TR =0028 ffffffff80215100 00000068 00008900 DPL=0 TSS64-avl
GDT=     ffffffff802043d0 00000037
IDT=     ffffffff802151e0 00000fff
CR0=80000011 CR2=0000000000000000 CR3=0000000000206000 CR4=00000020
DR0=0000000000000000 DR1=0000000000000000 DR2=0000000000000000 DR3=0000000000000000 
DR6=00000000ffff0ff0 DR7=0000000000000400
CCS=0000000000000000 CCD=fffffffffffffff1 CCO=EFLAGS
EFER=0000000000000500
   543: v=20 e=0000 i=0 cpl=3 IP=001b:000000000040007c pc=000000000040007c SP=0023:00007fffffffffe8 env->regs[R_EAX]=ffffffff8021822d
RAX=ffffffff8021822d RBX=0000000000000000 RCX=0000000000000780 RDX=0000000000000008
RSI=00007ffffffffff0 RDI=ffffffff8021822d RBP=00007fffffffffe8 RSP=00007fffffffffe8
R8 =0000000000000000 R9 =0000000000000000 R10=0000000000000000 R11=0000000000000000
R12=0000000000000000 R13=0000000000000000 R14=0000000000000000 R15=0000000000000000
RIP=000000000040007c RFL=00000202 [-------] CPL=3 II=0 A20=1 SMM=0 HLT=0
ES =0000 0000000000000000 00000000 00201300
CS =001b 0000000000000000 ffffffff 00affa00 DPL=3 CS64 [-R-]
SS =0023 0000000000000000 ffffffff 008ff200 DPL=3 DS   [-W-]
DS =0000 0000000000000000 00000000 00201300
FS =0000 0000000000000000 00000000 00201300
GS =0000 0000000000000000 00000000 00201300
LDT=0000 0000000000000000 0000ffff 00008200 DPL=0 LDT
TR =0028 ffffffff80215100 00000068 00008900 DPL=0 TSS64-avl
GDT=     ffffffff802043d0 00000037
IDT=     ffffffff802151e0 00000fff
CR0=80000011 CR2=0000000000000000 CR3=0000000000206000 CR4=00000020
DR0=0000000000000000 DR1=0000000000000000 DR2=0000000000000000 DR3=0000000000000000 
DR6=00000000ffff0ff0 DR7=0000000000000400
CCS=0000000000000000 CCD=fffffffffffffff2 CCO=EFLAGS
EFER=0000000000000500
   544: v=20 e=0000 i=0 cpl=3 IP=001b:000000000040007c pc=000000000040007c SP=0023:00007fffffffffe8 env->regs[R_EAX]=ffffffff8021822d
RAX=ffffffff8021822d RBX=0000000000000000 RCX=0000000000000780 RDX=0000000000000008
RSI=00007ffffffffff0 RDI=ffffffff8021822d RBP=00007fffffffffe8 RSP=00007fffffffffe8
R8 =0000000000000000 R9 =0000000000000000 R10=0000000000000000 R11=0000000000000000
R12=0000000000000000 R13=0000000000000000 R14=0000000000000000 R15=0000000000000000
RIP=000000000040007c RFL=00000202 [-------] CPL=3 II=0 A20=1 SMM=0 HLT=0
ES =0000 0000000000000000 00000000 00201300
CS =001b 0000000000000000 ffffffff 00affa00 DPL=3 CS64 [-R-]
SS =0023 0000000000000000 ffffffff 008ff200 DPL=3 DS   [-W-]
DS =0000 0000000000000000 00000000 00201300
FS =0000 0000000000000000 00000000 00201300
GS =0000 0000000000000000 00000000 00201300
LDT=0000 0000000000000000 0000ffff 00008200 DPL=0 LDT
TR =0028 ffffffff80215100 00000068 00008900 DPL=0 TSS64-avl
GDT=     ffffffff802043d0 00000037
IDT=     ffffffff802151e0 00000fff
CR0=80000011 CR2=0000000000000000 CR3=0000000000206000 CR4=00000020
DR0=0000000000000000 DR1=0000000000000000 DR2=0000000000000000 DR3=0000000000000000 
DR6=00000000ffff0ff0 DR7=0000000000000400
CCS=0000000000000000 CCD=fffffffffffffff3 CCO=EFLAGS
EFER=0000000000000500
   545: v=20 e=0000 i=0 cpl=3 IP=001b:000000000040007c pc=000000000040007c SP=0023:00007fffffffffe8 env->regs[R_EAX]=ffffffff8021822d
RAX=ffffffff8021822d RBX=0000000000000000 RCX=0000000000000780 RDX=0000000000000008
RSI=00007ffffffffff0 RDI=ffffffff8021822d RBP=00007fffffffffe8 RSP=00007fffffffffe8
R8 =0000000000000000 R9 =0000000000000000 R10=0000000000000000 R11=0000000000000000
R12=0000000000000000 R13=0000000000000000 R14=0000000000000000 R15=0000000000000000
RIP=000000000040007c RFL=00000202 [-------] CPL=3 II=0 A20=1 SMM=0 HLT=0
ES =0000 0000000000000000 00000000 00201300
CS =001b 0000000000000000 ffffffff 00affa00 DPL=3 CS64 [-R-]
SS =0023 0000000000000000 ffffffff 008ff200 DPL=3 DS   [-W-]
DS =0000 0000000000000000 00000000 00201300
FS =0000 0000000000000000 00000000 00201300
GS =0000 0000000000000000 00000000 00201300
LDT=0000 0000000000000000 0000ffff 00008200 DPL=0 LDT
TR =0028 ffffffff80215100 00000068 00008900 DPL=0 TSS64-avl
GDT=     ffffffff802043d0 00000037
IDT=     ffffffff802151e0 00000fff
CR0=80000011 CR2=0000000000000000 CR3=0000000000206000 CR4=00000020
DR0=0000000000000000 DR1=0000000000000000 DR2=0000000000000000 DR3=0000000000000000 
DR6=00000000ffff0ff0 DR7=0000000000000400
CCS=0000000000000000 CCD=fffffffffffffff4 CCO=EFLAGS
EFER=0000000000000500
   546: v=20 e=0000 i=0 cpl=3 IP=001b:000000000040007c pc=000000000040007c SP=0023:00007fffffffffe8 env->regs[R_EAX]=ffffffff8021822d
RAX=ffffffff8021822d RBX=0000000000000000 RCX=0000000000000780 RDX=0000000000000008
RSI=00007ffffffffff0 RDI=ffffffff8021822d RBP=00007fffffffffe8 RSP=00007fffffffffe8
R8 =0000000000000000 R9 =0000000000000000 R10=0000000000000000 R11=0000000000000000
R12=0000000000000000 R13=0000000000000000 R14=0000000000000000 R15=0000000000000000
RIP=000000000040007c RFL=00000202 [-------] CPL=3 II=0 A20=1 SMM=0 HLT=0
ES =0000 0000000000000000 00000000 00201300
CS =001b 0000000000000000 ffffffff 00affa00 DPL=3 CS64 [-R-]
SS =0023 0000000000000000 ffffffff 008ff200 DPL=3 DS   [-W-]
DS =0000 0000000000000000 00000000 00201300
FS =0000 0000000000000000 00000000 00201300
GS =0000 0000000000000000 00000000 00201300
LDT=0000 0000000000000000 0000ffff 00008200 DPL=0 LDT
TR =0028 ffffffff80215100 00000068 00008900 DPL=0 TSS64-avl
GDT=     ffffffff802043d0 00000037
IDT=     ffffffff802151e0 00000fff
CR0=80000011 CR2=0000000000000000 CR3=0000000000206000 CR4=00000020
DR0=0000000000000000 DR1=0000000000000000 DR2=0000000000000000 DR3=0000000000000000 
DR6=00000000ffff0ff0 DR7=0000000000000400
CCS=0000000000000000 CCD=fffffffffffffff5 CCO=EFLAGS
EFER=0000000000000500
   547: v=20 e=0000 i=0 cpl=3 IP=001b:000000000040007c pc=000000000040007c SP=0023:00007fffffffffe8 env->regs[R_EAX]=ffffffff8021822d
RAX=ffffffff8021822d RBX=0000000000000000 RCX=0000000000000780 RDX=0000000000000008
RSI=00007ffffffffff0 RDI=ffffffff8021822d RBP=00007fffffffffe8 RSP=00007fffffffffe8
R8 =0000000000000000 R9 =0000000000000000 R10=0000000000000000 R11=0000000000000000
R12=0000000000000000 R13=0000000000000000 R14=0000000000000000 R15=0000000000000000
RIP=000000000040007c RFL=00000202 [-------] CPL=3 II=0 A20=1 SMM=0 HLT=0
ES =0000 0000000000000000 00000000 00201300
CS =001b 0000000000000000 ffffffff 00affa00 DPL=3 CS64 [-R-]
SS =0023 0000000000000000 ffffffff 008ff200 DPL=3 DS   [-W-]
DS =0000 0000000000000000 00000000 00201300
FS =0000 0000000000000000 00000000 00201300
GS =0000 0000000000000000 00000000 00201300
LDT=0000 0000000000000000 0000ffff 00008200 DPL=0 LDT
TR =0028 ffffffff80215100 00000068 00008900 DPL=0 TSS64-avl
GDT=     ffffffff802043d0 00000037
IDT=     ffffffff802151e0 00000fff
CR0=80000011 CR2=0000000000000000 CR3=0000000000206000 CR4=00000020
DR0=0000000000000000 DR1=0000000000000000 DR2=0000000000000000 DR3=0000000000000000 
DR6=00000000ffff0ff0 DR7=0000000000000400
CCS=0000000000000000 CCD=fffffffffffffff6 CCO=EFLAGS
EFER=0000000000000500
   548: v=20 e=0000 i=0 cpl=3 IP=001b:000000000040007c pc=000000000040007c SP=0023:00007fffffffffe8 env->regs[R_EAX]=ffffffff8021822d
RAX=ffffffff8021822d RBX=0000000000000000 RCX=0000000000000780 RDX=0000000000000008
RSI=00007ffffffffff0 RDI=ffffffff8021822d RBP=00007fffffffffe8 RSP=00007fffffffffe8
R8 =0000000000000000 R9 =0000000000000000 R10=0000000000000000 R11=0000000000000000
R12=0000000000000000 R13=0000000000000000 R14=0000000000000000 R15=0000000000000000
RIP=000000000040007c RFL=00000202 [-------] CPL=3 II=0 A20=1 SMM=0 HLT=0
ES =0000 0000000000000000 00000000 00201300
CS =001b 0000000000000000 ffffffff 00affa00 DPL=3 CS64 [-R-]
SS =0023 0000000000000000 ffffffff 008ff200 DPL=3 DS   [-W-]
DS =0000 0000000000000000 00000000 00201300
FS =0000 0000000000000000 00000000 00201300
GS =0000 0000000000000000 00000000 00201300
LDT=0000 0000000000000000 0000ffff 00008200 DPL=0 LDT
TR =0028 ffffffff80215100 00000068 00008900 DPL=0 TSS64-avl
GDT=     ffffffff802043d0 00000037
IDT=     ffffffff802151e0 00000fff
CR0=80000011 CR2=0000000000000000 CR3=0000000000206000 CR4=00000020
DR0=0000000000000000 DR1=0000000000000000 DR2=0000000000000000 DR3=0000000000000000 
DR6=00000000ffff0ff0 DR7=0000000000000400
CCS=0000000000000000 CCD=fffffffffffffff7 CCO=EFLAGS
EFER=0000000000000500
   549: v=20 e=0000 i=0 cpl=3 IP=001b:000000000040007c pc=000000000040007c SP=0023:00007fffffffffe8 env->regs[R_EAX]=ffffffff8021822d
RAX=ffffffff8021822d RBX=0000000000000000 RCX=0000000000000780 RDX=0000000000000008
RSI=00007ffffffffff0 RDI=ffffffff8021822d RBP=00007fffffffffe8 RSP=00007fffffffffe8
R8 =0000000000000000 R9 =0000000000000000 R10=0000000000000000 R11=0000000000000000
R12=0000000000000000 R13=0000000000000000 R14=0000000000000000 R15=0000000000000000
RIP=000000000040007c RFL=00000202 [-------] CPL=3 II=0 A20=1 SMM=0 HLT=0
ES =0000 0000000000000000 00000000 00201300
CS =001b 0000000000000000 ffffffff 00affa00 DPL=3 CS64 [-R-]
SS =0023 0000000000000000 ffffffff 008ff200 DPL=3 DS   [-W-]
DS =0000 0000000000000000 00000000 00201300
FS =0000 0000000000000000 00000000 00201300
GS =0000 0000000000000000 00000000 00201300
LDT=0000 0000000000000000 0000ffff 00008200 DPL=0 LDT
TR =0028 ffffffff80215100 00000068 00008900 DPL=0 TSS64-avl
GDT=     ffffffff802043d0 00000037
IDT=     ffffffff802151e0 00000fff
CR0=80000011 CR2=0000000000000000 CR3=0000000000206000 CR4=00000020
DR0=0000000000000000 DR1=0000000000000000 DR2=0000000000000000 DR3=0000000000000000 
DR6=00000000ffff0ff0 DR7=0000000000000400
CCS=0000000000000000 CCD=fffffffffffffff8 CCO=EFLAGS
EFER=0000000000000500
   550: v=20 e=0000 i=0 cpl=3 IP=001b:000000000040007c pc=000000000040007c SP=0023:00007fffffffffe8 env->regs[R_EAX]=ffffffff8021822d
RAX=ffffffff8021822d RBX=0000000000000000 RCX=0000000000000780 RDX=0000000000000008
RSI=00007ffffffffff0 RDI=ffffffff8021822d RBP=00007fffffffffe8 RSP=00007fffffffffe8
R8 =0000000000000000 R9 =0000000000000000 R10=0000000000000000 R11=0000000000000000
R12=0000000000000000 R13=0000000000000000 R14=0000000000000000 R15=0000000000000000
RIP=000000000040007c RFL=00000202 [-------] CPL=3 II=0 A20=1 SMM=0 HLT=0
ES =0000 0000000000000000 00000000 00201300
CS =001b 0000000000000000 ffffffff 00affa00 DPL=3 CS64 [-R-]
SS =0023 0000000000000000 ffffffff 008ff200 DPL=3 DS   [-W-]
DS =0000 0000000000000000 00000000 00201300
FS =0000 0000000000000000 00000000 00201300
GS =0000 0000000000000000 00000000 00201300
LDT=0000 0000000000000000 0000ffff 00008200 DPL=0 LDT
TR =0028 ffffffff80215100 00000068 00008900 DPL=0 TSS64-avl
GDT=     ffffffff802043d0 00000037
IDT=     ffffffff802151e0 00000fff
CR0=80000011 CR2=0000000000000000 CR3=0000000000206000 CR4=00000020
DR0=0000000000000000 DR1=0000000000000000 DR2=0000000000000000 DR3=0000000000000000 
DR6=00000000ffff0ff0 DR7=0000000000000400
CCS=0000000000000000 CCD=fffffffffffffff9 CCO=EFLAGS
EFER=0000000000000500
   551: v=20 e=0000 i=0 cpl=3 IP=001b:000000000040007c pc=000000000040007c SP=0023:00007fffffffffe8 env->regs[R_EAX]=ffffffff8021822d
RAX=ffffffff8021822d RBX=0000000000000000 RCX=0000000000000780 RDX=0000000000000008
RSI=00007ffffffffff0 RDI=ffffffff8021822d RBP=00007fffffffffe8 RSP=00007fffffffffe8
R8 =0000000000000000 R9 =0000000000000000 R10=0000000000000000 R11=0000000000000000
R12=0000000000000000 R13=0000000000000000 R14=0000000000000000 R15=0000000000000000
RIP=000000000040007c RFL=00000202 [-------] CPL=3 II=0 A20=1 SMM=0 HLT=0
ES =0000 0000000000000000 00000000 00201300
CS =001b 0000000000000000 ffffffff 00affa00 DPL=3 CS64 [-R-]
SS =0023 0000000000000000 ffffffff 008ff200 DPL=3 DS   [-W-]
DS =0000 0000000000000000 00000000 00201300
FS =0000 0000000000000000 00000000 00201300
GS =0000 0000000000000000 00000000 00201300
LDT=0000 0000000000000000 0000ffff 00008200 DPL=0 LDT
TR =0028 ffffffff80215100 00000068 00008900 DPL=0 TSS64-avl
GDT=     ffffffff802043d0 00000037
IDT=     ffffffff802151e0 00000fff
CR0=80000011 CR2=0000000000000000 CR3=0000000000206000 CR4=00000020
DR0=0000000000000000 DR1=0000000000000000 DR2=0000000000000000 DR3=0000000000000000 
DR6=00000000ffff0ff0 DR7=0000000000000400
CCS=0000000000000000 CCD=fffffffffffffffa CCO=EFLAGS
EFER=0000000000000500
   552: v=20 e=0000 i=0 cpl=3 IP=001b:000000000040007c pc=000000000040007c SP=0023:00007fffffffffe8 env->regs[R_EAX]=ffffffff8021822d
RAX=ffffffff8021822d RBX=0000000000000000 RCX=0000000000000780 RDX=0000000000000008
RSI=00007ffffffffff0 RDI=ffffffff8021822d RBP=00007fffffffffe8 RSP=00007fffffffffe8
R8 =0000000000000000 R9 =0000000000000000 R10=0000000000000000 R11=0000000000000000
R12=0000000000000000 R13=0000000000000000 R14=0000000000000000 R15=0000000000000000
RIP=000000000040007c RFL=00000202 [-------] CPL=3 II=0 A20=1 SMM=0 HLT=0
ES =0000 0000000000000000 00000000 00201300
CS =001b 0000000000000000 ffffffff 00affa00 DPL=3 CS64 [-R-]
SS =0023 0000000000000000 ffffffff 008ff200 DPL=3 DS   [-W-]
DS =0000 0000000000000000 00000000 00201300
FS =0000 0000000000000000 00000000 00201300
GS =0000 0000000000000000 00000000 00201300
LDT=0000 0000000000000000 0000ffff 00008200 DPL=0 LDT
TR =0028 ffffffff80215100 00000068 00008900 DPL=0 TSS64-avl
GDT=     ffffffff802043d0 00000037
IDT=     ffffffff802151e0 00000fff
CR0=80000011 CR2=0000000000000000 CR3=0000000000206000 CR4=00000020
DR0=0000000000000000 DR1=0000000000000000 DR2=0000000000000000 DR3=0000000000000000 
DR6=00000000ffff0ff0 DR7=0000000000000400
CCS=0000000000000000 CCD=fffffffffffffffb CCO=EFLAGS
EFER=0000000000000500
   553: v=20 e=0000 i=0 cpl=3 IP=001b:000000000040007c pc=000000000040007c SP=0023:00007fffffffffe8 env->regs[R_EAX]=ffffffff8021822d
RAX=ffffffff8021822d RBX=0000000000000000 RCX=0000000000000780 RDX=0000000000000008
RSI=00007ffffffffff0 RDI=ffffffff8021822d RBP=00007fffffffffe8 RSP=00007fffffffffe8
R8 =0000000000000000 R9 =0000000000000000 R10=0000000000000000 R11=0000000000000000
R12=0000000000000000 R13=0000000000000000 R14=0000000000000000 R15=0000000000000000
RIP=000000000040007c RFL=00000202 [-------] CPL=3 II=0 A20=1 SMM=0 HLT=0
ES =0000 0000000000000000 00000000 00201300
CS =001b 0000000000000000 ffffffff 00affa00 DPL=3 CS64 [-R-]
SS =0023 0000000000000000 ffffffff 008ff200 DPL=3 DS   [-W-]
DS =0000 0000000000000000 00000000 00201300
FS =0000 0000000000000000 00000000 00201300
GS =0000 0000000000000000 00000000 00201300
LDT=0000 0000000000000000 0000ffff 00008200 DPL=0 LDT
TR =0028 ffffffff80215100 00000068 00008900 DPL=0 TSS64-avl
GDT=     ffffffff802043d0 00000037
IDT=     ffffffff802151e0 00000fff
CR0=80000011 CR2=0000000000000000 CR3=0000000000206000 CR4=00000020
DR0=0000000000000000 DR1=0000000000000000 DR2=0000000000000000 DR3=0000000000000000 
DR6=00000000ffff0ff0 DR7=0000000000000400
CCS=0000000000000000 CCD=fffffffffffffffc CCO=EFLAGS
EFER=0000000000000500
   554: v=20 e=0000 i=0 cpl=3 IP=001b:000000000040007c pc=000000000040007c SP=0023:00007fffffffffe8 env->regs[R_EAX]=ffffffff8021822d
RAX=ffffffff8021822d RBX=0000000000000000 RCX=0000000000000780 RDX=0000000000000008
RSI=00007ffffffffff0 RDI=ffffffff8021822d RBP=00007fffffffffe8 RSP=00007fffffffffe8
R8 =0000000000000000 R9 =0000000000000000 R10=0000000000000000 R11=0000000000000000
R12=0000000000000000 R13=0000000000000000 R14=0000000000000000 R15=0000000000000000
RIP=000000000040007c RFL=00000202 [-------] CPL=3 II=0 A20=1 SMM=0 HLT=0
ES =0000 0000000000000000 00000000 00201300
CS =001b 0000000000000000 ffffffff 00affa00 DPL=3 CS64 [-R-]
SS =0023 0000000000000000 ffffffff 008ff200 DPL=3 DS   [-W-]
DS =0000 0000000000000000 00000000 00201300
FS =0000 0000000000000000 00000000 00201300
GS =0000 0000000000000000 00000000 00201300
LDT=0000 0000000000000000 0000ffff 00008200 DPL=0 LDT
TR =0028 ffffffff80215100 00000068 00008900 DPL=0 TSS64-avl
GDT=     ffffffff802043d0 00000037
IDT=     ffffffff802151e0 00000fff
CR0=80000011 CR2=0000000000000000 CR3=0000000000206000 CR4=00000020
DR0=0000000000000000 DR1=0000000000000000 DR2=0000000000000000 DR3=0000000000000000 
DR6=00000000ffff0ff0 DR7=0000000000000400
CCS=0000000000000000 CCD=fffffffffffffffd CCO=EFLAGS
EFER=0000000000000500
   555: v=20 e=0000 i=0 cpl=3 IP=001b:000000000040007c pc=000000000040007c SP=0023:00007fffffffffe8 env->regs[R_EAX]=ffffffff8021822d
RAX=ffffffff8021822d RBX=0000000000000000 RCX=0000000000000780 RDX=0000000000000008
RSI=00007ffffffffff0 RDI=ffffffff8021822d RBP=00007fffffffffe8 RSP=00007fffffffffe8
R8 =0000000000000000 R9 =0000000000000000 R10=0000000000000000 R11=0000000000000000
R12=0000000000000000 R13=0000000000000000 R14=0000000000000000 R15=0000000000000000
RIP=000000000040007c RFL=00000202 [-------] CPL=3 II=0 A20=1 SMM=0 HLT=0
ES =0000 0000000000000000 00000000 00201300
CS =001b 0000000000000000 ffffffff 00affa00 DPL=3 CS64 [-R-]
SS =0023 0000000000000000 ffffffff 008ff200 DPL=3 DS   [-W-]
DS =0000 0000000000000000 00000000 00201300
FS =0000 0000000000000000 00000000 00201300
GS =0000 0000000000000000 00000000 00201300
LDT=0000 0000000000000000 0000ffff 00008200 DPL=0 LDT
TR =0028 ffffffff80215100 00000068 00008900 DPL=0 TSS64-avl
GDT=     ffffffff802043d0 00000037
IDT=     ffffffff802151e0 00000fff
CR0=80000011 CR2=0000000000000000 CR3=0000000000206000 CR4=00000020
DR0=0000000000000000 DR1=0000000000000000 DR2=0000000000000000 DR3=0000000000000000 
DR6=00000000ffff0ff0 DR7=0000000000000400
CCS=0000000000000000 CCD=fffffffffffffffe CCO=EFLAGS
EFER=0000000000000500
   556: v=20 e=0000 i=0 cpl=3 IP=001b:000000000040007c pc=000000000040007c SP=0023:00007fffffffffe8 env->regs[R_EAX]=ffffffff8021822d
RAX=ffffffff8021822d RBX=0000000000000000 RCX=0000000000000780 RDX=0000000000000008
RSI=00007ffffffffff0 RDI=ffffffff8021822d RBP=00007fffffffffe8 RSP=00007fffffffffe8
R8 =0000000000000000 R9 =0000000000000000 R10=0000000000000000 R11=0000000000000000
R12=0000000000000000 R13=0000000000000000 R14=0000000000000000 R15=0000000000000000
RIP=000000000040007c RFL=00000202 [-------] CPL=3 II=0 A20=1 SMM=0 HLT=0
ES =0000 0000000000000000 00000000 00201300
CS =001b 0000000000000000 ffffffff 00affa00 DPL=3 CS64 [-R-]
SS =0023 0000000000000000 ffffffff 008ff200 DPL=3 DS   [-W-]
DS =0000 0000000000000000 00000000 00201300
FS =0000 0000000000000000 00000000 00201300
GS =0000 0000000000000000 00000000 00201300
LDT=0000 0000000000000000 0000ffff 00008200 DPL=0 LDT
TR =0028 ffffffff80215100 00000068 00008900 DPL=0 TSS64-avl
GDT=     ffffffff802043d0 00000037
IDT=     ffffffff802151e0 00000fff
CR0=80000011 CR2=0000000000000000 CR3=0000000000206000 CR4=00000020
DR0=0000000000000000 DR1=0000000000000000 DR2=0000000000000000 DR3=0000000000000000 
DR6=00000000ffff0ff0 DR7=0000000000000400
CCS=0000000000000000 CCD=ffffffffffffffff CCO=EFLAGS
EFER=0000000000000500
   557: v=20 e=0000 i=0 cpl=3 IP=001b:000000000040007c pc=000000000040007c SP=0023:00007fffffffffe8 env->regs[R_EAX]=ffffffff8021822d
RAX=ffffffff8021822d RBX=0000000000000000 RCX=0000000000000780 RDX=0000000000000008
RSI=00007ffffffffff0 RDI=ffffffff8021822d RBP=00007fffffffffe8 RSP=00007fffffffffe8
R8 =0000000000000000 R9 =0000000000000000 R10=0000000000000000 R11=0000000000000000
R12=0000000000000000 R13=0000000000000000 R14=0000000000000000 R15=0000000000000000
RIP=000000000040007c RFL=00000202 [-------] CPL=3 II=0 A20=1 SMM=0 HLT=0
ES =0000 0000000000000000 00000000 00201300
CS =001b 0000000000000000 ffffffff 00affa00 DPL=3 CS64 [-R-]
SS =0023 0000000000000000 ffffffff 008ff200 DPL=3 DS   [-W-]
DS =0000 0000000000000000 00000000 00201300
FS =0000 0000000000000000 00000000 00201300
GS =0000 0000000000000000 00000000 00201300
LDT=0000 0000000000000000 0000ffff 00008200 DPL=0 LDT
TR =0028 ffffffff80215100 00000068 00008900 DPL=0 TSS64-avl
GDT=     ffffffff802043d0 00000037
IDT=     ffffffff802151e0 00000fff
CR0=80000011 CR2=0000000000000000 CR3=0000000000206000 CR4=00000020
DR0=0000000000000000 DR1=0000000000000000 DR2=0000000000000000 DR3=0000000000000000 
DR6=00000000ffff0ff0 DR7=0000000000000400
CCS=0000000000000000 CCD=0000000000000000 CCO=EFLAGS
EFER=0000000000000500
   558: v=20 e=0000 i=0 cpl=0 IP=0008:ffffffff802000a9 pc=ffffffff802000a9 SP=0010:ffffffff80219370 env->regs[R_EAX]=0000000000000000
RAX=0000000000000000 RBX=000002d000000000 RCX=0000000000000780 RDX=000000000000001a
RSI=0000030000000000 RDI=0000000000000018 RBP=ffffffff80219370 RSP=ffffffff80219370
R8 =0000032000000000 R9 =0000033000000000 R10=0000034000000000 R11=0000035000000000
R12=0000036000000000 R13=0000037000000000 R14=0000038000000000 R15=0000039000000000
RIP=ffffffff802000a9 RFL=00000246 [---Z-P-] CPL=0 II=0 A20=1 SMM=0 HLT=0
ES =0000 0000000000000000 00000000 00201300
CS =0008 0000000000000000 00000000 00209800 DPL=0 CS64 [---]
SS =0010 0000000000000000 00000000 00209300 DPL=0 DS   [-WA]
DS =0000 0000000000000000 00000000 00201300
FS =0000 0000000000000000 00000000 00201300
GS =0000 0000000000000000 00000000 00201300
LDT=0000 0000000000000000 0000ffff 00008200 DPL=0 LDT
TR =0028 ffffffff80215100 00000068 00008900 DPL=0 TSS64-avl
GDT=     ffffffff802043d0 00000037
IDT=     ffffffff802151e0 00000fff
CR0=80000011 CR2=0000000000000000 CR3=0000000000206000 CR4=00000020
DR0=0000000000000000 DR1=0000000000000000 DR2=0000000000000000 DR3=0000000000000000 
DR6=00000000ffff0ff0 DR7=0000000000000400
CCS=0000000000000044 CCD=000000000000001f CCO=EFLAGS
EFER=0000000000000500
   559: v=20 e=0000 i=0 cpl=0 IP=0008:ffffffff802000a9 pc=ffffffff802000a9 SP=0010:ffffffff80219370 env->regs[R_EAX]=0000000000000000
RAX=0000000000000000 RBX=000002d000000000 RCX=0000000000000780 RDX=000000000000001a
RSI=0000030000000000 RDI=0000000000000018 RBP=ffffffff80219370 RSP=ffffffff80219370
R8 =0000032000000000 R9 =0000033000000000 R10=0000034000000000 R11=0000035000000000
R12=0000036000000000 R13=0000037000000000 R14=0000038000000000 R15=0000039000000000
RIP=ffffffff802000a9 RFL=00000246 [---Z-P-] CPL=0 II=0 A20=1 SMM=0 HLT=0
ES =0000 0000000000000000 00000000 00201300
CS =0008 0000000000000000 00000000 00209800 DPL=0 CS64 [---]
SS =0010 0000000000000000 00000000 00209300 DPL=0 DS   [-WA]
DS =0000 0000000000000000 00000000 00201300
FS =0000 0000000000000000 00000000 00201300
GS =0000 0000000000000000 00000000 00201300
LDT=0000 0000000000000000 0000ffff 00008200 DPL=0 LDT
TR =0028 ffffffff80215100 00000068 00008900 DPL=0 TSS64-avl
GDT=     ffffffff802043d0 00000037
IDT=     ffffffff802151e0 00000fff
CR0=80000011 CR2=0000000000000000 CR3=0000000000206000 CR4=00000020
DR0=0000000000000000 DR1=0000000000000000 DR2=0000000000000000 DR3=0000000000000000 
DR6=00000000ffff0ff0 DR7=0000000000000400
CCS=0000000000000044 CCD=fffffffffffffff0 CCO=EFLAGS
EFER=0000000000000500
   560: v=20 e=0000 i=0 cpl=0 IP=0008:ffffffff802000a9 pc=ffffffff802000a9 SP=0010:ffffffff80219370 env->regs[R_EAX]=0000000000000000
RAX=0000000000000000 RBX=000002d000000000 RCX=0000000000000780 RDX=000000000000001a
RSI=0000030000000000 RDI=0000000000000018 RBP=ffffffff80219370 RSP=ffffffff80219370
R8 =0000032000000000 R9 =0000033000000000 R10=0000034000000000 R11=0000035000000000
R12=0000036000000000 R13=0000037000000000 R14=0000038000000000 R15=0000039000000000
RIP=ffffffff802000a9 RFL=00000246 [---Z-P-] CPL=0 II=0 A20=1 SMM=0 HLT=0
ES =0000 0000000000000000 00000000 00201300
CS =0008 0000000000000000 00000000 00209800 DPL=0 CS64 [---]
SS =0010 0000000000000000 00000000 00209300 DPL=0 DS   [-WA]
DS =0000 0000000000000000 00000000 00201300
FS =0000 0000000000000000 00000000 00201300
GS =0000 0000000000000000 00000000 00201300
LDT=0000 0000000000000000 0000ffff 00008200 DPL=0 LDT
TR =0028 ffffffff80215100 00000068 00008900 DPL=0 TSS64-avl
GDT=     ffffffff802043d0 00000037
IDT=     ffffffff802151e0 00000fff
CR0=80000011 CR2=0000000000000000 CR3=0000000000206000 CR4=00000020
DR0=0000000000000000 DR1=0000000000000000 DR2=0000000000000000 DR3=0000000000000000 
DR6=00000000ffff0ff0 DR7=0000000000000400
CCS=0000000000000044 CCD=fffffffffffffff1 CCO=EFLAGS
EFER=0000000000000500
   561: v=20 e=0000 i=0 cpl=0 IP=0008:ffffffff802000a9 pc=ffffffff802000a9 SP=0010:ffffffff80219370 env->regs[R_EAX]=0000000000000000
RAX=0000000000000000 RBX=000002d000000000 RCX=0000000000000780 RDX=000000000000001a
RSI=0000030000000000 RDI=0000000000000018 RBP=ffffffff80219370 RSP=ffffffff80219370
R8 =0000032000000000 R9 =0000033000000000 R10=0000034000000000 R11=0000035000000000
R12=0000036000000000 R13=0000037000000000 R14=0000038000000000 R15=0000039000000000
RIP=ffffffff802000a9 RFL=00000246 [---Z-P-] CPL=0 II=0 A20=1 SMM=0 HLT=0
ES =0000 0000000000000000 00000000 00201300
CS =0008 0000000000000000 00000000 00209800 DPL=0 CS64 [---]
SS =0010 0000000000000000 00000000 00209300 DPL=0 DS   [-WA]
DS =0000 0000000000000000 00000000 00201300
FS =0000 0000000000000000 00000000 00201300
GS =0000 0000000000000000 00000000 00201300
LDT=0000 0000000000000000 0000ffff 00008200 DPL=0 LDT
TR =0028 ffffffff80215100 00000068 00008900 DPL=0 TSS64-avl
GDT=     ffffffff802043d0 00000037
IDT=     ffffffff802151e0 00000fff
CR0=80000011 CR2=0000000000000000 CR3=0000000000206000 CR4=00000020
DR0=0000000000000000 DR1=0000000000000000 DR2=0000000000000000 DR3=0000000000000000 
DR6=00000000ffff0ff0 DR7=0000000000000400
CCS=0000000000000044 CCD=fffffffffffffff2 CCO=EFLAGS
EFER=0000000000000500
   562: v=20 e=0000 i=0 cpl=0 IP=0008:ffffffff802000a9 pc=ffffffff802000a9 SP=0010:ffffffff80219370 env->regs[R_EAX]=0000000000000000
RAX=0000000000000000 RBX=000002d000000000 RCX=0000000000000780 RDX=000000000000001a
RSI=0000030000000000 RDI=0000000000000018 RBP=ffffffff80219370 RSP=ffffffff80219370
R8 =0000032000000000 R9 =0000033000000000 R10=0000034000000000 R11=0000035000000000
R12=0000036000000000 R13=0000037000000000 R14=0000038000000000 R15=0000039000000000
RIP=ffffffff802000a9 RFL=00000246 [---Z-P-] CPL=0 II=0 A20=1 SMM=0 HLT=0
ES =0000 0000000000000000 00000000 00201300
CS =0008 0000000000000000 00000000 00209800 DPL=0 CS64 [---]
SS =0010 0000000000000000 00000000 00209300 DPL=0 DS   [-WA]
DS =0000 0000000000000000 00000000 00201300
FS =0000 0000000000000000 00000000 00201300
GS =0000 0000000000000000 00000000 00201300
LDT=0000 0000000000000000 0000ffff 00008200 DPL=0 LDT
TR =0028 ffffffff80215100 00000068 00008900 DPL=0 TSS64-avl
GDT=     ffffffff802043d0 00000037
IDT=     ffffffff802151e0 00000fff
CR0=80000011 CR2=0000000000000000 CR3=0000000000206000 CR4=00000020
DR0=0000000000000000 DR1=0000000000000000 DR2=0000000000000000 DR3=0000000000000000 
DR6=00000000ffff0ff0 DR7=0000000000000400
CCS=0000000000000044 CCD=fffffffffffffff3 CCO=EFLAGS
EFER=0000000000000500
   563: v=20 e=0000 i=0 cpl=0 IP=0008:ffffffff802000a9 pc=ffffffff802000a9 SP=0010:ffffffff80219370 env->regs[R_EAX]=0000000000000000
RAX=0000000000000000 RBX=000002d000000000 RCX=0000000000000780 RDX=000000000000001a
RSI=0000030000000000 RDI=0000000000000018 RBP=ffffffff80219370 RSP=ffffffff80219370
R8 =0000032000000000 R9 =0000033000000000 R10=0000034000000000 R11=0000035000000000
R12=0000036000000000 R13=0000037000000000 R14=0000038000000000 R15=0000039000000000
RIP=ffffffff802000a9 RFL=00000246 [---Z-P-] CPL=0 II=0 A20=1 SMM=0 HLT=0
ES =0000 0000000000000000 00000000 00201300
CS =0008 0000000000000000 00000000 00209800 DPL=0 CS64 [---]
SS =0010 0000000000000000 00000000 00209300 DPL=0 DS   [-WA]
DS =0000 0000000000000000 00000000 00201300
FS =0000 0000000000000000 00000000 00201300
GS =0000 0000000000000000 00000000 00201300
LDT=0000 0000000000000000 0000ffff 00008200 DPL=0 LDT
TR =0028 ffffffff80215100 00000068 00008900 DPL=0 TSS64-avl
GDT=     ffffffff802043d0 00000037
IDT=     ffffffff802151e0 00000fff
CR0=80000011 CR2=0000000000000000 CR3=0000000000206000 CR4=00000020
DR0=0000000000000000 DR1=0000000000000000 DR2=0000000000000000 DR3=0000000000000000 
DR6=00000000ffff0ff0 DR7=0000000000000400
CCS=0000000000000044 CCD=fffffffffffffff4 CCO=EFLAGS
EFER=0000000000000500
   564: v=20 e=0000 i=0 cpl=0 IP=0008:ffffffff802000a9 pc=ffffffff802000a9 SP=0010:ffffffff80219370 env->regs[R_EAX]=0000000000000000
RAX=0000000000000000 RBX=000002d000000000 RCX=0000000000000780 RDX=000000000000001a
RSI=0000030000000000 RDI=0000000000000018 RBP=ffffffff80219370 RSP=ffffffff80219370
R8 =0000032000000000 R9 =0000033000000000 R10=0000034000000000 R11=0000035000000000
R12=0000036000000000 R13=0000037000000000 R14=0000038000000000 R15=0000039000000000
RIP=ffffffff802000a9 RFL=00000246 [---Z-P-] CPL=0 II=0 A20=1 SMM=0 HLT=0
ES =0000 0000000000000000 00000000 00201300
CS =0008 0000000000000000 00000000 00209800 DPL=0 CS64 [---]
SS =0010 0000000000000000 00000000 00209300 DPL=0 DS   [-WA]
DS =0000 0000000000000000 00000000 00201300
FS =0000 0000000000000000 00000000 00201300
GS =0000 0000000000000000 00000000 00201300
LDT=0000 0000000000000000 0000ffff 00008200 DPL=0 LDT
TR =0028 ffffffff80215100 00000068 00008900 DPL=0 TSS64-avl
GDT=     ffffffff802043d0 00000037
IDT=     ffffffff802151e0 00000fff
CR0=80000011 CR2=0000000000000000 CR3=0000000000206000 CR4=00000020
DR0=0000000000000000 DR1=0000000000000000 DR2=0000000000000000 DR3=0000000000000000 
DR6=00000000ffff0ff0 DR7=0000000000000400
CCS=0000000000000044 CCD=fffffffffffffff5 CCO=EFLAGS
EFER=0000000000000500
   565: v=20 e=0000 i=0 cpl=0 IP=0008:ffffffff802000a9 pc=ffffffff802000a9 SP=0010:ffffffff80219370 env->regs[R_EAX]=0000000000000000
RAX=0000000000000000 RBX=000002d000000000 RCX=0000000000000780 RDX=000000000000001a
RSI=0000030000000000 RDI=0000000000000018 RBP=ffffffff80219370 RSP=ffffffff80219370
R8 =0000032000000000 R9 =0000033000000000 R10=0000034000000000 R11=0000035000000000
R12=0000036000000000 R13=0000037000000000 R14=0000038000000000 R15=0000039000000000
RIP=ffffffff802000a9 RFL=00000246 [---Z-P-] CPL=0 II=0 A20=1 SMM=0 HLT=0
ES =0000 0000000000000000 00000000 00201300
CS =0008 0000000000000000 00000000 00209800 DPL=0 CS64 [---]
SS =0010 0000000000000000 00000000 00209300 DPL=0 DS   [-WA]
DS =0000 0000000000000000 00000000 00201300
FS =0000 0000000000000000 00000000 00201300
GS =0000 0000000000000000 00000000 00201300
LDT=0000 0000000000000000 0000ffff 00008200 DPL=0 LDT
TR =0028 ffffffff80215100 00000068 00008900 DPL=0 TSS64-avl
GDT=     ffffffff802043d0 00000037
IDT=     ffffffff802151e0 00000fff
CR0=80000011 CR2=0000000000000000 CR3=0000000000206000 CR4=00000020
DR0=0000000000000000 DR1=0000000000000000 DR2=0000000000000000 DR3=0000000000000000 
DR6=00000000ffff0ff0 DR7=0000000000000400
CCS=0000000000000044 CCD=fffffffffffffff6 CCO=EFLAGS
EFER=0000000000000500
   566: v=20 e=0000 i=0 cpl=0 IP=0008:ffffffff802000a9 pc=ffffffff802000a9 SP=0010:ffffffff80219370 env->regs[R_EAX]=0000000000000000
RAX=0000000000000000 RBX=000002d000000000 RCX=0000000000000780 RDX=000000000000001a
RSI=0000030000000000 RDI=0000000000000018 RBP=ffffffff80219370 RSP=ffffffff80219370
R8 =0000032000000000 R9 =0000033000000000 R10=0000034000000000 R11=0000035000000000
R12=0000036000000000 R13=0000037000000000 R14=0000038000000000 R15=0000039000000000
RIP=ffffffff802000a9 RFL=00000246 [---Z-P-] CPL=0 II=0 A20=1 SMM=0 HLT=0
ES =0000 0000000000000000 00000000 00201300
CS =0008 0000000000000000 00000000 00209800 DPL=0 CS64 [---]
SS =0010 0000000000000000 00000000 00209300 DPL=0 DS   [-WA]
DS =0000 0000000000000000 00000000 00201300
FS =0000 0000000000000000 00000000 00201300
GS =0000 0000000000000000 00000000 00201300
LDT=0000 0000000000000000 0000ffff 00008200 DPL=0 LDT
TR =0028 ffffffff80215100 00000068 00008900 DPL=0 TSS64-avl
GDT=     ffffffff802043d0 00000037
IDT=     ffffffff802151e0 00000fff
CR0=80000011 CR2=0000000000000000 CR3=0000000000206000 CR4=00000020
DR0=0000000000000000 DR1=0000000000000000 DR2=0000000000000000 DR3=0000000000000000 
DR6=00000000ffff0ff0 DR7=0000000000000400
CCS=0000000000000044 CCD=fffffffffffffff7 CCO=EFLAGS
EFER=0000000000000500
   567: v=20 e=0000 i=0 cpl=0 IP=0008:ffffffff802000a9 pc=ffffffff802000a9 SP=0010:ffffffff80219370 env->regs[R_EAX]=0000000000000000
RAX=0000000000000000 RBX=000002d000000000 RCX=0000000000000780 RDX=000000000000001a
RSI=0000030000000000 RDI=0000000000000018 RBP=ffffffff80219370 RSP=ffffffff80219370
R8 =0000032000000000 R9 =0000033000000000 R10=0000034000000000 R11=0000035000000000
R12=0000036000000000 R13=0000037000000000 R14=0000038000000000 R15=0000039000000000
RIP=ffffffff802000a9 RFL=00000246 [---Z-P-] CPL=0 II=0 A20=1 SMM=0 HLT=0
ES =0000 0000000000000000 00000000 00201300
CS =0008 0000000000000000 00000000 00209800 DPL=0 CS64 [---]
SS =0010 0000000000000000 00000000 00209300 DPL=0 DS   [-WA]
DS =0000 0000000000000000 00000000 00201300
FS =0000 0000000000000000 00000000 00201300
GS =0000 0000000000000000 00000000 00201300
LDT=0000 0000000000000000 0000ffff 00008200 DPL=0 LDT
TR =0028 ffffffff80215100 00000068 00008900 DPL=0 TSS64-avl
GDT=     ffffffff802043d0 00000037
IDT=     ffffffff802151e0 00000fff
CR0=80000011 CR2=0000000000000000 CR3=0000000000206000 CR4=00000020
DR0=0000000000000000 DR1=0000000000000000 DR2=0000000000000000 DR3=0000000000000000 
DR6=00000000ffff0ff0 DR7=0000000000000400
CCS=0000000000000044 CCD=fffffffffffffff8 CCO=EFLAGS
EFER=0000000000000500
   568: v=20 e=0000 i=0 cpl=0 IP=0008:ffffffff802000a9 pc=ffffffff802000a9 SP=0010:ffffffff80219370 env->regs[R_EAX]=0000000000000000
RAX=0000000000000000 RBX=000002d000000000 RCX=0000000000000780 RDX=000000000000001a
RSI=0000030000000000 RDI=0000000000000018 RBP=ffffffff80219370 RSP=ffffffff80219370
R8 =0000032000000000 R9 =0000033000000000 R10=0000034000000000 R11=0000035000000000
R12=0000036000000000 R13=0000037000000000 R14=0000038000000000 R15=0000039000000000
RIP=ffffffff802000a9 RFL=00000246 [---Z-P-] CPL=0 II=0 A20=1 SMM=0 HLT=0
ES =0000 0000000000000000 00000000 00201300
CS =0008 0000000000000000 00000000 00209800 DPL=0 CS64 [---]
SS =0010 0000000000000000 00000000 00209300 DPL=0 DS   [-WA]
DS =0000 0000000000000000 00000000 00201300
FS =0000 0000000000000000 00000000 00201300
GS =0000 0000000000000000 00000000 00201300
LDT=0000 0000000000000000 0000ffff 00008200 DPL=0 LDT
TR =0028 ffffffff80215100 00000068 00008900 DPL=0 TSS64-avl
GDT=     ffffffff802043d0 00000037
IDT=     ffffffff802151e0 00000fff
CR0=80000011 CR2=0000000000000000 CR3=0000000000206000 CR4=00000020
DR0=0000000000000000 DR1=0000000000000000 DR2=0000000000000000 DR3=0000000000000000 
DR6=00000000ffff0ff0 DR7=0000000000000400
CCS=0000000000000044 CCD=fffffffffffffff9 CCO=EFLAGS
EFER=0000000000000500
   569: v=20 e=0000 i=0 cpl=0 IP=0008:ffffffff802000a9 pc=ffffffff802000a9 SP=0010:ffffffff80219370 env->regs[R_EAX]=0000000000000000
RAX=0000000000000000 RBX=000002d000000000 RCX=0000000000000780 RDX=000000000000001a
RSI=0000030000000000 RDI=0000000000000018 RBP=ffffffff80219370 RSP=ffffffff80219370
R8 =0000032000000000 R9 =0000033000000000 R10=0000034000000000 R11=0000035000000000
R12=0000036000000000 R13=0000037000000000 R14=0000038000000000 R15=0000039000000000
RIP=ffffffff802000a9 RFL=00000246 [---Z-P-] CPL=0 II=0 A20=1 SMM=0 HLT=0
ES =0000 0000000000000000 00000000 00201300
CS =0008 0000000000000000 00000000 00209800 DPL=0 CS64 [---]
SS =0010 0000000000000000 00000000 00209300 DPL=0 DS   [-WA]
DS =0000 0000000000000000 00000000 00201300
FS =0000 0000000000000000 00000000 00201300
GS =0000 0000000000000000 00000000 00201300
LDT=0000 0000000000000000 0000ffff 00008200 DPL=0 LDT
TR =0028 ffffffff80215100 00000068 00008900 DPL=0 TSS64-avl
GDT=     ffffffff802043d0 00000037
IDT=     ffffffff802151e0 00000fff
CR0=80000011 CR2=0000000000000000 CR3=0000000000206000 CR4=00000020
DR0=0000000000000000 DR1=0000000000000000 DR2=0000000000000000 DR3=0000000000000000 
DR6=00000000ffff0ff0 DR7=0000000000000400
CCS=0000000000000044 CCD=fffffffffffffffa CCO=EFLAGS
EFER=0000000000000500
   570: v=20 e=0000 i=0 cpl=0 IP=0008:ffffffff802000a9 pc=ffffffff802000a9 SP=0010:ffffffff80219370 env->regs[R_EAX]=0000000000000000
RAX=0000000000000000 RBX=000002d000000000 RCX=0000000000000780 RDX=000000000000001a
RSI=0000030000000000 RDI=0000000000000018 RBP=ffffffff80219370 RSP=ffffffff80219370
R8 =0000032000000000 R9 =0000033000000000 R10=0000034000000000 R11=0000035000000000
R12=0000036000000000 R13=0000037000000000 R14=0000038000000000 R15=0000039000000000
RIP=ffffffff802000a9 RFL=00000246 [---Z-P-] CPL=0 II=0 A20=1 SMM=0 HLT=0
ES =0000 0000000000000000 00000000 00201300
CS =0008 0000000000000000 00000000 00209800 DPL=0 CS64 [---]
SS =0010 0000000000000000 00000000 00209300 DPL=0 DS   [-WA]
DS =0000 0000000000000000 00000000 00201300
FS =0000 0000000000000000 00000000 00201300
GS =0000 0000000000000000 00000000 00201300
LDT=0000 0000000000000000 0000ffff 00008200 DPL=0 LDT
TR =0028 ffffffff80215100 00000068 00008900 DPL=0 TSS64-avl
GDT=     ffffffff802043d0 00000037
IDT=     ffffffff802151e0 00000fff
CR0=80000011 CR2=0000000000000000 CR3=0000000000206000 CR4=00000020
DR0=0000000000000000 DR1=0000000000000000 DR2=0000000000000000 DR3=0000000000000000 
DR6=00000000ffff0ff0 DR7=0000000000000400
CCS=0000000000000044 CCD=fffffffffffffffb CCO=EFLAGS
EFER=0000000000000500
